#
# There is insufficient memory for the Java Runtime Environment to continue.
# Native memory allocation (malloc) failed to allocate 1039776 bytes. Error detail: Chunk::new
# Possible reasons:
#   The system is out of physical RAM or swap space
#   This process is running with CompressedOops enabled, and the Java Heap may be blocking the growth of the native heap
# Possible solutions:
#   Reduce memory load on the system
#   Increase physical memory or swap space
#   Check if swap backing store is full
#   Decrease Java heap size (-Xmx/-Xms)
#   Decrease number of Java threads
#   Decrease Java thread stack sizes (-Xss)
#   Set larger code cache with -XX:ReservedCodeCacheSize=
#   JVM is running with Zero Based Compressed Oops mode in which the Java heap is
#     placed in the first 32GB address space. The Java Heap base address is the
#     maximum limit for the native heap growth. Please use -XX:HeapBaseMinAddress
#     to set the Java Heap base and to place the Java Heap above 32GB virtual address.
# This output file may be truncated or incomplete.
#
#  Out of Memory Error (arena.cpp:168), pid=34044, tid=47388
#
# JRE version: OpenJDK Runtime Environment (21.0.9) (build 21.0.9+-14787801-b1163.94)
# Java VM: OpenJDK 64-Bit Server VM (21.0.9+-14787801-b1163.94, mixed mode, tiered, compressed oops, compressed class ptrs, parallel gc, windows-amd64)
# No core dump will be written. Minidumps are not enabled by default on client versions of Windows
#

---------------  S U M M A R Y ------------

Command Line: --add-opens=java.base/java.lang=ALL-UNNAMED --add-opens=java.base/java.lang.invoke=ALL-UNNAMED --add-opens=java.base/java.util=ALL-UNNAMED --add-opens=java.prefs/java.util.prefs=ALL-UNNAMED --add-exports=jdk.compiler/com.sun.tools.javac.api=ALL-UNNAMED --add-exports=jdk.compiler/com.sun.tools.javac.util=ALL-UNNAMED --add-opens=java.base/java.util=ALL-UNNAMED --add-opens=java.prefs/java.util.prefs=ALL-UNNAMED --add-opens=java.base/java.nio.charset=ALL-UNNAMED --add-opens=java.base/java.net=ALL-UNNAMED --add-opens=java.base/java.util.concurrent=ALL-UNNAMED --add-opens=java.base/java.util.concurrent.atomic=ALL-UNNAMED --add-opens=java.xml/javax.xml.namespace=ALL-UNNAMED --add-opens=java.base/java.time=ALL-UNNAMED -XX:+UseParallelGC -Xmx4G -Dfile.encoding=UTF-8 -Duser.country=US -Duser.language=en -Duser.variant -javaagent:C:\Users\userino\.gradle\wrapper\dists\gradle-9.2.1-bin\2t0n5ozlw9xmuyvbp7dnzaxug\gradle-9.2.1\lib\agents\gradle-instrumentation-agent-9.2.1.jar org.gradle.launcher.daemon.bootstrap.GradleDaemon 9.2.1

Host: AMD Ryzen 7 6800H with Radeon Graphics         , 16 cores, 15G,  Windows 11 , 64 bit Build 26100 (10.0.26100.7705)
Time: Mon Mar  9 23:58:18 2026 Romance Standard Time elapsed time: 1566.961087 seconds (0d 0h 26m 6s)

---------------  T H R E A D  ---------------

Current thread (0x000002892d48b2a0):  JavaThread "C2 CompilerThread0" daemon [_thread_in_native, id=47388, stack(0x0000008e0c800000,0x0000008e0c900000) (1024K)]


Current CompileTask:
C2:1566961 52621       4       com.mikepenz.aboutlibraries.plugin.BaseAboutLibrariesTask::configure (1085 bytes)

Stack: [0x0000008e0c800000,0x0000008e0c900000]
Native frames: (J=compiled Java code, j=interpreted, Vv=VM code, C=native code)
V  [jvm.dll+0x6d6c99]
V  [jvm.dll+0x866b83]
V  [jvm.dll+0x8691ae]
V  [jvm.dll+0x869893]
V  [jvm.dll+0x280776]
V  [jvm.dll+0xc07cd]
V  [jvm.dll+0xc0d03]
V  [jvm.dll+0x2f5a10]
V  [jvm.dll+0x5ff9a9]
V  [jvm.dll+0x252572]
V  [jvm.dll+0x25292f]
V  [jvm.dll+0x24b0d5]
V  [jvm.dll+0x24892e]
V  [jvm.dll+0x1c7344]
V  [jvm.dll+0x2581ae]
V  [jvm.dll+0x2566f6]
V  [jvm.dll+0x3f48a6]
V  [jvm.dll+0x80f118]
V  [jvm.dll+0x6d54ed]
C  [ucrtbase.dll+0x37b0]
C  [KERNEL32.DLL+0x2e8d7]
C  [ntdll.dll+0x8c40c]


---------------  P R O C E S S  ---------------

Threads class SMR info:
_java_thread_list=0x00000289443453a0, length=201, elements={
0x000002890d0b55a0, 0x000002892d434910, 0x000002892d459d60, 0x000002892d465fc0,
0x000002892d4a01b0, 0x000002892d4a0820, 0x000002892d4a1df0, 0x000002892d4a4860,
0x000002892d48b2a0, 0x000002892d4a4ed0, 0x000002892f3e8fe0, 0x0000028931ede910,
0x000002893202a240, 0x0000028930461270, 0x0000028931fae220, 0x0000028931fafc60,
0x0000028931fac7e0, 0x00000289322e6aa0, 0x00000289322e3620, 0x00000289322e5d80,
0x00000289322e7130, 0x00000289322e49d0, 0x00000289322e9890, 0x00000289322e77c0,
0x00000289322e7e50, 0x00000289322e9f20, 0x00000289322e84e0, 0x00000289322e8b70,
0x00000289322e9200, 0x00000289322ea5b0, 0x0000028932254040, 0x00000289322539b0,
0x00000289322546d0, 0x0000028932252c90, 0x0000028932254d60, 0x00000289322518e0,
0x00000289302ff010, 0x000002893028cb00, 0x00000289491a56b0, 0x000002895114fff0,
0x0000028951150680, 0x0000028957a45130, 0x0000028957a44aa0, 0x0000028957a457c0,
0x0000028937343750, 0x0000028937348610, 0x00000289511513a0, 0x000002894b1e2a40,
0x000002894b1e4480, 0x000002894b1e30d0, 0x000002894b1e1000, 0x000002894b1e3760,
0x000002894b1e3df0, 0x000002893412e0e0, 0x000002893412da50, 0x000002893412e770,
0x0000028933c97c70, 0x0000028933c947f0, 0x0000028933c94e80, 0x0000028933c96f50,
0x0000028933c95510, 0x0000028933c968c0, 0x0000028933c96230, 0x0000028933c975e0,
0x0000028933c95ba0, 0x0000028957fc1860, 0x0000028957fbea70, 0x0000028957fbf790,
0x0000028957fbfe20, 0x00000289467266a0, 0x00000289467280e0, 0x0000028946726d30,
0x0000028946728e00, 0x00000289467273c0, 0x0000028946727a50, 0x0000028946725980,
0x0000028946728770, 0x00000289574baa00, 0x00000289574bb090, 0x00000289574bb720,
0x00000289574b9ce0, 0x00000289574ba370, 0x00000289574bd160, 0x00000289574bbdb0,
0x00000289574bc440, 0x00000289574bcad0, 0x0000028957a63650, 0x0000028957a65db0,
0x0000028957a63ce0, 0x0000028957a62fc0, 0x0000028957a64370, 0x0000028957a66440,
0x0000028957a65720, 0x0000028957a65090, 0x0000028957a64a00, 0x000002894af07d60,
0x000002894af0b1e0, 0x000002894af0ab50, 0x000002894af09110, 0x000002894af083f0,
0x000002894af0a4c0, 0x000002894af08a80, 0x0000028957fc1ef0, 0x0000028957fc0b40,
0x0000028947203750, 0x0000028947204470, 0x0000028947202a30, 0x0000028947204b00,
0x00000289472030c0, 0x0000028947203de0, 0x0000028947205190, 0x0000028947205820,
0x00000289472023a0, 0x000002894376df10, 0x000002894376e5a0, 0x000002894376ec30,
0x000002894376d880, 0x0000028957a45e50, 0x0000028957a43060, 0x0000028957a43d80,
0x0000028957a44410, 0x000002893028d820, 0x00000289489bb0b0, 0x00000289489bb740,
0x00000289489bc460, 0x00000289302887f0, 0x0000028930287440, 0x00000289444ca6a0,
0x00000289444c85d0, 0x00000289444c8c60, 0x00000289444ca010, 0x00000289444cad30,
0x00000289444c92f0, 0x00000289444c9980, 0x00000289444c78b0, 0x0000028948dc1330,
0x0000028948dbff80, 0x0000028930211b10, 0x000002893455bf20, 0x000002893455b200,
0x0000028958153d40, 0x0000028958151c70, 0x0000028958152300, 0x0000028958152990,
0x0000028958153020, 0x00000289581536b0, 0x00000289581543d0, 0x0000028958150f50,
0x00000289581515e0, 0x0000028948a8c700, 0x0000028948a8b350, 0x0000028948a8d420,
0x0000028948a8b9e0, 0x0000028948a8e140, 0x0000028948a8c070, 0x0000028948a8dab0,
0x0000028948a8cd90, 0x0000028948a8acc0, 0x00000289471dc880, 0x00000289471dfd00,
0x00000289471dcf10, 0x00000289471ddc30, 0x00000289471dd5a0, 0x000002893020ad10,
0x000002893020b3a0, 0x000002893020cde0, 0x000002893020ba30, 0x000002893020db00,
0x000002893020e190, 0x000002893020c0c0, 0x000002894af097a0, 0x000002894af09e30,
0x0000028943095d50, 0x0000028943094310, 0x00000289430949a0, 0x0000028943095030,
0x00000289430956c0, 0x00000289430963e0, 0x0000028943092f60, 0x00000289430935f0,
0x0000028943093c80, 0x0000028943fdb330, 0x0000028943fdb9c0, 0x0000028943fdc050,
0x0000028943fd9260, 0x000002894b02cdb0, 0x00000289444c7f40, 0x000002893455b890,
0x000002893020c750, 0x0000028937adaff0, 0x0000028937ad9c40, 0x0000028937ad8890,
0x0000028937adbd10, 0x0000028937ad8f20, 0x0000028937ad95b0, 0x0000028937ada2d0,
0x0000028937ada960, 0x0000028937adb680, 0x00000289351b0d30, 0x0000028946b6c710,
0x0000028946b6d4b0
}

Java Threads: ( => current thread )
  0x000002890d0b55a0 JavaThread "main"                              [_thread_blocked, id=17112, stack(0x0000008e0bd00000,0x0000008e0be00000) (1024K)]
  0x000002892d434910 JavaThread "Common-Cleaner"             daemon [_thread_blocked, id=34296, stack(0x0000008e0c100000,0x0000008e0c200000) (1024K)]
  0x000002892d459d60 JavaThread "Reference Handler"          daemon [_thread_blocked, id=47336, stack(0x0000008e0c200000,0x0000008e0c300000) (1024K)]
  0x000002892d465fc0 JavaThread "Finalizer"                  daemon [_thread_blocked, id=38600, stack(0x0000008e0c300000,0x0000008e0c400000) (1024K)]
  0x000002892d4a01b0 JavaThread "Signal Dispatcher"          daemon [_thread_blocked, id=13352, stack(0x0000008e0c400000,0x0000008e0c500000) (1024K)]
  0x000002892d4a0820 JavaThread "Attach Listener"            daemon [_thread_blocked, id=46212, stack(0x0000008e0c500000,0x0000008e0c600000) (1024K)]
  0x000002892d4a1df0 JavaThread "Service Thread"             daemon [_thread_blocked, id=14188, stack(0x0000008e0c600000,0x0000008e0c700000) (1024K)]
  0x000002892d4a4860 JavaThread "Monitor Deflation Thread"   daemon [_thread_blocked, id=27680, stack(0x0000008e0c700000,0x0000008e0c800000) (1024K)]
=>0x000002892d48b2a0 JavaThread "C2 CompilerThread0"         daemon [_thread_in_native, id=47388, stack(0x0000008e0c800000,0x0000008e0c900000) (1024K)]
  0x000002892d4a4ed0 JavaThread "C1 CompilerThread0"         daemon [_thread_blocked, id=4900, stack(0x0000008e0c900000,0x0000008e0ca00000) (1024K)]
  0x000002892f3e8fe0 JavaThread "Notification Thread"        daemon [_thread_blocked, id=45500, stack(0x0000008e0cb00000,0x0000008e0cc00000) (1024K)]
  0x0000028931ede910 JavaThread "Daemon health stats"               [_thread_blocked, id=49524, stack(0x0000008e0cd00000,0x0000008e0ce00000) (1024K)]
  0x000002893202a240 JavaThread "Incoming local TCP Connector on port 63060"        [_thread_in_native, id=17684, stack(0x0000008e0d500000,0x0000008e0d600000) (1024K)]
  0x0000028930461270 JavaThread "Daemon periodic checks"            [_thread_blocked, id=46236, stack(0x0000008e0d600000,0x0000008e0d700000) (1024K)]
  0x0000028931fae220 JavaThread "Cache worker for journal cache (C:\Users\userino\.gradle\caches\journal-1)"        [_thread_blocked, id=35968, stack(0x0000008e0ce00000,0x0000008e0cf00000) (1024K)]
  0x0000028931fafc60 JavaThread "File lock request listener"        [_thread_in_native, id=34784, stack(0x0000008e0e600000,0x0000008e0e700000) (1024K)]
  0x0000028931fac7e0 JavaThread "Cache worker for file hash cache (C:\Users\userino\.gradle\caches\9.2.1\fileHashes)"        [_thread_blocked, id=15460, stack(0x0000008e0e700000,0x0000008e0e800000) (1024K)]
  0x00000289322e6aa0 JavaThread "File watcher server"        daemon [_thread_in_native, id=12084, stack(0x0000008e0e900000,0x0000008e0ea00000) (1024K)]
  0x00000289322e3620 JavaThread "File watcher consumer"      daemon [_thread_blocked, id=33148, stack(0x0000008e0ec00000,0x0000008e0ed00000) (1024K)]
  0x00000289322e5d80 JavaThread "jar transforms"                    [_thread_blocked, id=37640, stack(0x0000008e0ed00000,0x0000008e0ee00000) (1024K)]
  0x00000289322e7130 JavaThread "jar transforms Thread 2"           [_thread_blocked, id=50172, stack(0x0000008e0ee00000,0x0000008e0ef00000) (1024K)]
  0x00000289322e49d0 JavaThread "jar transforms Thread 3"           [_thread_blocked, id=10472, stack(0x0000008e0ef00000,0x0000008e0f000000) (1024K)]
  0x00000289322e9890 JavaThread "jar transforms Thread 4"           [_thread_blocked, id=48384, stack(0x0000008e0f000000,0x0000008e0f100000) (1024K)]
  0x00000289322e77c0 JavaThread "jar transforms Thread 5"           [_thread_blocked, id=37504, stack(0x0000008e0f100000,0x0000008e0f200000) (1024K)]
  0x00000289322e7e50 JavaThread "jar transforms Thread 6"           [_thread_blocked, id=18060, stack(0x0000008e0f200000,0x0000008e0f300000) (1024K)]
  0x00000289322e9f20 JavaThread "jar transforms Thread 7"           [_thread_blocked, id=32016, stack(0x0000008e0f300000,0x0000008e0f400000) (1024K)]
  0x00000289322e84e0 JavaThread "jar transforms Thread 8"           [_thread_blocked, id=12928, stack(0x0000008e0f400000,0x0000008e0f500000) (1024K)]
  0x00000289322e8b70 JavaThread "jar transforms Thread 9"           [_thread_blocked, id=46500, stack(0x0000008e0f500000,0x0000008e0f600000) (1024K)]
  0x00000289322e9200 JavaThread "jar transforms Thread 10"          [_thread_blocked, id=32648, stack(0x0000008e0f600000,0x0000008e0f700000) (1024K)]
  0x00000289322ea5b0 JavaThread "jar transforms Thread 11"          [_thread_blocked, id=39492, stack(0x0000008e0f700000,0x0000008e0f800000) (1024K)]
  0x0000028932254040 JavaThread "jar transforms Thread 12"          [_thread_blocked, id=30848, stack(0x0000008e0f800000,0x0000008e0f900000) (1024K)]
  0x00000289322539b0 JavaThread "jar transforms Thread 13"          [_thread_blocked, id=41168, stack(0x0000008e0f900000,0x0000008e0fa00000) (1024K)]
  0x00000289322546d0 JavaThread "jar transforms Thread 14"          [_thread_blocked, id=19348, stack(0x0000008e0fa00000,0x0000008e0fb00000) (1024K)]
  0x0000028932252c90 JavaThread "jar transforms Thread 15"          [_thread_blocked, id=36940, stack(0x0000008e0fb00000,0x0000008e0fc00000) (1024K)]
  0x0000028932254d60 JavaThread "jar transforms Thread 16"          [_thread_blocked, id=23400, stack(0x0000008e0fc00000,0x0000008e0fd00000) (1024K)]
  0x00000289322518e0 JavaThread "Cache worker for file content cache (C:\Users\userino\.gradle\caches\9.2.1\fileContent)"        [_thread_blocked, id=21188, stack(0x0000008e0fe00000,0x0000008e0ff00000) (1024K)]
  0x00000289302ff010 JavaThread "Memory manager"                    [_thread_blocked, id=30716, stack(0x0000008e14b00000,0x0000008e14c00000) (1024K)]
  0x000002893028cb00 JavaThread "Daemon Thread 4"                   [_thread_blocked, id=41144, stack(0x0000008e0ba00000,0x0000008e0bb00000) (1024K)]
  0x00000289491a56b0 JavaThread "Daemon worker Thread 4"            [_thread_in_vm, id=48136, stack(0x0000008e0ca00000,0x0000008e0cb00000) (1024K)]
  0x000002895114fff0 JavaThread "Handler for socket connection from /127.0.0.1:63060 to /127.0.0.1:56326"        [_thread_in_native, id=10980, stack(0x0000008e0bb00000,0x0000008e0bc00000) (1024K)]
  0x0000028951150680 JavaThread "Cancel handler"                    [_thread_blocked, id=48380, stack(0x0000008e0bc00000,0x0000008e0bd00000) (1024K)]
  0x0000028957a45130 JavaThread "Asynchronous log dispatcher for DefaultDaemonConnection: socket connection from /127.0.0.1:63060 to /127.0.0.1:56326"        [_thread_blocked, id=49936, stack(0x0000008e0cf00000,0x0000008e0d000000) (1024K)]
  0x0000028957a44aa0 JavaThread "Stdin handler"                     [_thread_blocked, id=15240, stack(0x0000008e0d400000,0x0000008e0d500000) (1024K)]
  0x0000028957a457c0 JavaThread "Daemon client event forwarder"        [_thread_blocked, id=31420, stack(0x0000008e0d700000,0x0000008e0d800000) (1024K)]
  0x0000028937343750 JavaThread "Cache worker for file hash cache (C:\Users\userino\source\repos\Gramofone\.gradle\9.2.1\fileHashes)"        [_thread_blocked, id=22176, stack(0x0000008e0d800000,0x0000008e0d900000) (1024K)]
  0x0000028937348610 JavaThread "Cache worker for checksums cache (C:\Users\userino\source\repos\Gramofone\.gradle\9.2.1\checksums)"        [_thread_blocked, id=34648, stack(0x0000008e0e100000,0x0000008e0e200000) (1024K)]
  0x00000289511513a0 JavaThread "Cache worker for Build Output Cleanup Cache (C:\Users\userino\source\repos\Gramofone\.gradle\buildOutputCleanup)"        [_thread_blocked, id=38328, stack(0x0000008e0e200000,0x0000008e0e300000) (1024K)]
  0x000002894b1e2a40 JavaThread "Cache worker for cache directory md-supplier (C:\Users\userino\.gradle\caches\9.2.1\md-supplier)"        [_thread_blocked, id=14224, stack(0x0000008e0e300000,0x0000008e0e400000) (1024K)]
  0x000002894b1e4480 JavaThread "Cache worker for cache directory md-rule (C:\Users\userino\.gradle\caches\9.2.1\md-rule)"        [_thread_blocked, id=46524, stack(0x0000008e0e500000,0x0000008e0e600000) (1024K)]
  0x000002894b1e30d0 JavaThread "Unconstrained build operations"        [_thread_blocked, id=35572, stack(0x0000008e0e800000,0x0000008e0e900000) (1024K)]
  0x000002894b1e1000 JavaThread "Unconstrained build operations Thread 2"        [_thread_blocked, id=23480, stack(0x0000008e0ea00000,0x0000008e0eb00000) (1024K)]
  0x000002894b1e3760 JavaThread "Unconstrained build operations Thread 3"        [_thread_blocked, id=27424, stack(0x0000008e0eb00000,0x0000008e0ec00000) (1024K)]
  0x000002894b1e3df0 JavaThread "Unconstrained build operations Thread 4"        [_thread_blocked, id=38432, stack(0x0000008e0fd00000,0x0000008e0fe00000) (1024K)]
  0x000002893412e0e0 JavaThread "Unconstrained build operations Thread 5"        [_thread_blocked, id=41976, stack(0x0000008e0ff00000,0x0000008e10000000) (1024K)]
  0x000002893412da50 JavaThread "Unconstrained build operations Thread 6"        [_thread_blocked, id=27772, stack(0x0000008e10000000,0x0000008e10100000) (1024K)]
  0x000002893412e770 JavaThread "Unconstrained build operations Thread 7"        [_thread_blocked, id=22968, stack(0x0000008e10100000,0x0000008e10200000) (1024K)]
  0x0000028933c97c70 JavaThread "Unconstrained build operations Thread 8"        [_thread_blocked, id=22244, stack(0x0000008e10200000,0x0000008e10300000) (1024K)]
  0x0000028933c947f0 JavaThread "Unconstrained build operations Thread 9"        [_thread_blocked, id=1068, stack(0x0000008e10300000,0x0000008e10400000) (1024K)]
  0x0000028933c94e80 JavaThread "Unconstrained build operations Thread 10"        [_thread_blocked, id=20440, stack(0x0000008e10400000,0x0000008e10500000) (1024K)]
  0x0000028933c96f50 JavaThread "Unconstrained build operations Thread 11"        [_thread_blocked, id=21720, stack(0x0000008e10500000,0x0000008e10600000) (1024K)]
  0x0000028933c95510 JavaThread "Unconstrained build operations Thread 12"        [_thread_blocked, id=48048, stack(0x0000008e10600000,0x0000008e10700000) (1024K)]
  0x0000028933c968c0 JavaThread "Unconstrained build operations Thread 13"        [_thread_blocked, id=49572, stack(0x0000008e10700000,0x0000008e10800000) (1024K)]
  0x0000028933c96230 JavaThread "Unconstrained build operations Thread 14"        [_thread_blocked, id=48768, stack(0x0000008e10800000,0x0000008e10900000) (1024K)]
  0x0000028933c975e0 JavaThread "Unconstrained build operations Thread 15"        [_thread_blocked, id=31368, stack(0x0000008e10900000,0x0000008e10a00000) (1024K)]
  0x0000028933c95ba0 JavaThread "Unconstrained build operations Thread 16"        [_thread_blocked, id=1536, stack(0x0000008e10a00000,0x0000008e10b00000) (1024K)]
  0x0000028957fc1860 JavaThread "Unconstrained build operations Thread 17"        [_thread_blocked, id=18032, stack(0x0000008e10b00000,0x0000008e10c00000) (1024K)]
  0x0000028957fbea70 JavaThread "Unconstrained build operations Thread 18"        [_thread_blocked, id=37208, stack(0x0000008e10c00000,0x0000008e10d00000) (1024K)]
  0x0000028957fbf790 JavaThread "Unconstrained build operations Thread 19"        [_thread_blocked, id=45608, stack(0x0000008e10d00000,0x0000008e10e00000) (1024K)]
  0x0000028957fbfe20 JavaThread "Unconstrained build operations Thread 20"        [_thread_blocked, id=46496, stack(0x0000008e10e00000,0x0000008e10f00000) (1024K)]
  0x00000289467266a0 JavaThread "Unconstrained build operations Thread 21"        [_thread_blocked, id=24776, stack(0x0000008e10f00000,0x0000008e11000000) (1024K)]
  0x00000289467280e0 JavaThread "Unconstrained build operations Thread 22"        [_thread_blocked, id=31204, stack(0x0000008e11000000,0x0000008e11100000) (1024K)]
  0x0000028946726d30 JavaThread "Unconstrained build operations Thread 23"        [_thread_blocked, id=26096, stack(0x0000008e11100000,0x0000008e11200000) (1024K)]
  0x0000028946728e00 JavaThread "Unconstrained build operations Thread 24"        [_thread_blocked, id=34384, stack(0x0000008e11200000,0x0000008e11300000) (1024K)]
  0x00000289467273c0 JavaThread "Unconstrained build operations Thread 25"        [_thread_blocked, id=46968, stack(0x0000008e11300000,0x0000008e11400000) (1024K)]
  0x0000028946727a50 JavaThread "Unconstrained build operations Thread 26"        [_thread_blocked, id=37104, stack(0x0000008e11400000,0x0000008e11500000) (1024K)]
  0x0000028946725980 JavaThread "Unconstrained build operations Thread 27"        [_thread_blocked, id=33736, stack(0x0000008e11500000,0x0000008e11600000) (1024K)]
  0x0000028946728770 JavaThread "Unconstrained build operations Thread 28"        [_thread_blocked, id=28496, stack(0x0000008e11600000,0x0000008e11700000) (1024K)]
  0x00000289574baa00 JavaThread "Unconstrained build operations Thread 29"        [_thread_blocked, id=37184, stack(0x0000008e11700000,0x0000008e11800000) (1024K)]
  0x00000289574bb090 JavaThread "Unconstrained build operations Thread 30"        [_thread_blocked, id=45852, stack(0x0000008e11800000,0x0000008e11900000) (1024K)]
  0x00000289574bb720 JavaThread "Unconstrained build operations Thread 31"        [_thread_blocked, id=46708, stack(0x0000008e11900000,0x0000008e11a00000) (1024K)]
  0x00000289574b9ce0 JavaThread "Unconstrained build operations Thread 32"        [_thread_blocked, id=28356, stack(0x0000008e11a00000,0x0000008e11b00000) (1024K)]
  0x00000289574ba370 JavaThread "Cache worker for Build Output Cleanup Cache (C:\Users\userino\source\repos\Gramofone\media3\.gradle\buildOutputCleanup)"        [_thread_blocked, id=50136, stack(0x0000008e11b00000,0x0000008e11c00000) (1024K)]
  0x00000289574bd160 JavaThread "Unconstrained build operations Thread 33"        [_thread_blocked, id=23496, stack(0x0000008e11c00000,0x0000008e11d00000) (1024K)]
  0x00000289574bbdb0 JavaThread "Unconstrained build operations Thread 34"        [_thread_blocked, id=23536, stack(0x0000008e11d00000,0x0000008e11e00000) (1024K)]
  0x00000289574bc440 JavaThread "Unconstrained build operations Thread 35"        [_thread_blocked, id=46264, stack(0x0000008e11e00000,0x0000008e11f00000) (1024K)]
  0x00000289574bcad0 JavaThread "Unconstrained build operations Thread 36"        [_thread_blocked, id=29132, stack(0x0000008e11f00000,0x0000008e12000000) (1024K)]
  0x0000028957a63650 JavaThread "Unconstrained build operations Thread 37"        [_thread_blocked, id=2076, stack(0x0000008e12000000,0x0000008e12100000) (1024K)]
  0x0000028957a65db0 JavaThread "Unconstrained build operations Thread 38"        [_thread_blocked, id=47272, stack(0x0000008e12100000,0x0000008e12200000) (1024K)]
  0x0000028957a63ce0 JavaThread "Unconstrained build operations Thread 39"        [_thread_blocked, id=36036, stack(0x0000008e12200000,0x0000008e12300000) (1024K)]
  0x0000028957a62fc0 JavaThread "Unconstrained build operations Thread 40"        [_thread_blocked, id=48840, stack(0x0000008e12300000,0x0000008e12400000) (1024K)]
  0x0000028957a64370 JavaThread "Unconstrained build operations Thread 41"        [_thread_blocked, id=10268, stack(0x0000008e12400000,0x0000008e12500000) (1024K)]
  0x0000028957a66440 JavaThread "Unconstrained build operations Thread 42"        [_thread_blocked, id=15984, stack(0x0000008e12500000,0x0000008e12600000) (1024K)]
  0x0000028957a65720 JavaThread "Unconstrained build operations Thread 43"        [_thread_blocked, id=19984, stack(0x0000008e12600000,0x0000008e12700000) (1024K)]
  0x0000028957a65090 JavaThread "Unconstrained build operations Thread 44"        [_thread_blocked, id=23524, stack(0x0000008e12700000,0x0000008e12800000) (1024K)]
  0x0000028957a64a00 JavaThread "Unconstrained build operations Thread 45"        [_thread_blocked, id=3348, stack(0x0000008e12800000,0x0000008e12900000) (1024K)]
  0x000002894af07d60 JavaThread "Unconstrained build operations Thread 46"        [_thread_blocked, id=34220, stack(0x0000008e12900000,0x0000008e12a00000) (1024K)]
  0x000002894af0b1e0 JavaThread "Unconstrained build operations Thread 47"        [_thread_blocked, id=41656, stack(0x0000008e12a00000,0x0000008e12b00000) (1024K)]
  0x000002894af0ab50 JavaThread "Unconstrained build operations Thread 48"        [_thread_blocked, id=29380, stack(0x0000008e12b00000,0x0000008e12c00000) (1024K)]
  0x000002894af09110 JavaThread "Unconstrained build operations Thread 49"        [_thread_blocked, id=12420, stack(0x0000008e12c00000,0x0000008e12d00000) (1024K)]
  0x000002894af083f0 JavaThread "Unconstrained build operations Thread 50"        [_thread_blocked, id=32120, stack(0x0000008e12d00000,0x0000008e12e00000) (1024K)]
  0x000002894af0a4c0 JavaThread "Unconstrained build operations Thread 51"        [_thread_blocked, id=12364, stack(0x0000008e12e00000,0x0000008e12f00000) (1024K)]
  0x000002894af08a80 JavaThread "Unconstrained build operations Thread 52"        [_thread_blocked, id=48252, stack(0x0000008e12f00000,0x0000008e13000000) (1024K)]
  0x0000028957fc1ef0 JavaThread "Unconstrained build operations Thread 53"        [_thread_blocked, id=28644, stack(0x0000008e13200000,0x0000008e13300000) (1024K)]
  0x0000028957fc0b40 JavaThread "Unconstrained build operations Thread 54"        [_thread_blocked, id=48632, stack(0x0000008e13300000,0x0000008e13400000) (1024K)]
  0x0000028947203750 JavaThread "Unconstrained build operations Thread 55"        [_thread_blocked, id=42356, stack(0x0000008e13400000,0x0000008e13500000) (1024K)]
  0x0000028947204470 JavaThread "Unconstrained build operations Thread 56"        [_thread_blocked, id=39768, stack(0x0000008e13500000,0x0000008e13600000) (1024K)]
  0x0000028947202a30 JavaThread "Unconstrained build operations Thread 57"        [_thread_blocked, id=23900, stack(0x0000008e13600000,0x0000008e13700000) (1024K)]
  0x0000028947204b00 JavaThread "Unconstrained build operations Thread 58"        [_thread_blocked, id=21384, stack(0x0000008e13700000,0x0000008e13800000) (1024K)]
  0x00000289472030c0 JavaThread "Unconstrained build operations Thread 59"        [_thread_blocked, id=10456, stack(0x0000008e13800000,0x0000008e13900000) (1024K)]
  0x0000028947203de0 JavaThread "Unconstrained build operations Thread 60"        [_thread_blocked, id=44924, stack(0x0000008e13900000,0x0000008e13a00000) (1024K)]
  0x0000028947205190 JavaThread "Unconstrained build operations Thread 61"        [_thread_blocked, id=49284, stack(0x0000008e13a00000,0x0000008e13b00000) (1024K)]
  0x0000028947205820 JavaThread "Unconstrained build operations Thread 62"        [_thread_blocked, id=33520, stack(0x0000008e13b00000,0x0000008e13c00000) (1024K)]
  0x00000289472023a0 JavaThread "Unconstrained build operations Thread 63"        [_thread_blocked, id=2736, stack(0x0000008e13c00000,0x0000008e13d00000) (1024K)]
  0x000002894376df10 JavaThread "Unconstrained build operations Thread 64"        [_thread_blocked, id=48020, stack(0x0000008e13d00000,0x0000008e13e00000) (1024K)]
  0x000002894376e5a0 JavaThread "Unconstrained build operations Thread 65"        [_thread_blocked, id=20300, stack(0x0000008e13e00000,0x0000008e13f00000) (1024K)]
  0x000002894376ec30 JavaThread "Unconstrained build operations Thread 66"        [_thread_blocked, id=7864, stack(0x0000008e13f00000,0x0000008e14000000) (1024K)]
  0x000002894376d880 JavaThread "Unconstrained build operations Thread 67"        [_thread_blocked, id=32012, stack(0x0000008e14000000,0x0000008e14100000) (1024K)]
  0x0000028957a45e50 JavaThread "Unconstrained build operations Thread 68"        [_thread_blocked, id=41204, stack(0x0000008e14100000,0x0000008e14200000) (1024K)]
  0x0000028957a43060 JavaThread "Unconstrained build operations Thread 69"        [_thread_blocked, id=49880, stack(0x0000008e14200000,0x0000008e14300000) (1024K)]
  0x0000028957a43d80 JavaThread "Unconstrained build operations Thread 70"        [_thread_blocked, id=49164, stack(0x0000008e14300000,0x0000008e14400000) (1024K)]
  0x0000028957a44410 JavaThread "Unconstrained build operations Thread 71"        [_thread_blocked, id=20132, stack(0x0000008e14400000,0x0000008e14500000) (1024K)]
  0x000002893028d820 JavaThread "Unconstrained build operations Thread 72"        [_thread_blocked, id=14588, stack(0x0000008e14500000,0x0000008e14600000) (1024K)]
  0x00000289489bb0b0 JavaThread "Unconstrained build operations Thread 73"        [_thread_blocked, id=30460, stack(0x0000008e14600000,0x0000008e14700000) (1024K)]
  0x00000289489bb740 JavaThread "Unconstrained build operations Thread 74"        [_thread_blocked, id=27756, stack(0x0000008e14700000,0x0000008e14800000) (1024K)]
  0x00000289489bc460 JavaThread "Unconstrained build operations Thread 75"        [_thread_blocked, id=31568, stack(0x0000008e14800000,0x0000008e14900000) (1024K)]
  0x00000289302887f0 JavaThread "Unconstrained build operations Thread 76"        [_thread_blocked, id=30324, stack(0x0000008e14900000,0x0000008e14a00000) (1024K)]
  0x0000028930287440 JavaThread "Unconstrained build operations Thread 77"        [_thread_blocked, id=48780, stack(0x0000008e14a00000,0x0000008e14b00000) (1024K)]
  0x00000289444ca6a0 JavaThread "Unconstrained build operations Thread 78"        [_thread_blocked, id=18220, stack(0x0000008e14c00000,0x0000008e14d00000) (1024K)]
  0x00000289444c85d0 JavaThread "Unconstrained build operations Thread 79"        [_thread_blocked, id=16668, stack(0x0000008e14d00000,0x0000008e14e00000) (1024K)]
  0x00000289444c8c60 JavaThread "Unconstrained build operations Thread 80"        [_thread_blocked, id=19824, stack(0x0000008e14e00000,0x0000008e14f00000) (1024K)]
  0x00000289444ca010 JavaThread "Unconstrained build operations Thread 81"        [_thread_blocked, id=33128, stack(0x0000008e14f00000,0x0000008e15000000) (1024K)]
  0x00000289444cad30 JavaThread "Unconstrained build operations Thread 82"        [_thread_blocked, id=43676, stack(0x0000008e15000000,0x0000008e15100000) (1024K)]
  0x00000289444c92f0 JavaThread "build event listener"              [_thread_blocked, id=36336, stack(0x0000008e15100000,0x0000008e15200000) (1024K)]
  0x00000289444c9980 JavaThread "Configuration cache report writer"        [_thread_blocked, id=19808, stack(0x0000008e15200000,0x0000008e15300000) (1024K)]
  0x00000289444c78b0 JavaThread "build event listener"              [_thread_blocked, id=15096, stack(0x0000008e13100000,0x0000008e13200000) (1024K)]
  0x0000028948dc1330 JavaThread "build event listener"              [_thread_blocked, id=44808, stack(0x0000008e15400000,0x0000008e15500000) (1024K)]
  0x0000028948dbff80 JavaThread "build event listener"              [_thread_blocked, id=12092, stack(0x0000008e15500000,0x0000008e15600000) (1024K)]
  0x0000028930211b10 JavaThread "Exec process Thread 13"            [_thread_blocked, id=15192, stack(0x0000008e15600000,0x0000008e15700000) (1024K)]
  0x000002893455bf20 JavaThread "Exec process Thread 14"            [_thread_blocked, id=38184, stack(0x0000008e15700000,0x0000008e15800000) (1024K)]
  0x000002893455b200 JavaThread "Exec process Thread 15"            [_thread_blocked, id=25188, stack(0x0000008e15800000,0x0000008e15900000) (1024K)]
  0x0000028958153d40 JavaThread "Unconstrained build operations Thread 83"        [_thread_blocked, id=10056, stack(0x0000008e15300000,0x0000008e15400000) (1024K)]
  0x0000028958151c70 JavaThread "Unconstrained build operations Thread 84"        [_thread_blocked, id=38320, stack(0x0000008e15900000,0x0000008e15a00000) (1024K)]
  0x0000028958152300 JavaThread "Unconstrained build operations Thread 85"        [_thread_blocked, id=38024, stack(0x0000008e15a00000,0x0000008e15b00000) (1024K)]
  0x0000028958152990 JavaThread "Unconstrained build operations Thread 86"        [_thread_blocked, id=31972, stack(0x0000008e15b00000,0x0000008e15c00000) (1024K)]
  0x0000028958153020 JavaThread "Unconstrained build operations Thread 87"        [_thread_blocked, id=48648, stack(0x0000008e15c00000,0x0000008e15d00000) (1024K)]
  0x00000289581536b0 JavaThread "Unconstrained build operations Thread 88"        [_thread_blocked, id=36284, stack(0x0000008e15d00000,0x0000008e15e00000) (1024K)]
  0x00000289581543d0 JavaThread "Unconstrained build operations Thread 89"        [_thread_blocked, id=21196, stack(0x0000008e15e00000,0x0000008e15f00000) (1024K)]
  0x0000028958150f50 JavaThread "Unconstrained build operations Thread 90"        [_thread_blocked, id=26872, stack(0x0000008e15f00000,0x0000008e16000000) (1024K)]
  0x00000289581515e0 JavaThread "Unconstrained build operations Thread 91"        [_thread_blocked, id=26100, stack(0x0000008e16000000,0x0000008e16100000) (1024K)]
  0x0000028948a8c700 JavaThread "Unconstrained build operations Thread 92"        [_thread_blocked, id=19000, stack(0x0000008e16100000,0x0000008e16200000) (1024K)]
  0x0000028948a8b350 JavaThread "Unconstrained build operations Thread 93"        [_thread_blocked, id=49012, stack(0x0000008e16200000,0x0000008e16300000) (1024K)]
  0x0000028948a8d420 JavaThread "Unconstrained build operations Thread 94"        [_thread_blocked, id=44292, stack(0x0000008e16300000,0x0000008e16400000) (1024K)]
  0x0000028948a8b9e0 JavaThread "Unconstrained build operations Thread 95"        [_thread_blocked, id=46920, stack(0x0000008e16400000,0x0000008e16500000) (1024K)]
  0x0000028948a8e140 JavaThread "Unconstrained build operations Thread 96"        [_thread_blocked, id=13204, stack(0x0000008e16500000,0x0000008e16600000) (1024K)]
  0x0000028948a8c070 JavaThread "Unconstrained build operations Thread 97"        [_thread_blocked, id=31140, stack(0x0000008e16600000,0x0000008e16700000) (1024K)]
  0x0000028948a8dab0 JavaThread "Unconstrained build operations Thread 98"        [_thread_blocked, id=46832, stack(0x0000008e16700000,0x0000008e16800000) (1024K)]
  0x0000028948a8cd90 JavaThread "Unconstrained build operations Thread 99"        [_thread_blocked, id=48664, stack(0x0000008e16800000,0x0000008e16900000) (1024K)]
  0x0000028948a8acc0 JavaThread "Unconstrained build operations Thread 100"        [_thread_blocked, id=20000, stack(0x0000008e16900000,0x0000008e16a00000) (1024K)]
  0x00000289471dc880 JavaThread "Unconstrained build operations Thread 101"        [_thread_blocked, id=48760, stack(0x0000008e16a00000,0x0000008e16b00000) (1024K)]
  0x00000289471dfd00 JavaThread "Unconstrained build operations Thread 102"        [_thread_blocked, id=46276, stack(0x0000008e16b00000,0x0000008e16c00000) (1024K)]
  0x00000289471dcf10 JavaThread "Unconstrained build operations Thread 103"        [_thread_blocked, id=11304, stack(0x0000008e16c00000,0x0000008e16d00000) (1024K)]
  0x00000289471ddc30 JavaThread "Unconstrained build operations Thread 104"        [_thread_blocked, id=25864, stack(0x0000008e16d00000,0x0000008e16e00000) (1024K)]
  0x00000289471dd5a0 JavaThread "Unconstrained build operations Thread 105"        [_thread_blocked, id=6476, stack(0x0000008e16e00000,0x0000008e16f00000) (1024K)]
  0x000002893020ad10 JavaThread "Unconstrained build operations Thread 106"        [_thread_blocked, id=34388, stack(0x0000008e16f00000,0x0000008e17000000) (1024K)]
  0x000002893020b3a0 JavaThread "Unconstrained build operations Thread 107"        [_thread_blocked, id=25000, stack(0x0000008e17000000,0x0000008e17100000) (1024K)]
  0x000002893020cde0 JavaThread "Unconstrained build operations Thread 108"        [_thread_blocked, id=41820, stack(0x0000008e17100000,0x0000008e17200000) (1024K)]
  0x000002893020ba30 JavaThread "Unconstrained build operations Thread 109"        [_thread_blocked, id=14432, stack(0x0000008e17200000,0x0000008e17300000) (1024K)]
  0x000002893020db00 JavaThread "Unconstrained build operations Thread 110"        [_thread_blocked, id=46124, stack(0x0000008e17300000,0x0000008e17400000) (1024K)]
  0x000002893020e190 JavaThread "Unconstrained build operations Thread 111"        [_thread_blocked, id=31640, stack(0x0000008e17400000,0x0000008e17500000) (1024K)]
  0x000002893020c0c0 JavaThread "Unconstrained build operations Thread 112"        [_thread_blocked, id=45152, stack(0x0000008e17500000,0x0000008e17600000) (1024K)]
  0x000002894af097a0 JavaThread "Unconstrained build operations Thread 113"        [_thread_blocked, id=40780, stack(0x0000008e17600000,0x0000008e17700000) (1024K)]
  0x000002894af09e30 JavaThread "Unconstrained build operations Thread 114"        [_thread_blocked, id=42444, stack(0x0000008e17700000,0x0000008e17800000) (1024K)]
  0x0000028943095d50 JavaThread "Unconstrained build operations Thread 115"        [_thread_blocked, id=6828, stack(0x0000008e17800000,0x0000008e17900000) (1024K)]
  0x0000028943094310 JavaThread "Unconstrained build operations Thread 116"        [_thread_blocked, id=4692, stack(0x0000008e17900000,0x0000008e17a00000) (1024K)]
  0x00000289430949a0 JavaThread "Unconstrained build operations Thread 117"        [_thread_blocked, id=30400, stack(0x0000008e17a00000,0x0000008e17b00000) (1024K)]
  0x0000028943095030 JavaThread "Unconstrained build operations Thread 118"        [_thread_blocked, id=26604, stack(0x0000008e17b00000,0x0000008e17c00000) (1024K)]
  0x00000289430956c0 JavaThread "Unconstrained build operations Thread 119"        [_thread_blocked, id=32228, stack(0x0000008e17c00000,0x0000008e17d00000) (1024K)]
  0x00000289430963e0 JavaThread "Unconstrained build operations Thread 120"        [_thread_blocked, id=17972, stack(0x0000008e17d00000,0x0000008e17e00000) (1024K)]
  0x0000028943092f60 JavaThread "Unconstrained build operations Thread 121"        [_thread_blocked, id=27196, stack(0x0000008e17e00000,0x0000008e17f00000) (1024K)]
  0x00000289430935f0 JavaThread "Unconstrained build operations Thread 122"        [_thread_blocked, id=18168, stack(0x0000008e17f00000,0x0000008e18000000) (1024K)]
  0x0000028943093c80 JavaThread "Unconstrained build operations Thread 123"        [_thread_blocked, id=29144, stack(0x0000008e18000000,0x0000008e18100000) (1024K)]
  0x0000028943fdb330 JavaThread "Unconstrained build operations Thread 124"        [_thread_blocked, id=7548, stack(0x0000008e18100000,0x0000008e18200000) (1024K)]
  0x0000028943fdb9c0 JavaThread "Unconstrained build operations Thread 125"        [_thread_blocked, id=37776, stack(0x0000008e18200000,0x0000008e18300000) (1024K)]
  0x0000028943fdc050 JavaThread "Unconstrained build operations Thread 126"        [_thread_blocked, id=34684, stack(0x0000008e18300000,0x0000008e18400000) (1024K)]
  0x0000028943fd9260 JavaThread "Unconstrained build operations Thread 127"        [_thread_blocked, id=39228, stack(0x0000008e18400000,0x0000008e18500000) (1024K)]
  0x000002894b02cdb0 JavaThread "Problems report writer"            [_thread_blocked, id=32632, stack(0x0000008e0cc00000,0x0000008e0cd00000) (1024K)]
  0x00000289444c7f40 JavaThread "build event listener"              [_thread_blocked, id=18676, stack(0x0000008e18500000,0x0000008e18600000) (1024K)]
  0x000002893455b890 JavaThread "build event listener"              [_thread_blocked, id=38300, stack(0x0000008e13000000,0x0000008e13100000) (1024K)]
  0x000002893020c750 JavaThread "Unconstrained build operations Thread 128"        [_thread_blocked, id=33460, stack(0x0000008e18600000,0x0000008e18700000) (1024K)]
  0x0000028937adaff0 JavaThread "Unconstrained build operations Thread 129"        [_thread_blocked, id=45636, stack(0x0000008e18700000,0x0000008e18800000) (1024K)]
  0x0000028937ad9c40 JavaThread "Unconstrained build operations Thread 130"        [_thread_blocked, id=25776, stack(0x0000008e18800000,0x0000008e18900000) (1024K)]
  0x0000028937ad8890 JavaThread "Unconstrained build operations Thread 131"        [_thread_blocked, id=46376, stack(0x0000008e18900000,0x0000008e18a00000) (1024K)]
  0x0000028937adbd10 JavaThread "Unconstrained build operations Thread 132"        [_thread_blocked, id=6884, stack(0x0000008e18a00000,0x0000008e18b00000) (1024K)]
  0x0000028937ad8f20 JavaThread "Unconstrained build operations Thread 133"        [_thread_blocked, id=23328, stack(0x0000008e18b00000,0x0000008e18c00000) (1024K)]
  0x0000028937ad95b0 JavaThread "Unconstrained build operations Thread 134"        [_thread_blocked, id=44120, stack(0x0000008e18c00000,0x0000008e18d00000) (1024K)]
  0x0000028937ada2d0 JavaThread "Unconstrained build operations Thread 135"        [_thread_blocked, id=8168, stack(0x0000008e18d00000,0x0000008e18e00000) (1024K)]
  0x0000028937ada960 JavaThread "Unconstrained build operations Thread 136"        [_thread_blocked, id=38448, stack(0x0000008e18e00000,0x0000008e18f00000) (1024K)]
  0x0000028937adb680 JavaThread "Unconstrained build operations Thread 137"        [_thread_blocked, id=47328, stack(0x0000008e18f00000,0x0000008e19000000) (1024K)]
  0x00000289351b0d30 JavaThread "Unconstrained build operations Thread 138"        [_thread_blocked, id=27172, stack(0x0000008e19000000,0x0000008e19100000) (1024K)]
  0x0000028946b6c710 JavaThread "C2 CompilerThread1"         daemon [_thread_blocked, id=31128, stack(0x0000008e0e400000,0x0000008e0e500000) (1024K)]
  0x0000028946b6d4b0 JavaThread "C2 CompilerThread2"         daemon [_thread_blocked, id=39876, stack(0x0000008e19100000,0x0000008e19200000) (1024K)]
Total: 201

Other Threads:
  0x00000289283feb10 VMThread "VM Thread"                           [id=39412, stack(0x0000008e0c000000,0x0000008e0c100000) (1024K)]
  0x00000289282eca00 WatcherThread "VM Periodic Task Thread"        [id=39704, stack(0x0000008e0bf00000,0x0000008e0c000000) (1024K)]
  0x000002890d0ce530 WorkerThread "GC Thread#0"                     [id=49968, stack(0x0000008e0be00000,0x0000008e0bf00000) (1024K)]
  0x0000028930030ea0 WorkerThread "GC Thread#1"                     [id=18360, stack(0x0000008e0d000000,0x0000008e0d100000) (1024K)]
  0x00000289300dbf70 WorkerThread "GC Thread#2"                     [id=24008, stack(0x0000008e0d100000,0x0000008e0d200000) (1024K)]
  0x000002892fe98460 WorkerThread "GC Thread#3"                     [id=34112, stack(0x0000008e0d200000,0x0000008e0d300000) (1024K)]
  0x000002892fe98800 WorkerThread "GC Thread#4"                     [id=15700, stack(0x0000008e0d300000,0x0000008e0d400000) (1024K)]
  0x00000289308aca30 WorkerThread "GC Thread#5"                     [id=31836, stack(0x0000008e0d900000,0x0000008e0da00000) (1024K)]
  0x000002893204b280 WorkerThread "GC Thread#6"                     [id=45600, stack(0x0000008e0da00000,0x0000008e0db00000) (1024K)]
  0x0000028931e1a030 WorkerThread "GC Thread#7"                     [id=4084, stack(0x0000008e0db00000,0x0000008e0dc00000) (1024K)]
  0x0000028931e1a3d0 WorkerThread "GC Thread#8"                     [id=48812, stack(0x0000008e0dc00000,0x0000008e0dd00000) (1024K)]
  0x0000028931e191b0 WorkerThread "GC Thread#9"                     [id=47476, stack(0x0000008e0dd00000,0x0000008e0de00000) (1024K)]
  0x0000028931e19550 WorkerThread "GC Thread#10"                    [id=46172, stack(0x0000008e0de00000,0x0000008e0df00000) (1024K)]
  0x0000028931e198f0 WorkerThread "GC Thread#11"                    [id=15856, stack(0x0000008e0df00000,0x0000008e0e000000) (1024K)]
  0x0000028931e19c90 WorkerThread "GC Thread#12"                    [id=41588, stack(0x0000008e0e000000,0x0000008e0e100000) (1024K)]
Total: 15

Threads with active compile tasks:
C2 CompilerThread0  1567031 52621       4       com.mikepenz.aboutlibraries.plugin.BaseAboutLibrariesTask::configure (1085 bytes)
Total: 1

VM state: not at safepoint (normal execution)

VM Mutex/Monitor currently owned by a thread: None

Heap address: 0x0000000700000000, size: 4096 MB, Compressed Oops mode: Zero based, Oop shift amount: 3

CDS archive(s) not mapped
Compressed class space mapped at: 0x0000000800000000-0x0000000840000000, reserved size: 1073741824
Narrow klass base: 0x0000000800000000, Narrow klass shift: 0, Narrow klass range: 0x40000000

GC Precious Log:
 CardTable entry size: 512
 CPUs: 16 total, 16 available
 Memory: 15628M
 Large Page Support: Disabled
 NUMA Support: Disabled
 Compressed Oops: Enabled (Zero based)
 Alignments: Space 512K, Generation 512K, Heap 2M
 Heap Min Capacity: 8M
 Heap Initial Capacity: 246M
 Heap Max Capacity: 4G
 Pre-touch: Disabled
 Parallel Workers: 13

Heap:
 PSYoungGen      total 1012224K, used 912343K [0x00000007aab00000, 0x00000007f5680000, 0x0000000800000000)
  eden space 984576K, 90% used [0x00000007aab00000,0x00000007e1273540,0x00000007e6c80000)
  from space 27648K, 72% used [0x00000007f3b80000,0x00000007f4f02990,0x00000007f5680000)
  to   space 119808K, 0% used [0x00000007e6c80000,0x00000007e6c80000,0x00000007ee180000)
 ParOldGen       total 684544K, used 684057K [0x0000000700000000, 0x0000000729c80000, 0x00000007aab00000)
  object space 684544K, 99% used [0x0000000700000000,0x0000000729c06508,0x0000000729c80000)
 Metaspace       used 332055K, committed 337792K, reserved 1376256K
  class space    used 44080K, committed 46656K, reserved 1048576K

Card table byte_map: [0x000002891f200000,0x000002891fa10000] _byte_map_base: 0x000002891ba00000

Marking Bits: (ParMarkBitMap*) 0x00007ffdc501d600
 Begin Bits: [0x000002891fa10000, 0x0000028923a10000)
 End Bits:   [0x0000028923a10000, 0x0000028927a10000)

Polling page: 0x000002890aea0000

Metaspace:

Usage:
  Non-class:    281.23 MB used.
      Class:     43.05 MB used.
       Both:    324.27 MB used.

Virtual space:
  Non-class space:      320.00 MB reserved,     284.31 MB ( 89%) committed,  5 nodes.
      Class space:        1.00 GB reserved,      45.56 MB (  4%) committed,  1 nodes.
             Both:        1.31 GB reserved,     329.88 MB ( 25%) committed. 

Chunk freelists:
   Non-Class:  3.28 MB
       Class:  2.34 MB
        Both:  5.62 MB

MaxMetaspaceSize: unlimited
CompressedClassSpaceSize: 1.00 GB
Initial GC threshold: 21.00 MB
Current GC threshold: 373.88 MB
CDS: off
 - commit_granule_bytes: 65536.
 - commit_granule_words: 8192.
 - virtual_space_node_default_size: 8388608.
 - enlarge_chunks_in_place: 1.
 - use_allocation_guard: 0.


Internal statistics:

num_allocs_failed_limit: 12.
num_arena_births: 9390.
num_arena_deaths: 0.
num_vsnodes_births: 6.
num_vsnodes_deaths: 0.
num_space_committed: 5274.
num_space_uncommitted: 0.
num_chunks_returned_to_freelist: 12.
num_chunks_taken_from_freelist: 24972.
num_chunk_merges: 9.
num_chunk_splits: 16641.
num_chunks_enlarged: 10816.
num_inconsistent_stats: 0.

CodeHeap 'non-profiled nmethods': size=119168Kb used=41659Kb max_used=41659Kb free=77508Kb
 bounds [0x0000028917da0000, 0x000002891a650000, 0x000002891f200000]
CodeHeap 'profiled nmethods': size=119104Kb used=116718Kb max_used=116718Kb free=2385Kb
 bounds [0x0000028910200000, 0x0000028917400000, 0x0000028917650000]
CodeHeap 'non-nmethods': size=7488Kb used=2972Kb max_used=4698Kb free=4515Kb
 bounds [0x0000028917650000, 0x0000028917b00000, 0x0000028917da0000]
CodeCache: size=245760Kb, used=161349Kb, max_used=163075Kb, free=84408Kb
 total_blobs=48444, nmethods=46927, adapters=1419, full_count=0
Compilation: enabled, stopped_count=0, restarted_count=0

Compilation events (20 events):
Event: 1562.628 Thread 0x000002892d4a4ed0 52612       1       org.jetbrains.kotlin.gradle.tasks.AbstractKotlinCompile::getCommonSourceSet$kotlin_gradle_plugin_common (5 bytes)
Event: 1562.628 Thread 0x000002892d4a4ed0 nmethod 52612 0x000002891a64a110 code [0x000002891a64a2a0, 0x000002891a64a370]
Event: 1562.635 Thread 0x000002892d4a4ed0 52613       3       org.gradle.internal.graph.CachingDirectedGraphWalker$GraphWithEmptyEdges::getEdgeValues (1 bytes)
Event: 1562.635 Thread 0x000002892d4a4ed0 nmethod 52613 0x00000289173ed190 code [0x00000289173ed320, 0x00000289173ed428]
Event: 1562.635 Thread 0x000002892d4a4ed0 52614       1       org.gradle.execution.plan.NodeSets$LazySortedReferenceHashSet::access$000 (5 bytes)
Event: 1562.635 Thread 0x000002892d4a4ed0 nmethod 52614 0x000002891a64a410 code [0x000002891a64a5a0, 0x000002891a64a650]
Event: 1562.635 Thread 0x000002892d4a4ed0 52615       1       org.gradle.execution.plan.NodeSets$LazySortedReferenceHashSet::access$100 (5 bytes)
Event: 1562.635 Thread 0x000002892d4a4ed0 nmethod 52615 0x000002891a64a710 code [0x000002891a64a8a0, 0x000002891a64a950]
Event: 1562.641 Thread 0x000002892d4a4ed0 52616       3       org.gradle.internal.graph.CachingDirectedGraphWalker$GraphWithEmptyEdges::getNodeValues (13 bytes)
Event: 1562.641 Thread 0x000002892d4a4ed0 nmethod 52616 0x00000289173ed510 code [0x00000289173ed6c0, 0x00000289173ed8a0]
Event: 1562.641 Thread 0x000002892d4a4ed0 52617       3       org.gradle.api.internal.tasks.CachingTaskDependencyResolveContext$TaskGraphImpl::getNodeValues (172 bytes)
Event: 1562.643 Thread 0x000002892d4a4ed0 nmethod 52617 0x00000289173ed990 code [0x00000289173eddc0, 0x00000289173efd90]
Event: 1562.658 Thread 0x000002892d48b2a0 52618       4       org.gradle.api.internal.DefaultCollectionCallbackActionDecorator$1::isSatisfiedBy (26 bytes)
Event: 1562.659 Thread 0x000002892d4a4ed0 52619       3       org.gradle.api.internal.file.collections.UnpackingVisitor::add (367 bytes)
Event: 1562.669 Thread 0x000002892d48b2a0 nmethod 52618 0x000002891a64aa10 code [0x000002891a64abc0, 0x000002891a64ad70]
Event: 1562.670 Thread 0x000002892d4a4ed0 nmethod 52619 0x00000289173f0710 code [0x00000289173f0be0, 0x00000289173f3a50]
Event: 1562.670 Thread 0x000002892d4a4ed0 52620       1       com.mikepenz.aboutlibraries.plugin.CollectorConfig_Decorated::getModelIdentityDisplayName (5 bytes)
Event: 1562.670 Thread 0x000002892d4a4ed0 nmethod 52620 0x000002891a64af90 code [0x000002891a64b120, 0x000002891a64b1f0]
Event: 1562.671 Thread 0x000002892d48b2a0 52621       4       com.mikepenz.aboutlibraries.plugin.BaseAboutLibrariesTask::configure (1085 bytes)
Event: 1562.966 Thread 0x000002892d4a4ed0 52629       2       com.android.build.gradle.internal.tasks.UsesAnalytics$ConfigureAction::configure (64 bytes)

GC Heap History (20 events):
Event: 82.907 GC heap before
{Heap before GC invocations=37 (full 8):
 PSYoungGen      total 1170944K, used 157925K [0x00000007aab00000, 0x0000000800000000, 0x0000000800000000)
  eden space 1061376K, 5% used [0x00000007aab00000,0x00000007ae3ff500,0x00000007eb780000)
  from space 109568K, 90% used [0x00000007f3180000,0x00000007f92ba230,0x00000007f9c80000)
  to   space 124928K, 0% used [0x00000007eb780000,0x00000007eb780000,0x00000007f3180000)
 ParOldGen       total 253440K, used 249875K [0x0000000700000000, 0x000000070f780000, 0x00000007aab00000)
  object space 253440K, 98% used [0x0000000700000000,0x000000070f404d18,0x000000070f780000)
 Metaspace       used 266817K, committed 270912K, reserved 1310720K
  class space    used 35159K, committed 37056K, reserved 1048576K
}
Event: 82.961 GC heap after
{Heap after GC invocations=37 (full 8):
 PSYoungGen      total 1186304K, used 5997K [0x00000007aab00000, 0x0000000800000000, 0x0000000800000000)
  eden space 1061376K, 0% used [0x00000007aab00000,0x00000007aab00000,0x00000007eb780000)
  from space 124928K, 4% used [0x00000007eb780000,0x00000007ebd5b678,0x00000007f3180000)
  to   space 123392K, 0% used [0x00000007f8780000,0x00000007f8780000,0x0000000800000000)
 ParOldGen       total 349184K, used 348765K [0x0000000700000000, 0x0000000715500000, 0x00000007aab00000)
  object space 349184K, 99% used [0x0000000700000000,0x0000000715497468,0x0000000715500000)
 Metaspace       used 266817K, committed 270912K, reserved 1310720K
  class space    used 35159K, committed 37056K, reserved 1048576K
}
Event: 87.357 GC heap before
{Heap before GC invocations=38 (full 8):
 PSYoungGen      total 1186304K, used 1067373K [0x00000007aab00000, 0x0000000800000000, 0x0000000800000000)
  eden space 1061376K, 100% used [0x00000007aab00000,0x00000007eb780000,0x00000007eb780000)
  from space 124928K, 4% used [0x00000007eb780000,0x00000007ebd5b678,0x00000007f3180000)
  to   space 123392K, 0% used [0x00000007f8780000,0x00000007f8780000,0x0000000800000000)
 ParOldGen       total 349184K, used 348765K [0x0000000700000000, 0x0000000715500000, 0x00000007aab00000)
  object space 349184K, 99% used [0x0000000700000000,0x0000000715497468,0x0000000715500000)
 Metaspace       used 272668K, committed 276864K, reserved 1310720K
  class space    used 35779K, committed 37696K, reserved 1048576K
}
Event: 87.378 GC heap after
{Heap after GC invocations=38 (full 8):
 PSYoungGen      total 1256960K, used 34048K [0x00000007aab00000, 0x00000007ff080000, 0x0000000800000000)
  eden space 1149440K, 0% used [0x00000007aab00000,0x00000007aab00000,0x00000007f0d80000)
  from space 107520K, 31% used [0x00000007f8780000,0x00000007fa8c0048,0x00000007ff080000)
  to   space 116224K, 0% used [0x00000007f0d80000,0x00000007f0d80000,0x00000007f7f00000)
 ParOldGen       total 350208K, used 349749K [0x0000000700000000, 0x0000000715600000, 0x00000007aab00000)
  object space 350208K, 99% used [0x0000000700000000,0x000000071558d488,0x0000000715600000)
 Metaspace       used 272668K, committed 276864K, reserved 1310720K
  class space    used 35779K, committed 37696K, reserved 1048576K
}
Event: 91.332 GC heap before
{Heap before GC invocations=39 (full 8):
 PSYoungGen      total 1256960K, used 1183488K [0x00000007aab00000, 0x00000007ff080000, 0x0000000800000000)
  eden space 1149440K, 100% used [0x00000007aab00000,0x00000007f0d80000,0x00000007f0d80000)
  from space 107520K, 31% used [0x00000007f8780000,0x00000007fa8c0048,0x00000007ff080000)
  to   space 116224K, 0% used [0x00000007f0d80000,0x00000007f0d80000,0x00000007f7f00000)
 ParOldGen       total 350208K, used 349749K [0x0000000700000000, 0x0000000715600000, 0x00000007aab00000)
  object space 350208K, 99% used [0x0000000700000000,0x000000071558d488,0x0000000715600000)
 Metaspace       used 273569K, committed 277696K, reserved 1310720K
  class space    used 35875K, committed 37760K, reserved 1048576K
}
Event: 91.366 GC heap after
{Heap after GC invocations=39 (full 8):
 PSYoungGen      total 1265664K, used 24688K [0x00000007aab00000, 0x00000007ffe80000, 0x0000000800000000)
  eden space 1149440K, 0% used [0x00000007aab00000,0x00000007aab00000,0x00000007f0d80000)
  from space 116224K, 21% used [0x00000007f0d80000,0x00000007f259c0c0,0x00000007f7f00000)
  to   space 111104K, 0% used [0x00000007f9200000,0x00000007f9200000,0x00000007ffe80000)
 ParOldGen       total 381440K, used 381323K [0x0000000700000000, 0x0000000717480000, 0x00000007aab00000)
  object space 381440K, 99% used [0x0000000700000000,0x0000000717462fb8,0x0000000717480000)
 Metaspace       used 273569K, committed 277696K, reserved 1310720K
  class space    used 35875K, committed 37760K, reserved 1048576K
}
Event: 93.015 GC heap before
{Heap before GC invocations=40 (full 8):
 PSYoungGen      total 1265664K, used 1174128K [0x00000007aab00000, 0x00000007ffe80000, 0x0000000800000000)
  eden space 1149440K, 100% used [0x00000007aab00000,0x00000007f0d80000,0x00000007f0d80000)
  from space 116224K, 21% used [0x00000007f0d80000,0x00000007f259c0c0,0x00000007f7f00000)
  to   space 111104K, 0% used [0x00000007f9200000,0x00000007f9200000,0x00000007ffe80000)
 ParOldGen       total 381440K, used 381323K [0x0000000700000000, 0x0000000717480000, 0x00000007aab00000)
  object space 381440K, 99% used [0x0000000700000000,0x0000000717462fb8,0x0000000717480000)
 Metaspace       used 274354K, committed 278528K, reserved 1310720K
  class space    used 35939K, committed 37824K, reserved 1048576K
}
Event: 93.037 GC heap after
{Heap after GC invocations=40 (full 8):
 PSYoungGen      total 1265664K, used 30800K [0x00000007aab00000, 0x00000007fef00000, 0x0000000800000000)
  eden space 1170432K, 0% used [0x00000007aab00000,0x00000007aab00000,0x00000007f2200000)
  from space 95232K, 32% used [0x00000007f9200000,0x00000007fb014058,0x00000007fef00000)
  to   space 104960K, 0% used [0x00000007f2200000,0x00000007f2200000,0x00000007f8880000)
 ParOldGen       total 396288K, used 396092K [0x0000000700000000, 0x0000000718300000, 0x00000007aab00000)
  object space 396288K, 99% used [0x0000000700000000,0x00000007182cf0c8,0x0000000718300000)
 Metaspace       used 274354K, committed 278528K, reserved 1310720K
  class space    used 35939K, committed 37824K, reserved 1048576K
}
Event: 101.885 GC heap before
{Heap before GC invocations=41 (full 8):
 PSYoungGen      total 1265664K, used 1201232K [0x00000007aab00000, 0x00000007fef00000, 0x0000000800000000)
  eden space 1170432K, 100% used [0x00000007aab00000,0x00000007f2200000,0x00000007f2200000)
  from space 95232K, 32% used [0x00000007f9200000,0x00000007fb014058,0x00000007fef00000)
  to   space 104960K, 0% used [0x00000007f2200000,0x00000007f2200000,0x00000007f8880000)
 ParOldGen       total 396288K, used 396092K [0x0000000700000000, 0x0000000718300000, 0x00000007aab00000)
  object space 396288K, 99% used [0x0000000700000000,0x00000007182cf0c8,0x0000000718300000)
 Metaspace       used 285741K, committed 290176K, reserved 1310720K
  class space    used 37320K, committed 39360K, reserved 1048576K
}
Event: 101.915 GC heap after
{Heap after GC invocations=41 (full 8):
 PSYoungGen      total 1275392K, used 34440K [0x00000007aab00000, 0x00000007ffd80000, 0x0000000800000000)
  eden space 1170432K, 0% used [0x00000007aab00000,0x00000007aab00000,0x00000007f2200000)
  from space 104960K, 32% used [0x00000007f2200000,0x00000007f43a2138,0x00000007f8880000)
  to   space 98816K, 0% used [0x00000007f9d00000,0x00000007f9d00000,0x00000007ffd80000)
 ParOldGen       total 420864K, used 420424K [0x0000000700000000, 0x0000000719b00000, 0x00000007aab00000)
  object space 420864K, 99% used [0x0000000700000000,0x0000000719a921b8,0x0000000719b00000)
 Metaspace       used 285741K, committed 290176K, reserved 1310720K
  class space    used 37320K, committed 39360K, reserved 1048576K
}
Event: 514.335 GC heap before
{Heap before GC invocations=42 (full 8):
 PSYoungGen      total 1275392K, used 1204872K [0x00000007aab00000, 0x00000007ffd80000, 0x0000000800000000)
  eden space 1170432K, 100% used [0x00000007aab00000,0x00000007f2200000,0x00000007f2200000)
  from space 104960K, 32% used [0x00000007f2200000,0x00000007f43a2138,0x00000007f8880000)
  to   space 98816K, 0% used [0x00000007f9d00000,0x00000007f9d00000,0x00000007ffd80000)
 ParOldGen       total 420864K, used 420424K [0x0000000700000000, 0x0000000719b00000, 0x00000007aab00000)
  object space 420864K, 99% used [0x0000000700000000,0x0000000719a921b8,0x0000000719b00000)
 Metaspace       used 285898K, committed 290304K, reserved 1310720K
  class space    used 37321K, committed 39360K, reserved 1048576K
}
Event: 514.711 GC heap after
{Heap after GC invocations=42 (full 8):
 PSYoungGen      total 1289216K, used 1280K [0x00000007aab00000, 0x00000007ffa00000, 0x0000000800000000)
  eden space 1193984K, 0% used [0x00000007aab00000,0x00000007aab00000,0x00000007f3900000)
  from space 95232K, 1% used [0x00000007f9d00000,0x00000007f9e40000,0x00000007ffa00000)
  to   space 98816K, 0% used [0x00000007f3900000,0x00000007f3900000,0x00000007f9980000)
 ParOldGen       total 452096K, used 452060K [0x0000000700000000, 0x000000071b980000, 0x00000007aab00000)
  object space 452096K, 99% used [0x0000000700000000,0x000000071b977008,0x000000071b980000)
 Metaspace       used 285898K, committed 290304K, reserved 1310720K
  class space    used 37321K, committed 39360K, reserved 1048576K
}
Event: 773.086 GC heap before
{Heap before GC invocations=43 (full 8):
 PSYoungGen      total 1289216K, used 1195264K [0x00000007aab00000, 0x00000007ffa00000, 0x0000000800000000)
  eden space 1193984K, 100% used [0x00000007aab00000,0x00000007f3900000,0x00000007f3900000)
  from space 95232K, 1% used [0x00000007f9d00000,0x00000007f9e40000,0x00000007ffa00000)
  to   space 98816K, 0% used [0x00000007f3900000,0x00000007f3900000,0x00000007f9980000)
 ParOldGen       total 452096K, used 452060K [0x0000000700000000, 0x000000071b980000, 0x00000007aab00000)
  object space 452096K, 99% used [0x0000000700000000,0x000000071b977008,0x000000071b980000)
 Metaspace       used 295299K, committed 299840K, reserved 1310720K
  class space    used 38663K, committed 40768K, reserved 1048576K
}
Event: 773.291 GC heap after
{Heap after GC invocations=43 (full 8):
 PSYoungGen      total 1214976K, used 76875K [0x00000007aab00000, 0x00000007fd600000, 0x0000000800000000)
  eden space 1137664K, 0% used [0x00000007aab00000,0x00000007aab00000,0x00000007f0200000)
  from space 77312K, 99% used [0x00000007f3900000,0x00000007f8412d10,0x00000007f8480000)
  to   space 83456K, 0% used [0x00000007f8480000,0x00000007f8480000,0x00000007fd600000)
 ParOldGen       total 452608K, used 452276K [0x0000000700000000, 0x000000071ba00000, 0x00000007aab00000)
  object space 452608K, 99% used [0x0000000700000000,0x000000071b9ad008,0x000000071ba00000)
 Metaspace       used 295299K, committed 299840K, reserved 1310720K
  class space    used 38663K, committed 40768K, reserved 1048576K
}
Event: 1358.785 GC heap before
{Heap before GC invocations=44 (full 8):
 PSYoungGen      total 1214976K, used 1214539K [0x00000007aab00000, 0x00000007fd600000, 0x0000000800000000)
  eden space 1137664K, 100% used [0x00000007aab00000,0x00000007f0200000,0x00000007f0200000)
  from space 77312K, 99% used [0x00000007f3900000,0x00000007f8412d10,0x00000007f8480000)
  to   space 83456K, 0% used [0x00000007f8480000,0x00000007f8480000,0x00000007fd600000)
 ParOldGen       total 452608K, used 452276K [0x0000000700000000, 0x000000071ba00000, 0x00000007aab00000)
  object space 452608K, 99% used [0x0000000700000000,0x000000071b9ad008,0x000000071ba00000)
 Metaspace       used 295919K, committed 300608K, reserved 1310720K
  class space    used 38710K, committed 40896K, reserved 1048576K
}
Event: 1358.996 GC heap after
{Heap after GC invocations=44 (full 8):
 PSYoungGen      total 1163776K, used 79776K [0x00000007aab00000, 0x00000007fd280000, 0x0000000800000000)
  eden space 1083904K, 0% used [0x00000007aab00000,0x00000007aab00000,0x00000007ecd80000)
  from space 79872K, 99% used [0x00000007f8480000,0x00000007fd268000,0x00000007fd280000)
  to   space 116736K, 0% used [0x00000007eee80000,0x00000007eee80000,0x00000007f6080000)
 ParOldGen       total 528896K, used 528601K [0x0000000700000000, 0x0000000720480000, 0x00000007aab00000)
  object space 528896K, 99% used [0x0000000700000000,0x0000000720436480,0x0000000720480000)
 Metaspace       used 295919K, committed 300608K, reserved 1310720K
  class space    used 38710K, committed 40896K, reserved 1048576K
}
Event: 1540.235 GC heap before
{Heap before GC invocations=45 (full 8):
 PSYoungGen      total 1163776K, used 1163680K [0x00000007aab00000, 0x00000007fd280000, 0x0000000800000000)
  eden space 1083904K, 100% used [0x00000007aab00000,0x00000007ecd80000,0x00000007ecd80000)
  from space 79872K, 99% used [0x00000007f8480000,0x00000007fd268000,0x00000007fd280000)
  to   space 116736K, 0% used [0x00000007eee80000,0x00000007eee80000,0x00000007f6080000)
 ParOldGen       total 528896K, used 528601K [0x0000000700000000, 0x0000000720480000, 0x00000007aab00000)
  object space 528896K, 99% used [0x0000000700000000,0x0000000720436480,0x0000000720480000)
 Metaspace       used 299185K, committed 304064K, reserved 1376256K
  class space    used 39160K, committed 41408K, reserved 1048576K
}
Event: 1540.555 GC heap after
{Heap after GC invocations=45 (full 8):
 PSYoungGen      total 1112064K, used 78510K [0x00000007aab00000, 0x00000007f8c00000, 0x0000000800000000)
  eden space 1033216K, 0% used [0x00000007aab00000,0x00000007aab00000,0x00000007e9c00000)
  from space 78848K, 99% used [0x00000007eee80000,0x00000007f3b2ba50,0x00000007f3b80000)
  to   space 82432K, 0% used [0x00000007f3b80000,0x00000007f3b80000,0x00000007f8c00000)
 ParOldGen       total 606208K, used 605978K [0x0000000700000000, 0x0000000725000000, 0x00000007aab00000)
  object space 606208K, 99% used [0x0000000700000000,0x0000000724fc6bb0,0x0000000725000000)
 Metaspace       used 299185K, committed 304064K, reserved 1376256K
  class space    used 39160K, committed 41408K, reserved 1048576K
}
Event: 1552.295 GC heap before
{Heap before GC invocations=46 (full 8):
 PSYoungGen      total 1112064K, used 1111726K [0x00000007aab00000, 0x00000007f8c00000, 0x0000000800000000)
  eden space 1033216K, 100% used [0x00000007aab00000,0x00000007e9c00000,0x00000007e9c00000)
  from space 78848K, 99% used [0x00000007eee80000,0x00000007f3b2ba50,0x00000007f3b80000)
  to   space 82432K, 0% used [0x00000007f3b80000,0x00000007f3b80000,0x00000007f8c00000)
 ParOldGen       total 606208K, used 605978K [0x0000000700000000, 0x0000000725000000, 0x00000007aab00000)
  object space 606208K, 99% used [0x0000000700000000,0x0000000724fc6bb0,0x0000000725000000)
 Metaspace       used 320500K, committed 325568K, reserved 1376256K
  class space    used 42221K, committed 44544K, reserved 1048576K
}
Event: 1552.427 GC heap after
{Heap after GC invocations=46 (full 8):
 PSYoungGen      total 1012224K, used 19978K [0x00000007aab00000, 0x00000007f5680000, 0x0000000800000000)
  eden space 984576K, 0% used [0x00000007aab00000,0x00000007aab00000,0x00000007e6c80000)
  from space 27648K, 72% used [0x00000007f3b80000,0x00000007f4f02990,0x00000007f5680000)
  to   space 119808K, 0% used [0x00000007e6c80000,0x00000007e6c80000,0x00000007ee180000)
 ParOldGen       total 684544K, used 684057K [0x0000000700000000, 0x0000000729c80000, 0x00000007aab00000)
  object space 684544K, 99% used [0x0000000700000000,0x0000000729c06508,0x0000000729c80000)
 Metaspace       used 320500K, committed 325568K, reserved 1376256K
  class space    used 42221K, committed 44544K, reserved 1048576K
}

Dll operation events (3 events):
Event: 0.019 Loaded shared library C:\Program Files\Android\Android Studio\jbr\bin\java.dll
Event: 0.026 Loaded shared library C:\Program Files\Android\Android Studio\jbr\bin\zip.dll
Event: 0.975 Loaded shared library C:\Program Files\Android\Android Studio\jbr\bin\verify.dll

Deoptimization events (20 events):
Event: 1562.570 Thread 0x00000289491a56b0 Uncommon trap: trap_request=0xfffffff4 fr.pc=0x0000028919f878d8 relative=0x0000000000000658
Event: 1562.570 Thread 0x00000289491a56b0 Uncommon trap: reason=null_check action=make_not_entrant pc=0x0000028919f878d8 method=org.gradle.api.internal.tasks.properties.DefaultPropertyTypeResolver.resolveAnnotationType(Ljava/util/Map;)Ljava/lang/Class; @ 33 c2
Event: 1562.570 Thread 0x00000289491a56b0 DEOPT PACKING pc=0x0000028919f878d8 sp=0x0000008e0caf8900
Event: 1562.570 Thread 0x00000289491a56b0 DEOPT UNPACKING pc=0x00000289176a3aa2 sp=0x0000008e0caf8888 mode 2
Event: 1562.584 Thread 0x00000289491a56b0 Uncommon trap: trap_request=0xffffff45 fr.pc=0x000002891a35873c relative=0x0000000000000b7c
Event: 1562.584 Thread 0x00000289491a56b0 Uncommon trap: reason=unstable_if action=reinterpret pc=0x000002891a35873c method=org.gradle.api.internal.file.collections.UnpackingVisitor.add(Ljava/lang/Object;)V @ 312 c2
Event: 1562.584 Thread 0x00000289491a56b0 DEOPT PACKING pc=0x000002891a35873c sp=0x0000008e0cafa1b0
Event: 1562.584 Thread 0x00000289491a56b0 DEOPT UNPACKING pc=0x00000289176a3aa2 sp=0x0000008e0cafa128 mode 2
Event: 1562.623 Thread 0x00000289491a56b0 Uncommon trap: trap_request=0xffffffde fr.pc=0x0000028919c9dac4 relative=0x0000000000000a84
Event: 1562.623 Thread 0x00000289491a56b0 Uncommon trap: reason=class_check action=maybe_recompile pc=0x0000028919c9dac4 method=org.gradle.api.internal.artifacts.configurations.DefaultConfiguration.lambda$runDependencyActions$2(Lorg/gradle/api/internal/artifacts/configurations/DefaultConfiguratio
Event: 1562.623 Thread 0x00000289491a56b0 DEOPT PACKING pc=0x0000028919c9dac4 sp=0x0000008e0caf9bf0
Event: 1562.623 Thread 0x00000289491a56b0 DEOPT UNPACKING pc=0x00000289176a3aa2 sp=0x0000008e0caf9ac8 mode 2
Event: 1562.635 Thread 0x00000289491a56b0 Uncommon trap: trap_request=0xffffffde fr.pc=0x000002891a17fbf0 relative=0x00000000000004f0
Event: 1562.635 Thread 0x00000289491a56b0 Uncommon trap: reason=class_check action=maybe_recompile pc=0x000002891a17fbf0 method=java.util.HashMap.removeNode(ILjava/lang/Object;Ljava/lang/Object;ZZ)Ljava/util/HashMap$Node; @ 143 c2
Event: 1562.635 Thread 0x00000289491a56b0 DEOPT PACKING pc=0x000002891a17fbf0 sp=0x0000008e0cafa400
Event: 1562.635 Thread 0x00000289491a56b0 DEOPT UNPACKING pc=0x00000289176a3aa2 sp=0x0000008e0cafa308 mode 2
Event: 1562.727 Thread 0x00000289491a56b0 Uncommon trap: trap_request=0xffffff66 fr.pc=0x000002891a446254 relative=0x0000000000000634
Event: 1562.727 Thread 0x00000289491a56b0 Uncommon trap: reason=speculate_class_check action=maybe_recompile pc=0x000002891a446254 method=org.gradle.api.internal.artifacts.publish.DecoratingPublishArtifact.<init>(Lorg/gradle/api/internal/tasks/TaskDependencyFactory;Lorg/gradle/api/artifacts/Publi
Event: 1562.727 Thread 0x00000289491a56b0 DEOPT PACKING pc=0x000002891a446254 sp=0x0000008e0caf5a20
Event: 1562.727 Thread 0x00000289491a56b0 DEOPT UNPACKING pc=0x00000289176a3aa2 sp=0x0000008e0caf5838 mode 2

Classes loaded (20 events):
Event: 1534.932 Loading class com/sun/crypto/provider/PBKDF2Core$HmacSHA256
Event: 1534.933 Loading class com/sun/crypto/provider/PBKDF2Core
Event: 1534.934 Loading class com/sun/crypto/provider/PBKDF2Core done
Event: 1534.934 Loading class com/sun/crypto/provider/PBKDF2Core$HmacSHA256 done
Event: 1534.935 Loading class com/sun/crypto/provider/PBKDF2KeyImpl
Event: 1534.939 Loading class com/sun/crypto/provider/PBKDF2KeyImpl done
Event: 1534.940 Loading class com/sun/crypto/provider/HmacCore$HmacSHA256
Event: 1534.940 Loading class com/sun/crypto/provider/HmacCore$HmacSHA256 done
Event: 1534.940 Loading class com/sun/crypto/provider/PBKDF2KeyImpl$1
Event: 1534.941 Loading class com/sun/crypto/provider/PBKDF2KeyImpl$1 done
Event: 1534.962 Loading class java/security/KeyStore$SecretKeyEntry
Event: 1534.963 Loading class java/security/KeyStore$Entry
Event: 1534.963 Loading class java/security/KeyStore$Entry done
Event: 1534.963 Loading class java/security/KeyStore$SecretKeyEntry done
Event: 1535.022 Loading class java/lang/invoke/BoundMethodHandle$Species_LLLLLLLLLLLLLLLLLLLLLLLLLLLLLLL
Event: 1535.022 Loading class java/lang/invoke/BoundMethodHandle$Species_LLLLLLLLLLLLLLLLLLLLLLLLLLLLLLL done
Event: 1535.048 Loading class java/lang/invoke/BoundMethodHandle$Species_LLLLLLLLLLLLLLLLLLLLLLLLLLLLLLLL
Event: 1535.049 Loading class java/lang/invoke/BoundMethodHandle$Species_LLLLLLLLLLLLLLLLLLLLLLLLLLLLLLLL done
Event: 1535.053 Loading class java/lang/invoke/BoundMethodHandle$Species_LLLLLLLLLLLLLLLLLLLLLLLLLLLLLLLLL
Event: 1535.053 Loading class java/lang/invoke/BoundMethodHandle$Species_LLLLLLLLLLLLLLLLLLLLLLLLLLLLLLLLL done

Classes unloaded (0 events):
No events

Classes redefined (0 events):
No events

Internal exceptions (20 events):
Event: 1562.913 Thread 0x00000289491a56b0 Exception <a 'sun/nio/fs/WindowsException'{0x00000007dffdfca8}> (0x00000007dffdfca8) 
thrown [s\src\hotspot\share\prims\jni.cpp, line 537]
Event: 1562.914 Thread 0x00000289491a56b0 Exception <a 'sun/nio/fs/WindowsException'{0x00000007dfff96d0}> (0x00000007dfff96d0) 
thrown [s\src\hotspot\share\prims\jni.cpp, line 537]
Event: 1562.916 Thread 0x00000289491a56b0 Exception <a 'sun/nio/fs/WindowsException'{0x00000007e0012820}> (0x00000007e0012820) 
thrown [s\src\hotspot\share\prims\jni.cpp, line 537]
Event: 1562.918 Thread 0x00000289491a56b0 Exception <a 'sun/nio/fs/WindowsException'{0x00000007e002ac50}> (0x00000007e002ac50) 
thrown [s\src\hotspot\share\prims\jni.cpp, line 537]
Event: 1562.920 Thread 0x00000289491a56b0 Exception <a 'sun/nio/fs/WindowsException'{0x00000007e003de60}> (0x00000007e003de60) 
thrown [s\src\hotspot\share\prims\jni.cpp, line 537]
Event: 1562.923 Thread 0x00000289491a56b0 Exception <a 'sun/nio/fs/WindowsException'{0x00000007e007ac98}> (0x00000007e007ac98) 
thrown [s\src\hotspot\share\prims\jni.cpp, line 537]
Event: 1562.925 Thread 0x00000289491a56b0 Exception <a 'sun/nio/fs/WindowsException'{0x00000007e0090cf8}> (0x00000007e0090cf8) 
thrown [s\src\hotspot\share\prims\jni.cpp, line 537]
Event: 1562.928 Thread 0x00000289491a56b0 Exception <a 'sun/nio/fs/WindowsException'{0x00000007e00d8a28}> (0x00000007e00d8a28) 
thrown [s\src\hotspot\share\prims\jni.cpp, line 537]
Event: 1562.929 Thread 0x00000289491a56b0 Exception <a 'sun/nio/fs/WindowsException'{0x00000007e00f35b0}> (0x00000007e00f35b0) 
thrown [s\src\hotspot\share\prims\jni.cpp, line 537]
Event: 1562.930 Thread 0x00000289491a56b0 Exception <a 'sun/nio/fs/WindowsException'{0x00000007e0108898}> (0x00000007e0108898) 
thrown [s\src\hotspot\share\prims\jni.cpp, line 537]
Event: 1562.933 Thread 0x00000289491a56b0 Exception <a 'sun/nio/fs/WindowsException'{0x00000007e0123dc0}> (0x00000007e0123dc0) 
thrown [s\src\hotspot\share\prims\jni.cpp, line 537]
Event: 1562.937 Thread 0x00000289491a56b0 Exception <a 'sun/nio/fs/WindowsException'{0x00000007e0147538}> (0x00000007e0147538) 
thrown [s\src\hotspot\share\prims\jni.cpp, line 537]
Event: 1562.942 Thread 0x00000289491a56b0 Exception <a 'sun/nio/fs/WindowsException'{0x00000007e0168fb8}> (0x00000007e0168fb8) 
thrown [s\src\hotspot\share\prims\jni.cpp, line 537]
Event: 1562.945 Thread 0x00000289491a56b0 Exception <a 'sun/nio/fs/WindowsException'{0x00000007e018bab8}> (0x00000007e018bab8) 
thrown [s\src\hotspot\share\prims\jni.cpp, line 537]
Event: 1562.946 Thread 0x00000289491a56b0 Exception <a 'sun/nio/fs/WindowsException'{0x00000007e019ccf8}> (0x00000007e019ccf8) 
thrown [s\src\hotspot\share\prims\jni.cpp, line 537]
Event: 1562.948 Thread 0x00000289491a56b0 Exception <a 'sun/nio/fs/WindowsException'{0x00000007e01f5fa8}> (0x00000007e01f5fa8) 
thrown [s\src\hotspot\share\prims\jni.cpp, line 537]
Event: 1562.951 Thread 0x00000289491a56b0 Exception <a 'sun/nio/fs/WindowsException'{0x00000007e02188b8}> (0x00000007e02188b8) 
thrown [s\src\hotspot\share\prims\jni.cpp, line 537]
Event: 1562.953 Thread 0x00000289491a56b0 Exception <a 'sun/nio/fs/WindowsException'{0x00000007e0236bc8}> (0x00000007e0236bc8) 
thrown [s\src\hotspot\share\prims\jni.cpp, line 537]
Event: 1562.955 Thread 0x00000289491a56b0 Exception <a 'sun/nio/fs/WindowsException'{0x00000007e0258300}> (0x00000007e0258300) 
thrown [s\src\hotspot\share\prims\jni.cpp, line 537]
Event: 1563.070 Thread 0x0000028930461270 Exception <a 'sun/nio/fs/WindowsException'{0x00000007e0588000}> (0x00000007e0588000) 
thrown [s\src\hotspot\share\prims\jni.cpp, line 537]

ZGC Phase Switch (0 events):
No events

VM Operations (20 events):
Event: 1553.441 Executing VM operation: Cleanup done
Event: 1554.452 Executing VM operation: Cleanup
Event: 1554.452 Executing VM operation: Cleanup done
Event: 1555.463 Executing VM operation: Cleanup
Event: 1555.464 Executing VM operation: Cleanup done
Event: 1556.473 Executing VM operation: Cleanup
Event: 1556.473 Executing VM operation: Cleanup done
Event: 1557.482 Executing VM operation: Cleanup
Event: 1557.482 Executing VM operation: Cleanup done
Event: 1558.494 Executing VM operation: Cleanup
Event: 1558.494 Executing VM operation: Cleanup done
Event: 1559.507 Executing VM operation: Cleanup
Event: 1559.507 Executing VM operation: Cleanup done
Event: 1560.517 Executing VM operation: Cleanup
Event: 1560.517 Executing VM operation: Cleanup done
Event: 1561.524 Executing VM operation: Cleanup
Event: 1561.525 Executing VM operation: Cleanup done
Event: 1562.539 Executing VM operation: Cleanup
Event: 1562.539 Executing VM operation: Cleanup done
Event: 1563.553 Executing VM operation: Cleanup

Memory protections (0 events):
No events

Nmethod flushes (20 events):
Event: 71.670 Thread 0x00000289283feb10 flushing  nmethod 0x00000289143cb510
Event: 71.670 Thread 0x00000289283feb10 flushing  nmethod 0x000002891441dd10
Event: 71.670 Thread 0x00000289283feb10 flushing  nmethod 0x000002891446f190
Event: 71.670 Thread 0x00000289283feb10 flushing  nmethod 0x0000028914478b90
Event: 71.670 Thread 0x00000289283feb10 flushing  nmethod 0x0000028914479e10
Event: 71.670 Thread 0x00000289283feb10 flushing  nmethod 0x000002891447fa90
Event: 71.670 Thread 0x00000289283feb10 flushing  nmethod 0x0000028914487e10
Event: 71.670 Thread 0x00000289283feb10 flushing  nmethod 0x0000028914489690
Event: 71.670 Thread 0x00000289283feb10 flushing  nmethod 0x000002891449f510
Event: 71.670 Thread 0x00000289283feb10 flushing  nmethod 0x00000289144a0d10
Event: 71.670 Thread 0x00000289283feb10 flushing  nmethod 0x00000289144bbf10
Event: 71.670 Thread 0x00000289283feb10 flushing  nmethod 0x00000289144d3490
Event: 71.670 Thread 0x00000289283feb10 flushing  nmethod 0x00000289144fe910
Event: 71.670 Thread 0x00000289283feb10 flushing  nmethod 0x00000289144ff790
Event: 71.670 Thread 0x00000289283feb10 flushing  nmethod 0x000002891457b990
Event: 71.670 Thread 0x00000289283feb10 flushing  nmethod 0x0000028914690410
Event: 71.670 Thread 0x00000289283feb10 flushing  nmethod 0x000002891496d990
Event: 71.670 Thread 0x00000289283feb10 flushing  nmethod 0x00000289149e8a10
Event: 71.670 Thread 0x00000289283feb10 flushing  nmethod 0x00000289149e9a90
Event: 71.670 Thread 0x00000289283feb10 flushing  nmethod 0x00000289149ecd90

Events (20 events):
Event: 1554.394 Thread 0x00000289491a56b0 Thread added: 0x0000028937ada960
Event: 1554.395 Thread 0x00000289491a56b0 Thread added: 0x0000028937adb680
Event: 1554.395 Thread 0x00000289491a56b0 Thread added: 0x00000289351b0d30
Event: 1554.558 Thread 0x000002894b459740 Thread exited: 0x000002894b459740
Event: 1555.646 Thread 0x000002892d4a4ed0 Thread added: 0x0000028957926760
Event: 1555.700 Thread 0x0000028957926760 Thread added: 0x0000028934482150
Event: 1555.700 Thread 0x0000028957926760 Thread added: 0x0000028934480ce0
Event: 1556.411 Thread 0x0000028934480ce0 Thread exited: 0x0000028934480ce0
Event: 1556.959 Thread 0x0000028957926760 Thread added: 0x0000028949347360
Event: 1558.830 Thread 0x000002892d48b2a0 Thread added: 0x0000028946b33070
Event: 1559.508 Thread 0x0000028957926760 Thread added: 0x0000028935873010
Event: 1559.520 Thread 0x0000028946b33070 Thread exited: 0x0000028946b33070
Event: 1559.843 Thread 0x0000028934482150 Thread exited: 0x0000028934482150
Event: 1560.231 Thread 0x000002892d48b2a0 Thread added: 0x0000028946b33070
Event: 1561.476 Thread 0x0000028946b33070 Thread exited: 0x0000028946b33070
Event: 1561.502 Thread 0x000002892d48b2a0 Thread added: 0x00000289447c74a0
Event: 1561.629 Thread 0x00000289447c74a0 Thread exited: 0x00000289447c74a0
Event: 1561.759 Thread 0x0000028935873010 Thread exited: 0x0000028935873010
Event: 1561.778 Thread 0x0000028949347360 Thread exited: 0x0000028949347360
Event: 1561.778 Thread 0x0000028957926760 Thread exited: 0x0000028957926760


Dynamic libraries:
0x00007ff7a8440000 - 0x00007ff7a844a000 	C:\Program Files\Android\Android Studio\jbr\bin\java.exe
0x00007ffe70ec0000 - 0x00007ffe71128000 	C:\Windows\SYSTEM32\ntdll.dll
0x00007ffe704f0000 - 0x00007ffe705b9000 	C:\Windows\System32\KERNEL32.DLL
0x00007ffe6e390000 - 0x00007ffe6e781000 	C:\Windows\System32\KERNELBASE.dll
0x00007ffe6aca0000 - 0x00007ffe6ad3e000 	C:\Windows\SYSTEM32\apphelp.dll
0x00007ffe6eb10000 - 0x00007ffe6ec5b000 	C:\Windows\System32\ucrtbase.dll
0x00007ffe57690000 - 0x00007ffe576ae000 	C:\Windows\SYSTEM32\VCRUNTIME140.dll
0x00007ffe5bb00000 - 0x00007ffe5bb18000 	C:\Program Files\Android\Android Studio\jbr\bin\jli.dll
0x00007ffe70a40000 - 0x00007ffe70c06000 	C:\Windows\System32\USER32.dll
0x00007ffe55be0000 - 0x00007ffe55e73000 	C:\Windows\WinSxS\amd64_microsoft.windows.common-controls_6595b64144ccf1df_6.0.26100.7824_none_3e0870b2e3345462\COMCTL32.dll
0x00007ffe6e360000 - 0x00007ffe6e387000 	C:\Windows\System32\win32u.dll
0x00007ffe70dd0000 - 0x00007ffe70e79000 	C:\Windows\System32\msvcrt.dll
0x00007ffe6fef0000 - 0x00007ffe6ff1b000 	C:\Windows\System32\GDI32.dll
0x00007ffe6d850000 - 0x00007ffe6d97b000 	C:\Windows\System32\gdi32full.dll
0x00007ffe6d7a0000 - 0x00007ffe6d843000 	C:\Windows\System32\msvcp_win.dll
0x00007ffe70100000 - 0x00007ffe70131000 	C:\Windows\System32\IMM32.DLL
0x00007ffe5b650000 - 0x00007ffe5b66b000 	C:\Program Files\Android\Android Studio\jbr\bin\vcruntime140.dll
0x00007ffe5baf0000 - 0x00007ffe5bafc000 	C:\Program Files\Android\Android Studio\jbr\bin\vcruntime140_1.dll
0x00007ffe509c0000 - 0x00007ffe50a4d000 	C:\Program Files\Android\Android Studio\jbr\bin\msvcp140.dll
0x00007ffdc4460000 - 0x00007ffdc50f6000 	C:\Program Files\Android\Android Studio\jbr\bin\server\jvm.dll
0x00007ffe70950000 - 0x00007ffe70a04000 	C:\Windows\System32\ADVAPI32.dll
0x00007ffe70c10000 - 0x00007ffe70cb6000 	C:\Windows\System32\sechost.dll
0x00007ffe6fb30000 - 0x00007ffe6fc48000 	C:\Windows\System32\RPCRT4.dll
0x00007ffe6ff20000 - 0x00007ffe6ff94000 	C:\Windows\System32\WS2_32.dll
0x00007ffe6d5f0000 - 0x00007ffe6d64e000 	C:\Windows\SYSTEM32\POWRPROF.dll
0x00007ffe63b50000 - 0x00007ffe63b85000 	C:\Windows\SYSTEM32\WINMM.dll
0x00007ffe66410000 - 0x00007ffe6641b000 	C:\Windows\SYSTEM32\VERSION.dll
0x00007ffe6d5d0000 - 0x00007ffe6d5e4000 	C:\Windows\SYSTEM32\UMPDC.dll
0x00007ffe6c500000 - 0x00007ffe6c51b000 	C:\Windows\SYSTEM32\kernel.appcore.dll
0x00007ffe6a520000 - 0x00007ffe6a52a000 	C:\Program Files\Android\Android Studio\jbr\bin\jimage.dll
0x00007ffe6b710000 - 0x00007ffe6b952000 	C:\Windows\SYSTEM32\DBGHELP.DLL
0x00007ffe705c0000 - 0x00007ffe70946000 	C:\Windows\System32\combase.dll
0x00007ffe6ffa0000 - 0x00007ffe70077000 	C:\Windows\System32\OLEAUT32.dll
0x00007ffe52290000 - 0x00007ffe522cb000 	C:\Windows\SYSTEM32\dbgcore.DLL
0x00007ffe6d980000 - 0x00007ffe6da25000 	C:\Windows\System32\bcryptPrimitives.dll
0x00007ffe5bab0000 - 0x00007ffe5babe000 	C:\Program Files\Android\Android Studio\jbr\bin\instrument.dll
0x00007ffe602c0000 - 0x00007ffe602e0000 	C:\Program Files\Android\Android Studio\jbr\bin\java.dll
0x00007ffe5e6c0000 - 0x00007ffe5e6d8000 	C:\Program Files\Android\Android Studio\jbr\bin\zip.dll
0x00007ffe6f0f0000 - 0x00007ffe6f842000 	C:\Windows\System32\SHELL32.dll
0x00007ffe6e9a0000 - 0x00007ffe6eb0a000 	C:\Windows\System32\wintypes.dll
0x00007ffe6daf0000 - 0x00007ffe6e353000 	C:\Windows\System32\windows.storage.dll
0x00007ffe6f850000 - 0x00007ffe6f946000 	C:\Windows\System32\SHCORE.dll
0x00007ffe70320000 - 0x00007ffe70387000 	C:\Windows\System32\shlwapi.dll
0x00007ffe6d6c0000 - 0x00007ffe6d6e9000 	C:\Windows\SYSTEM32\profapi.dll
0x00007ffe696f0000 - 0x00007ffe69700000 	C:\Program Files\Android\Android Studio\jbr\bin\net.dll
0x00007ffe676d0000 - 0x00007ffe677f7000 	C:\Windows\SYSTEM32\WINHTTP.dll
0x00007ffe6ca50000 - 0x00007ffe6cabb000 	C:\Windows\system32\mswsock.dll
0x00007ffe5cbf0000 - 0x00007ffe5cc06000 	C:\Program Files\Android\Android Studio\jbr\bin\nio.dll
0x00007ffe5c620000 - 0x00007ffe5c630000 	C:\Program Files\Android\Android Studio\jbr\bin\verify.dll
0x00007ffe4f610000 - 0x00007ffe4f637000 	C:\Users\userino\.gradle\native\660c5614fbf4a5f2a75b1949f50a0caf5cd603558e7d8a26e50b933a0cfb79d1\windows-amd64\native-platform.dll
0x00007ffe4c4c0000 - 0x00007ffe4c537000 	C:\Users\userino\.gradle\native\0.2.8\x86_64-windows-gnu\gradle-fileevents.dll
0x00007ffe618d0000 - 0x00007ffe618d9000 	C:\Program Files\Android\Android Studio\jbr\bin\management.dll
0x00007ffe5c630000 - 0x00007ffe5c63b000 	C:\Program Files\Android\Android Studio\jbr\bin\management_ext.dll
0x00007ffe704d0000 - 0x00007ffe704d8000 	C:\Windows\System32\PSAPI.DLL
0x00007ffe6bfb0000 - 0x00007ffe6bfe4000 	C:\Windows\SYSTEM32\IPHLPAPI.DLL
0x00007ffe6fb20000 - 0x00007ffe6fb2a000 	C:\Windows\System32\NSI.dll
0x00007ffe658f0000 - 0x00007ffe658f9000 	C:\Program Files\Android\Android Studio\jbr\bin\extnet.dll
0x00007ffe6ce40000 - 0x00007ffe6ce5b000 	C:\Windows\SYSTEM32\CRYPTSP.dll
0x00007ffe6c460000 - 0x00007ffe6c499000 	C:\Windows\system32\rsaenh.dll
0x00007ffe6cb00000 - 0x00007ffe6cb2b000 	C:\Windows\SYSTEM32\USERENV.dll
0x00007ffe6d690000 - 0x00007ffe6d6ba000 	C:\Windows\SYSTEM32\bcrypt.dll
0x00007ffe6cca0000 - 0x00007ffe6ccac000 	C:\Windows\SYSTEM32\CRYPTBASE.dll
0x00007ffe2c1d0000 - 0x00007ffe2c1d8000 	C:\Windows\system32\wshunix.dll
0x00007ffe6bff0000 - 0x00007ffe6c11c000 	C:\Windows\SYSTEM32\DNSAPI.dll
0x00007ffe67030000 - 0x00007ffe6703b000 	C:\Windows\System32\rasadhlp.dll
0x00007ffe67c80000 - 0x00007ffe67d06000 	C:\Windows\System32\fwpuclnt.dll

JVMTI agents:
C:\Users\userino\.gradle\wrapper\dists\gradle-9.2.1-bin\2t0n5ozlw9xmuyvbp7dnzaxug\gradle-9.2.1\lib\agents\gradle-instrumentation-agent-9.2.1.jar path:C:\Program Files\Android\Android Studio\jbr\bin\instrument.dll, loaded, initialized, instrumentlib options:none

dbghelp: loaded successfully - version: 4.0.5 - missing functions: none
symbol engine: initialized successfully - sym options: 0x614 - pdb path: .;C:\Program Files\Android\Android Studio\jbr\bin;C:\Windows\SYSTEM32;C:\Windows\WinSxS\amd64_microsoft.windows.common-controls_6595b64144ccf1df_6.0.26100.7824_none_3e0870b2e3345462;C:\Program Files\Android\Android Studio\jbr\bin\server;C:\Users\userino\.gradle\native\660c5614fbf4a5f2a75b1949f50a0caf5cd603558e7d8a26e50b933a0cfb79d1\windows-amd64;C:\Users\userino\.gradle\native\0.2.8\x86_64-windows-gnu

VM Arguments:
jvm_args: --add-opens=java.base/java.lang=ALL-UNNAMED --add-opens=java.base/java.lang.invoke=ALL-UNNAMED --add-opens=java.base/java.util=ALL-UNNAMED --add-opens=java.prefs/java.util.prefs=ALL-UNNAMED --add-exports=jdk.compiler/com.sun.tools.javac.api=ALL-UNNAMED --add-exports=jdk.compiler/com.sun.tools.javac.util=ALL-UNNAMED --add-opens=java.base/java.util=ALL-UNNAMED --add-opens=java.prefs/java.util.prefs=ALL-UNNAMED --add-opens=java.base/java.nio.charset=ALL-UNNAMED --add-opens=java.base/java.net=ALL-UNNAMED --add-opens=java.base/java.util.concurrent=ALL-UNNAMED --add-opens=java.base/java.util.concurrent.atomic=ALL-UNNAMED --add-opens=java.xml/javax.xml.namespace=ALL-UNNAMED --add-opens=java.base/java.time=ALL-UNNAMED -XX:+UseParallelGC -Xmx4G -Dfile.encoding=UTF-8 -Duser.country=US -Duser.language=en -Duser.variant -javaagent:C:\Users\userino\.gradle\wrapper\dists\gradle-9.2.1-bin\2t0n5ozlw9xmuyvbp7dnzaxug\gradle-9.2.1\lib\agents\gradle-instrumentation-agent-9.2.1.jar 
java_command: org.gradle.launcher.daemon.bootstrap.GradleDaemon 9.2.1
java_class_path (initial): C:\Users\userino\.gradle\wrapper\dists\gradle-9.2.1-bin\2t0n5ozlw9xmuyvbp7dnzaxug\gradle-9.2.1\lib\gradle-daemon-main-9.2.1.jar
Launcher Type: SUN_STANDARD

[Global flags]
     intx CICompilerCount                          = 12                                        {product} {ergonomic}
   size_t InitialHeapSize                          = 257949696                                 {product} {ergonomic}
   size_t MaxHeapSize                              = 4294967296                                {product} {command line}
   size_t MaxNewSize                               = 1431306240                                {product} {ergonomic}
   size_t MinHeapDeltaBytes                        = 524288                                    {product} {ergonomic}
   size_t MinHeapSize                              = 8388608                                   {product} {ergonomic}
   size_t NewSize                                  = 85983232                                  {product} {ergonomic}
    uintx NonNMethodCodeHeapSize                   = 7602480                                {pd product} {ergonomic}
    uintx NonProfiledCodeHeapSize                  = 122027880                              {pd product} {ergonomic}
   size_t OldSize                                  = 171966464                                 {product} {ergonomic}
    uintx ProfiledCodeHeapSize                     = 122027880                              {pd product} {ergonomic}
    uintx ReservedCodeCacheSize                    = 251658240                              {pd product} {ergonomic}
     bool SegmentedCodeCache                       = true                                      {product} {ergonomic}
   size_t SoftMaxHeapSize                          = 4294967296                             {manageable} {ergonomic}
     bool UseCompressedOops                        = true                           {product lp64_product} {ergonomic}
     bool UseLargePagesIndividualAllocation        = false                                  {pd product} {ergonomic}
     bool UseParallelGC                            = true                                      {product} {command line}

Logging:
Log output configuration:
 #0: stdout all=warning uptime,level,tags foldmultilines=false
 #1: stderr all=off uptime,level,tags foldmultilines=false

Release file:
JAVA_VERSION="21.0.9" 
MODULES="java.base java.compiler java.datatransfer java.xml java.prefs java.desktop java.instrument java.logging java.management java.security.sasl java.naming java.rmi java.management.rmi java.net.http java.scripting java.security.jgss java.transaction.xa java.sql java.sql.rowset java.xml.crypto java.se java.smartcardio jdk.accessibility jdk.internal.jvmstat jdk.attach jdk.charsets jdk.internal.opt jdk.zipfs jdk.compiler jdk.crypto.ec jdk.crypto.cryptoki jdk.dynalink jdk.hotspot.agent jdk.httpserver jdk.internal.ed jdk.internal.le jdk.internal.vm.ci jdk.jartool jdk.javadoc jdk.jcmd jdk.jdeps jdk.jdwp.agent jdk.jdi jdk.jfr jdk.jlink jdk.jsobject jdk.localedata jdk.management jdk.management.agent jdk.management.jfr jdk.naming.dns jdk.naming.rmi jdk.net jdk.sctp jdk.security.auth jdk.security.jgss jdk.unsupported jdk.unsupported.desktop jdk.xml.dom" 
IMPLEMENTOR="JetBrains s.r.o." 
JAVA_RUNTIME_VERSION="21.0.9+-14787801-b1163.94" 
LIBC="default" 
OS_ARCH="x86_64" 
OS_NAME="Windows" 
SOURCE=".:git:0c757ddc9f2f" 

Environment Variables:
PATH=C:\Program Files\Mozilla Firefox;C:\Program Files (x86)\Common Files\Oracle\Java\java8path;C:\Program Files (x86)\Common Files\Oracle\Java\javapath;C:\Program Files (x86)\VMware\VMware Workstation\bin\;C:\Windows\system32;C:\Windows;C:\Windows\System32\Wbem;C:\Windows\System32\WindowsPowerShell\v1.0\;C:\Windows\System32\OpenSSH\;C:\Program Files\dotnet\;C:\Program Files\WireGuard\;C:\Program Files\Git\cmd;C:\Program Files\NVIDIA Corporation\NVIDIA App\NvDLISR;C:\Program Files (x86)\NVIDIA Corporation\PhysX\Common;C:\Program Files (x86)\Windows Kits\10\Windows Performance Toolkit\;C:\Program Files\PowerShell\7\;C:\Program Files (x86)\Microsoft SQL Server\160\Tools\Binn\;C:\Program Files\Microsoft SQL Server\160\Tools\Binn\;C:\Program Files\Microsoft SQL Server\Client SDK\ODBC\170\Tools\Binn\;C:\Program Files\Microsoft SQL Server\160\DTS\Binn\;C:\Program Files\Microsoft SQL Server\150\Tools\Binn\;C:\Program Files\Microsoft SQL Server\170\Tools\Binn\;C:\Program Files\MySQL\MySQL Shell 8.4\bin\;C:\Users\userino\AppData\Local\Programs\Python\Python310\Scripts\;C:\Users\userino\AppData\Local\Programs\Python\Python310\;C:\Users\userino\AppData\Local\Microsoft\WindowsApps;C:\Users\userino\AppData\Local\Programs\Microsoft VS Code\bin;C:\Users\userino\AppData\Local\Microsoft\WinGet\Packages\Gyan.FFmpeg_Microsoft.Winget.Source_8wekyb3d8bbwe\ffmpeg-7.1.1-full_build\bin;C:\Users\userino\AppData\Local\Microsoft\WinGet\Packages\Microsoft.Sysinternals_Microsoft.Winget.Source_8wekyb3d8bbwe;C:\Users\userino\AppData\Local\spicetify;C:\Users\userino\AppData\Roaming\Python\Scripts;C:\Users\userino\AppData\Local\Microsoft\WinGet\Packages\Xiph.FLAC_Microsoft.Winget.Source_8wekyb3d8bbwe\flac-1.5.0-win\Win64;C:\Users\userino\AppData\Local\GitHubDesktop\bin;C:\Users\userino\.dotnet\tools
USERNAME=userino
OS=Windows_NT
PROCESSOR_IDENTIFIER=AMD64 Family 25 Model 68 Stepping 1, AuthenticAMD
TMP=C:\Users\userino\AppData\Local\Temp
TEMP=C:\Users\userino\AppData\Local\Temp




Periodic native trim disabled

JNI global refs:
JNI global refs: 37, weak refs: 0

JNI global refs memory usage: 835, weak refs: 833

Process memory usage:
Resident Set Size: 1883748K (11% of 16003952K total physical memory with 902436K free physical memory)

OOME stack traces (most recent first):
Classloader memory used:
Loader org.gradle.internal.classloader.VisitableURLClassLoader                         : 128M
Loader org.gradle.internal.classloader.VisitableURLClassLoader$InstrumentingVisitableURLClassLoader: 117M
Loader bootstrap                                                                       : 40334K
Loader org.gradle.initialization.MixInLegacyTypesClassLoader                           : 20177K
Loader org.gradle.internal.classloader.VisitableURLClassLoader                         : 10350K
Loader org.gradle.groovy.scripts.internal.DefaultScriptCompilationHandler$ScriptClassLoader: 6884K
Loader jdk.internal.reflect.DelegatingClassLoader                                      : 1081K
Loader jdk.internal.loader.ClassLoaders$PlatformClassLoader                            : 739K
Loader jdk.internal.jrtfs.JrtFileSystemProvider$JrtFsLoader                            : 347K
Loader jdk.internal.loader.ClassLoaders$AppClassLoader                                 : 233K
Loader org.codehaus.groovy.runtime.callsite.CallSiteClassLoader                        : 160K
Loader sun.reflect.misc.MethodUtil                                                     : 2984B

Classes loaded by more than one classloader:
Class Program                                                                         : loaded 18 times (x 72B)
Class Build_gradle                                                                    : loaded 9 times (x 126B)
Class Build_gradle$1                                                                  : loaded 8 times (x 74B)
Class com.google.common.collect.ImmutableSet                                          : loaded 6 times (x 145B)
Class com.google.common.collect.ImmutableList                                         : loaded 6 times (x 206B)
Class com.google.common.collect.ImmutableCollection                                   : loaded 6 times (x 125B)
Class com.google.common.collect.Iterators$4                                           : loaded 6 times (x 82B)
Class com.google.common.collect.Iterators$1                                           : loaded 6 times (x 81B)
Class com.google.common.base.Function                                                 : loaded 6 times (x 70B)
Class com.google.common.collect.Lists                                                 : loaded 6 times (x 71B)
Class com.google.common.collect.UnmodifiableListIterator                              : loaded 6 times (x 95B)
Class com.google.common.collect.AbstractIndexedListIterator                           : loaded 6 times (x 96B)
Class com.google.common.collect.Iterators$9                                           : loaded 6 times (x 81B)
Class com.google.common.collect.AbstractIterator                                      : loaded 6 times (x 82B)
Class com.google.common.collect.Iterators$MergingIterator                             : loaded 6 times (x 81B)
Class com.google.common.collect.Lists$StringAsImmutableList                           : loaded 6 times (x 207B)
Class com.google.common.collect.Iterators$5                                           : loaded 6 times (x 82B)
Class com.google.common.collect.Iterators                                             : loaded 6 times (x 71B)
Class com.google.common.collect.Iterators$SingletonIterator                           : loaded 6 times (x 81B)
Class com.google.common.base.Preconditions                                            : loaded 6 times (x 71B)
Class com.google.common.collect.UnmodifiableIterator                                  : loaded 6 times (x 80B)
Class com.google.common.collect.PeekingIterator                                       : loaded 6 times (x 70B)
Class com.google.common.collect.Iterators$ArrayItr                                    : loaded 6 times (x 97B)
Class com.google.common.collect.ImmutableRangeSet$AsSet                               : loaded 5 times (x 300B)
Class com.google.common.base.CharMatcher$IsNot                                        : loaded 5 times (x 111B)
Class com.google.common.collect.ImmutableCollection$Builder                           : loaded 5 times (x 76B)
Class com.google.common.collect.RangeGwtSerializationDependencies                     : loaded 5 times (x 71B)
Class com.google.common.base.Joiner$2                                                 : loaded 5 times (x 79B)
Class com.google.common.base.CharMatcher                                              : loaded 5 times (x 111B)
Class com.google.common.base.Joiner                                                   : loaded 5 times (x 79B)
Class com.google.common.base.Joiner$1                                                 : loaded 5 times (x 80B)
Class com.google.common.collect.Platform                                              : loaded 5 times (x 71B)
Class com.google.common.base.CharMatcher$1                                            : loaded 5 times (x 113B)
Class com.google.common.collect.ImmutableSortedSet                                    : loaded 5 times (x 300B)
Class com.google.common.base.CharMatcher$NamedFastMatcher                             : loaded 5 times (x 112B)
Class com.google.common.collect.RegularImmutableSortedSet                             : loaded 5 times (x 300B)
Class com.google.common.collect.RangeSet                                              : loaded 5 times (x 70B)
Class com.google.common.base.CharMatcher$Is                                           : loaded 5 times (x 111B)
Class com.google.common.base.CharMatcher$Negated                                      : loaded 5 times (x 113B)
Class com.google.common.collect.ImmutableList$Builder                                 : loaded 5 times (x 77B)
Class com.google.common.collect.AbstractMultimap                                      : loaded 5 times (x 123B)
Class com.google.common.collect.ImmutableRangeSet$1                                   : loaded 5 times (x 210B)
Class com.google.common.collect.Maps$8                                                : loaded 5 times (x 82B)
Class com.google.common.collect.ImmutableRangeSet$Builder                             : loaded 5 times (x 77B)
Class com.google.common.collect.RegularImmutableAsList                                : loaded 5 times (x 217B)
Class com.google.common.collect.Range                                                 : loaded 5 times (x 87B)
Class com.google.common.collect.MapDifference                                         : loaded 5 times (x 70B)
Class com.google.common.collect.Maps$BiMapConverter                                   : loaded 5 times (x 90B)
Class com.google.common.collect.ImmutableSet$RegularSetBuilderImpl                    : loaded 5 times (x 77B)
Class com.google.common.collect.Maps                                                  : loaded 5 times (x 71B)
Class com.google.common.collect.RegularImmutableSet                                   : loaded 5 times (x 149B)
Class com.google.common.base.CharMatcher$And                                          : loaded 5 times (x 112B)
Class com.google.common.collect.ImmutableRangeSet$ComplementRanges                    : loaded 5 times (x 207B)
Class com.google.common.collect.BiMap                                                 : loaded 5 times (x 70B)
Class com.google.common.collect.Sets$4                                                : loaded 5 times (x 139B)
Class com.google.common.collect.ImmutableList$1                                       : loaded 5 times (x 97B)
Class com.google.common.collect.Sets$SetView                                          : loaded 5 times (x 138B)
Class com.google.common.collect.Multiset                                              : loaded 5 times (x 70B)
Class com.google.common.collect.ImmutableAsList                                       : loaded 5 times (x 209B)
Class com.google.common.base.CharMatcher$InRange                                      : loaded 5 times (x 111B)
Class com.google.common.collect.Sets$3                                                : loaded 5 times (x 139B)
Class com.google.common.collect.SortedMapDifference                                   : loaded 5 times (x 70B)
Class com.google.common.collect.ImmutableEnumSet                                      : loaded 5 times (x 146B)
Class com.google.common.collect.CollectPreconditions                                  : loaded 5 times (x 71B)
Class com.google.common.collect.AbstractMapBasedMultimap$WrappedCollection            : loaded 5 times (x 124B)
Class com.google.common.base.CharMatcher$NegatedFastMatcher                           : loaded 5 times (x 113B)
Class com.google.common.collect.AbstractMapBasedMultimap                              : loaded 5 times (x 139B)
Class com.google.common.collect.ImmutableSet$CachingAsList                            : loaded 5 times (x 148B)
Class com.google.common.base.Converter                                                : loaded 5 times (x 90B)
Class com.google.common.collect.AbstractRangeSet                                      : loaded 5 times (x 114B)
Class com.google.common.collect.ImmutableMap                                          : loaded 5 times (x 120B)
Class com.google.common.base.Predicate                                                : loaded 5 times (x 70B)
Class com.google.common.collect.Multimap                                              : loaded 5 times (x 70B)
Class com.google.common.base.CharMatcher$FastMatcher                                  : loaded 5 times (x 111B)
Class com.google.common.collect.Sets                                                  : loaded 5 times (x 71B)
Class com.google.common.collect.Sets$2                                                : loaded 5 times (x 139B)
Class com.google.common.collect.SingletonImmutableList                                : loaded 5 times (x 207B)
Class com.google.common.collect.Sets$1                                                : loaded 5 times (x 139B)
Class com.google.common.collect.ImmutableEnumMap                                      : loaded 5 times (x 126B)
Class com.google.common.collect.ImmutableList$ReverseImmutableList                    : loaded 5 times (x 209B)
Class com.google.common.base.CharMatcher$AnyOf                                        : loaded 5 times (x 112B)
Class com.google.common.base.CharMatcher$Or                                           : loaded 5 times (x 112B)
Class com.google.common.base.CharMatcher$IsEither                                     : loaded 5 times (x 111B)
Class com.google.common.collect.ImmutableRangeSet                                     : loaded 5 times (x 115B)
Class com.google.common.collect.SingletonImmutableSet                                 : loaded 5 times (x 146B)
Class com.google.common.collect.ImmutableMap$IteratorBasedImmutableMap                : loaded 5 times (x 126B)
Class com.google.common.collect.ImmutableSet$SetBuilderImpl                           : loaded 5 times (x 76B)
Class com.google.common.base.CharMatcher$BitSetMatcher                                : loaded 5 times (x 112B)
Class com.google.common.base.CharMatcher$ForPredicate                                 : loaded 5 times (x 112B)
Class com.google.common.collect.SortedIterable                                        : loaded 5 times (x 70B)
Class com.google.common.collect.ForwardingObject                                      : loaded 5 times (x 72B)
Class com.google.common.collect.RegularImmutableList                                  : loaded 5 times (x 213B)
Class com.google.common.collect.ImmutableList$SubList                                 : loaded 5 times (x 209B)
Class [Lcom.google.gson.FieldNamingPolicy;                                            : loaded 4 times (x 69B)
Class com.google.gson.internal.bind.TypeAdapters$11                                   : loaded 4 times (x 75B)
Class com.google.common.util.concurrent.internal.InternalFutureFailureAccess          : loaded 4 times (x 72B)
Class com.google.common.collect.ImmutableSet$JdkBackedSetBuilderImpl                  : loaded 4 times (x 76B)
Class com.google.common.collect.ImmutableBiMap                                        : loaded 4 times (x 143B)
Class org.objectweb.asm.Symbol                                                        : loaded 4 times (x 73B)
Class com.google.gson.internal.bind.TypeAdapters$10                                   : loaded 4 times (x 75B)
Class com.google.gson.internal.bind.ReflectiveTypeAdapterFactory$Adapter              : loaded 4 times (x 77B)
Class com.google.common.cache.CacheLoader                                             : loaded 4 times (x 74B)
Class [Lorg.objectweb.asm.SymbolTable$Entry;                                          : loaded 4 times (x 69B)
Class com.google.common.collect.AbstractListMultimap                                  : loaded 4 times (x 172B)
Class com.android.builder.model.v2.models.ndk.NativeModule                            : loaded 4 times (x 70B)
Class com.google.common.cache.LocalCache$LocalManualCache$1                           : loaded 4 times (x 75B)
Class com.google.gson.internal.bind.TypeAdapters$12                                   : loaded 4 times (x 75B)
Class [Lcom.google.gson.Strictness;                                                   : loaded 4 times (x 69B)
Class com.google.gson.reflect.TypeToken                                               : loaded 4 times (x 75B)
Class com.google.common.collect.RegularImmutableMap$Values                            : loaded 4 times (x 207B)
Class [Lcom.google.gson.ToNumberStrategy;                                             : loaded 4 times (x 69B)
Class com.google.common.cache.LocalCache$Segment                                      : loaded 4 times (x 154B)
Class org.objectweb.asm.AnnotationWriter                                              : loaded 4 times (x 79B)
Class com.google.gson.LongSerializationPolicy$2                                       : loaded 4 times (x 80B)
Class com.android.ide.common.gradle.Part                                              : loaded 4 times (x 77B)
Class com.google.gson.internal.sql.SqlDateTypeAdapter$1                               : loaded 4 times (x 75B)
Class com.google.common.cache.LocalCache$ComputingValueReference                      : loaded 4 times (x 96B)
Class com.google.common.cache.CacheStats                                              : loaded 4 times (x 71B)
Class com.google.gson.internal.sql.SqlTimestampTypeAdapter$1                          : loaded 4 times (x 75B)
Class com.google.gson.JsonPrimitive                                                   : loaded 4 times (x 93B)
Class [Lcom.google.common.cache.CacheBuilder$NullListener;                            : loaded 4 times (x 69B)
Class com.google.gson.internal.sql.SqlTimestampTypeAdapter                            : loaded 4 times (x 76B)
Class com.google.gson.internal.bind.ReflectiveTypeAdapterFactory                      : loaded 4 times (x 75B)
Class com.google.common.base.Suppliers$SupplierOfInstance                             : loaded 4 times (x 79B)
Class org.objectweb.asm.Edge                                                          : loaded 4 times (x 72B)
Class org.objectweb.asm.RecordComponentWriter                                         : loaded 4 times (x 78B)
Class com.google.common.util.concurrent.AbstractFuture$Listener                       : loaded 4 times (x 72B)
Class org.objectweb.asm.ByteVector                                                    : loaded 4 times (x 79B)
Class [Lcom.android.builder.model.v2.ide.ProjectType;                                 : loaded 4 times (x 69B)
Class com.google.common.math.IntMath$1                                                : loaded 4 times (x 71B)
Class com.google.gson.JsonElement                                                     : loaded 4 times (x 92B)
Class org.objectweb.asm.SymbolTable$Entry                                             : loaded 4 times (x 74B)
Class com.android.ide.common.gradle.Version$Companion$ParseState                      : loaded 4 times (x 70B)
Class org.objectweb.asm.Attribute                                                     : loaded 4 times (x 77B)
Class com.google.common.base.Supplier                                                 : loaded 4 times (x 70B)
Class com.google.gson.internal.ConstructorConstructor                                 : loaded 4 times (x 72B)
Class com.google.gson.Gson$4                                                          : loaded 4 times (x 76B)
Class com.google.gson.internal.bind.DefaultDateTypeAdapter$1                          : loaded 4 times (x 75B)
Class com.google.gson.internal.bind.CollectionTypeAdapterFactory                      : loaded 4 times (x 75B)
Class com.google.gson.internal.bind.TypeAdapters$13                                   : loaded 4 times (x 75B)
Class com.google.common.base.JdkPattern                                               : loaded 4 times (x 75B)
Class com.google.gson.LongSerializationPolicy$1                                       : loaded 4 times (x 80B)
Class com.android.ide.common.repository.AgpVersion$Companion                          : loaded 4 times (x 71B)
Class org.objectweb.asm.Type                                                          : loaded 4 times (x 72B)
Class com.google.gson.internal.bind.JsonTreeWriter                                    : loaded 4 times (x 98B)
Class com.google.gson.internal.bind.ArrayTypeAdapter$1                                : loaded 4 times (x 75B)
Class com.google.common.cache.CacheBuilder                                            : loaded 4 times (x 72B)
Class com.android.builder.model.v2.AndroidModel                                       : loaded 4 times (x 70B)
Class com.android.ide.common.gradle.Version$Companion                                 : loaded 4 times (x 71B)
Class com.google.common.base.Strings                                                  : loaded 4 times (x 71B)
Class com.google.common.collect.Lists$RandomAccessReverseList                         : loaded 4 times (x 200B)
Class com.google.common.collect.Iterables                                             : loaded 4 times (x 71B)
Class org.objectweb.asm.Handler                                                       : loaded 4 times (x 72B)
Class com.google.common.base.Ticker                                                   : loaded 4 times (x 72B)
Class com.google.common.util.concurrent.ListenableFuture                              : loaded 4 times (x 70B)
Class com.google.gson.internal.bind.TreeTypeAdapter                                   : loaded 4 times (x 75B)
Class com.google.gson.internal.sql.SqlTimeTypeAdapter                                 : loaded 4 times (x 74B)
Class com.google.common.cache.ReferenceEntry                                          : loaded 4 times (x 70B)
Class com.google.common.primitives.IntsMethodsForWeb                                  : loaded 4 times (x 71B)
Class com.android.builder.model.v2.models.ndk.NativeModelBuilderParameter             : loaded 4 times (x 70B)
Class [Lcom.google.common.cache.LocalCache$Segment;                                   : loaded 4 times (x 69B)
Class [Lcom.google.common.cache.LocalCache$Strength;                                  : loaded 4 times (x 69B)
Class com.google.common.cache.CacheBuilder$1                                          : loaded 4 times (x 85B)
Class com.google.gson.internal.bind.NumberTypeAdapter$1                               : loaded 4 times (x 76B)
Class com.google.gson.internal.bind.TypeAdapters$20                                   : loaded 4 times (x 75B)
Class com.google.gson.internal.bind.TypeAdapters$1                                    : loaded 4 times (x 75B)
Class com.google.gson.internal.bind.TypeAdapters$14                                   : loaded 4 times (x 75B)
Class com.google.gson.ToNumberPolicy                                                  : loaded 4 times (x 83B)
Class [Lcom.google.gson.ToNumberPolicy;                                               : loaded 4 times (x 69B)
Class com.google.common.cache.RemovalListener                                         : loaded 4 times (x 70B)
Class com.google.common.cache.LocalCache                                              : loaded 4 times (x 187B)
Class com.google.common.cache.CacheBuilder$2                                          : loaded 4 times (x 79B)
Class com.google.common.util.concurrent.AbstractFuture                                : loaded 4 times (x 106B)
Class com.google.gson.internal.bind.TypeAdapters$21                                   : loaded 4 times (x 75B)
Class com.google.gson.FieldNamingPolicy$1                                             : loaded 4 times (x 83B)
Class com.google.common.collect.ImmutableMap$Builder                                  : loaded 4 times (x 82B)
Class com.google.common.base.FunctionalEquivalence                                    : loaded 4 times (x 83B)
Class com.google.common.util.concurrent.AbstractFuture$Cancellation                   : loaded 4 times (x 72B)
Class com.google.common.collect.ArrayListMultimap                                     : loaded 4 times (x 172B)
Class com.google.common.cache.CacheBuilder$3                                          : loaded 4 times (x 72B)
Class com.google.gson.internal.bind.TypeAdapters$22                                   : loaded 4 times (x 75B)
Class com.google.common.cache.Cache                                                   : loaded 4 times (x 70B)
Class com.google.common.cache.LocalCache$Strength                                     : loaded 4 times (x 81B)
Class com.google.common.base.Stopwatch                                                : loaded 4 times (x 72B)
Class com.google.gson.FieldNamingPolicy$2                                             : loaded 4 times (x 83B)
Class com.google.gson.internal.Excluder$1                                             : loaded 4 times (x 74B)
Class [Lcom.google.common.collect.AbstractMapEntry;                                   : loaded 4 times (x 69B)
Class com.google.common.collect.ImmutableEntry                                        : loaded 4 times (x 82B)
Class org.gradle.api.GradleException                                                  : loaded 4 times (x 82B)
Class com.android.ide.common.gradle.Version                                           : loaded 4 times (x 75B)
Class com.google.common.cache.Weigher                                                 : loaded 4 times (x 70B)
Class com.google.gson.internal.bind.TypeAdapters$23                                   : loaded 4 times (x 75B)
Class com.google.common.collect.ForwardingMap                                         : loaded 4 times (x 132B)
Class com.google.gson.FieldNamingPolicy$3                                             : loaded 4 times (x 83B)
Class com.google.gson.Strictness                                                      : loaded 4 times (x 79B)
Class com.google.common.collect.ImmutableMapEntrySet                                  : loaded 4 times (x 152B)
Class com.google.gson.internal.ObjectConstructor                                      : loaded 4 times (x 70B)
Class com.google.gson.internal.bind.TypeAdapters$24                                   : loaded 4 times (x 75B)
Class com.google.gson.FieldNamingPolicy$4                                             : loaded 4 times (x 83B)
Class com.google.gson.internal.sql.SqlTypesSupport$1                                  : loaded 4 times (x 74B)
Class com.google.gson.internal.bind.TypeAdapters$2                                    : loaded 4 times (x 75B)
Class com.google.gson.internal.bind.TypeAdapters$15                                   : loaded 4 times (x 75B)
Class com.google.common.collect.ArrayListMultimapGwtSerializationDependencies         : loaded 4 times (x 172B)
Class com.google.common.cache.LocalCache$StrongValueReference                         : loaded 4 times (x 90B)
Class com.google.common.math.MathPreconditions                                        : loaded 4 times (x 71B)
Class com.google.common.util.concurrent.ExecutionError                                : loaded 4 times (x 82B)
Class com.google.common.collect.ObjectArrays                                          : loaded 4 times (x 71B)
Class com.google.common.cache.LocalCache$EntryFactory                                 : loaded 4 times (x 83B)
Class com.google.gson.JsonObject                                                      : loaded 4 times (x 93B)
Class com.google.common.collect.Lists$ReverseList$1                                   : loaded 4 times (x 99B)
Class com.google.gson.internal.bind.TypeAdapters$25                                   : loaded 4 times (x 75B)
Class com.google.gson.FieldNamingPolicy$5                                             : loaded 4 times (x 83B)
Class com.android.ide.common.repository.AgpVersion                                    : loaded 4 times (x 75B)
Class com.google.common.collect.RegularImmutableMap$KeySet                            : loaded 4 times (x 152B)
Class com.google.gson.JsonParseException                                              : loaded 4 times (x 82B)
Class com.google.common.primitives.Ints                                               : loaded 4 times (x 71B)
Class com.android.builder.model.v2.CustomSourceDirectory                              : loaded 4 times (x 70B)
Class org.jetbrains.kotlin.tooling.core.HasMutableExtras                              : loaded 4 times (x 70B)
Class [Lcom.android.ide.common.gradle.Separator;                                      : loaded 4 times (x 69B)
Class com.google.common.cache.LocalCache$AbstractReferenceEntry                       : loaded 4 times (x 107B)
Class org.objectweb.asm.RecordComponentVisitor                                        : loaded 4 times (x 77B)
Class com.google.common.collect.ImmutableMap$1                                        : loaded 4 times (x 81B)
Class com.google.common.collect.IndexedImmutableSet                                   : loaded 4 times (x 152B)
Class com.google.gson.TypeAdapter                                                     : loaded 4 times (x 73B)
Class com.google.gson.ToNumberStrategy                                                : loaded 4 times (x 70B)
Class org.objectweb.asm.FieldVisitor                                                  : loaded 4 times (x 77B)
Class com.google.gson.internal.bind.ArrayTypeAdapter                                  : loaded 4 times (x 74B)
Class com.google.gson.internal.bind.TypeAdapters$26                                   : loaded 4 times (x 75B)
Class com.google.gson.FieldNamingPolicy$6                                             : loaded 4 times (x 83B)
Class com.google.gson.internal.bind.ObjectTypeAdapter$1                               : loaded 4 times (x 76B)
Class com.google.gson.internal.bind.ReflectiveTypeAdapterFactory$2                    : loaded 4 times (x 79B)
Class com.google.common.base.Equivalence$Identity                                     : loaded 4 times (x 82B)
Class com.google.common.cache.CacheLoader$UnsupportedLoadingOperationException        : loaded 4 times (x 82B)
Class org.objectweb.asm.ClassWriter                                                   : loaded 4 times (x 106B)
Class com.google.common.base.PairwiseEquivalence                                      : loaded 4 times (x 83B)
Class com.google.common.cache.CacheLoader$SupplierToCacheLoader                       : loaded 4 times (x 75B)
Class com.android.ide.common.gradle.Separator                                         : loaded 4 times (x 79B)
Class com.google.common.collect.AbstractMapBasedMultimap$KeySet$1                     : loaded 4 times (x 82B)
Class com.google.gson.Gson$3                                                          : loaded 4 times (x 75B)
Class org.objectweb.asm.SymbolTable                                                   : loaded 4 times (x 72B)
Class com.google.gson.internal.bind.ReflectiveTypeAdapterFactory$BoundField           : loaded 4 times (x 75B)
Class com.google.gson.internal.reflect.ReflectionHelper                               : loaded 4 times (x 71B)
Class com.google.common.cache.CacheLoader$InvalidCacheLoadException                   : loaded 4 times (x 82B)
Class com.google.gson.internal.bind.TypeAdapters$27                                   : loaded 4 times (x 75B)
Class com.google.gson.FieldNamingPolicy$7                                             : loaded 4 times (x 83B)
Class com.google.gson.internal.sql.SqlTypesSupport$2                                  : loaded 4 times (x 74B)
Class com.google.gson.internal.bind.ReflectiveTypeAdapterFactory$1                    : loaded 4 times (x 74B)
Class com.google.common.cache.LocalCache$StrongEntry                                  : loaded 4 times (x 108B)
Class com.google.gson.internal.bind.DefaultDateTypeAdapter$DateType                   : loaded 4 times (x 73B)
Class com.google.common.util.concurrent.UncheckedExecutionException                   : loaded 4 times (x 82B)
Class com.google.gson.internal.bind.TypeAdapters$16                                   : loaded 4 times (x 75B)
Class com.google.common.util.concurrent.AbstractFuture$TrustedFuture                  : loaded 4 times (x 114B)
Class com.google.common.cache.LoadingCache                                            : loaded 4 times (x 70B)
Class [Lcom.google.gson.LongSerializationPolicy;                                      : loaded 4 times (x 69B)
Class org.objectweb.asm.MethodWriter                                                  : loaded 4 times (x 106B)
Class [Lcom.google.common.cache.Weigher;                                              : loaded 4 times (x 69B)
Class com.google.gson.internal.bind.MapTypeAdapterFactory                             : loaded 4 times (x 75B)
Class com.google.gson.Gson$FutureTypeAdapter                                          : loaded 4 times (x 76B)
Class com.google.gson.internal.bind.TypeAdapters$29                                   : loaded 4 times (x 75B)
Class com.google.common.util.concurrent.AbstractFuture$Trusted                        : loaded 4 times (x 70B)
Class com.google.gson.JsonNull                                                        : loaded 4 times (x 92B)
Class com.google.common.collect.RegularImmutableMap$BucketOverflowException           : loaded 4 times (x 82B)
Class com.google.gson.internal.bind.TypeAdapters$3                                    : loaded 4 times (x 75B)
Class org.gradle.kotlin.dsl.ImplementationConfigurationAccessorsKt                    : loaded 4 times (x 71B)
Class com.android.ide.common.gradle.Version$Companion$ParseState$EMPTY                : loaded 4 times (x 74B)
Class org.jetbrains.kotlin.tooling.core.Extras                                        : loaded 4 times (x 70B)
Class com.google.gson.internal.sql.SqlTimeTypeAdapter$1                               : loaded 4 times (x 75B)
Class com.google.gson.internal.bind.MapTypeAdapterFactory$Adapter                     : loaded 4 times (x 74B)
Class com.google.gson.JsonIOException                                                 : loaded 4 times (x 82B)
Class com.google.common.cache.LocalCache$2                                            : loaded 4 times (x 142B)
Class com.google.gson.internal.reflect.ReflectionHelper$RecordNotSupportedHelper      : loaded 4 times (x 78B)
Class [Lorg.objectweb.asm.AnnotationWriter;                                           : loaded 4 times (x 69B)
Class com.google.common.collect.Sets$ImprovedAbstractSet                              : loaded 4 times (x 135B)
Class com.google.common.collect.RegularImmutableBiMap                                 : loaded 4 times (x 149B)
Class com.google.common.cache.LocalCache$ValueReference                               : loaded 4 times (x 70B)
Class com.google.gson.internal.bind.TypeAdapters$17                                   : loaded 4 times (x 75B)
Class com.google.gson.stream.MalformedJsonException                                   : loaded 4 times (x 82B)
Class com.google.common.collect.RegularImmutableMap                                   : loaded 4 times (x 121B)
Class com.google.common.collect.ImmutableMap$MapViewOfValuesAsSingletonSets           : loaded 4 times (x 126B)
Class com.google.gson.internal.bind.TypeAdapters$4                                    : loaded 4 times (x 75B)
Class com.google.gson.internal.bind.DefaultDateTypeAdapter$DateType$1                 : loaded 4 times (x 73B)
Class com.google.common.collect.AbstractMapEntry                                      : loaded 4 times (x 81B)
Class com.google.gson.internal.bind.ReflectiveTypeAdapterFactory$RecordAdapter        : loaded 4 times (x 77B)
Class com.google.gson.internal.bind.TypeAdapterRuntimeTypeWrapper                     : loaded 4 times (x 74B)
Class com.google.common.cache.LocalCache$1                                            : loaded 4 times (x 89B)
Class com.google.common.collect.SingletonImmutableBiMap                               : loaded 4 times (x 143B)
Class com.google.common.base.Ascii                                                    : loaded 4 times (x 71B)
Class com.google.common.base.PatternCompiler                                          : loaded 4 times (x 70B)
Class com.google.common.util.concurrent.AbstractFuture$Failure                        : loaded 4 times (x 72B)
Class com.google.common.base.Equivalence$Equals                                       : loaded 4 times (x 82B)
Class com.google.gson.internal.LazilyParsedNumber                                     : loaded 4 times (x 78B)
Class com.google.common.collect.Hashing                                               : loaded 4 times (x 71B)
Class com.google.common.base.Platform                                                 : loaded 4 times (x 71B)
Class com.google.common.collect.Lists$ReverseList                                     : loaded 4 times (x 200B)
Class com.google.gson.stream.JsonWriter                                               : loaded 4 times (x 98B)
Class [Lorg.objectweb.asm.Type;                                                       : loaded 4 times (x 69B)
Class [Lcom.google.common.cache.LocalCache$EntryFactory;                              : loaded 4 times (x 69B)
Class com.google.gson.internal.bind.SerializationDelegatingTypeAdapter                : loaded 4 times (x 74B)
Class org.objectweb.asm.Label                                                         : loaded 4 times (x 73B)
Class com.google.gson.GsonBuilder                                                     : loaded 4 times (x 72B)
Class com.google.gson.internal.bind.DefaultDateTypeAdapter                            : loaded 4 times (x 74B)
Class com.google.common.base.MoreObjects                                              : loaded 4 times (x 71B)
Class com.google.gson.internal.bind.TypeAdapters$18                                   : loaded 4 times (x 75B)
Class org.objectweb.asm.CurrentFrame                                                  : loaded 4 times (x 73B)
Class org.objectweb.asm.ClassTooLargeException                                        : loaded 4 times (x 83B)
Class com.google.gson.internal.bind.TypeAdapters$5                                    : loaded 4 times (x 75B)
Class com.google.gson.stream.JsonReader                                               : loaded 4 times (x 97B)
Class com.google.common.cache.LocalCache$LoadingValueReference                        : loaded 4 times (x 96B)
Class com.google.common.base.CommonPattern                                            : loaded 4 times (x 74B)
Class com.google.common.cache.LocalCache$LocalManualCache                             : loaded 4 times (x 99B)
Class com.google.gson.internal.bind.ReflectiveTypeAdapterFactory$FieldReflectionAdapter: loaded 4 times (x 77B)
Class com.google.common.cache.CacheLoader$FunctionToCacheLoader                       : loaded 4 times (x 75B)
Class com.android.ide.common.gradle.Version$Companion$ParseState$NUMERIC              : loaded 4 times (x 74B)
Class com.google.gson.internal.bind.TypeAdapters$19                                   : loaded 4 times (x 75B)
Class com.google.gson.internal.bind.TypeAdapters$6                                    : loaded 4 times (x 75B)
Class org.objectweb.asm.Frame                                                         : loaded 4 times (x 73B)
Class org.objectweb.asm.MethodVisitor                                                 : loaded 4 times (x 105B)
Class com.google.gson.internal.reflect.ReflectionHelper$RecordSupportedHelper         : loaded 4 times (x 78B)
Class com.google.common.cache.LocalCache$EntryFactory$1                               : loaded 4 times (x 83B)
Class com.google.gson.Gson$2                                                          : loaded 4 times (x 76B)
Class [Lcom.google.common.cache.RemovalListener;                                      : loaded 4 times (x 69B)
Class com.google.gson.LongSerializationPolicy                                         : loaded 4 times (x 80B)
Class com.google.common.cache.CacheBuilder$NullListener                               : loaded 4 times (x 82B)
Class org.objectweb.asm.FieldWriter                                                   : loaded 4 times (x 78B)
Class [Lcom.google.common.collect.ImmutableEntry;                                     : loaded 4 times (x 69B)
Class com.google.gson.internal.sql.SqlDateTypeAdapter                                 : loaded 4 times (x 74B)
Class com.android.ide.common.repository.AgpVersion$PreviewKind                        : loaded 4 times (x 79B)
Class com.google.common.collect.AbstractMapBasedMultimap$KeySet                       : loaded 4 times (x 137B)
Class com.google.common.math.IntMath                                                  : loaded 4 times (x 71B)
Class com.google.common.cache.LocalCache$Strength$3                                   : loaded 4 times (x 81B)
Class com.google.common.cache.LocalCache$EntryFactory$2                               : loaded 4 times (x 83B)
Class com.google.gson.internal.bind.JsonAdapterAnnotationTypeAdapterFactory           : loaded 4 times (x 75B)
Class com.google.common.collect.CollectCollectors                                     : loaded 4 times (x 71B)
Class com.google.common.cache.LocalCache$Strength$2                                   : loaded 4 times (x 81B)
Class com.google.common.util.concurrent.SettableFuture                                : loaded 4 times (x 114B)
Class org.objectweb.asm.ModuleWriter                                                  : loaded 4 times (x 82B)
Class com.google.common.cache.LocalCache$EntryFactory$3                               : loaded 4 times (x 83B)
Class com.google.common.base.Ticker$1                                                 : loaded 4 times (x 72B)
Class com.google.gson.internal.bind.NumberTypeAdapter                                 : loaded 4 times (x 74B)
Class com.google.gson.internal.bind.TypeAdapters$7                                    : loaded 4 times (x 75B)
Class com.google.common.collect.ImmutableMapEntrySet$RegularEntrySet                  : loaded 4 times (x 152B)
Class com.google.common.cache.LocalCache$Strength$1                                   : loaded 4 times (x 81B)
Class org.objectweb.asm.ModuleVisitor                                                 : loaded 4 times (x 81B)
Class com.google.common.util.concurrent.LazyLogger                                    : loaded 4 times (x 72B)
Class com.android.utils.FileUtils                                                     : loaded 4 times (x 71B)
Class com.google.common.collect.ImmutableSet$Builder                                  : loaded 4 times (x 85B)
Class com.google.common.cache.LocalCache$EntryFactory$4                               : loaded 4 times (x 83B)
Class [Lorg.objectweb.asm.Symbol;                                                     : loaded 4 times (x 69B)
Class org.objectweb.asm.ClassVisitor                                                  : loaded 4 times (x 88B)
Class com.google.gson.internal.bind.CollectionTypeAdapterFactory$Adapter              : loaded 4 times (x 74B)
Class com.google.gson.ToNumberPolicy$1                                                : loaded 4 times (x 83B)
Class [Lcom.google.gson.FieldNamingStrategy;                                          : loaded 4 times (x 69B)
Class com.google.gson.internal.Excluder                                               : loaded 4 times (x 75B)
Class com.google.common.cache.LocalCache$LocalLoadingCache                            : loaded 4 times (x 134B)
Class com.google.gson.Gson$5                                                          : loaded 4 times (x 76B)
Class [Lorg.objectweb.asm.AnnotationVisitor;                                          : loaded 4 times (x 69B)
Class com.google.gson.internal.reflect.ReflectionHelper$RecordHelper                  : loaded 4 times (x 75B)
Class com.google.gson.internal.bind.TypeAdapters$30                                   : loaded 4 times (x 76B)
Class com.google.gson.internal.bind.JsonTreeReader                                    : loaded 4 times (x 98B)
Class com.google.gson.TypeAdapterFactory                                              : loaded 4 times (x 70B)
Class com.google.gson.internal.bind.TypeAdapters$8                                    : loaded 4 times (x 75B)
Class com.google.common.cache.LocalCache$EntryFactory$5                               : loaded 4 times (x 83B)
Class com.google.gson.ToNumberPolicy$2                                                : loaded 4 times (x 83B)
Class com.google.gson.FieldNamingStrategy                                             : loaded 4 times (x 70B)
Class com.google.gson.JsonArray                                                       : loaded 4 times (x 100B)
Class com.google.common.collect.ImmutableMapEntry                                     : loaded 4 times (x 85B)
Class com.google.common.cache.AbstractCache$StatsCounter                              : loaded 4 times (x 70B)
Class com.google.common.cache.LocalCache$EntryFactory$6                               : loaded 4 times (x 83B)
Class com.google.gson.ToNumberPolicy$3                                                : loaded 4 times (x 83B)
Class com.android.builder.model.v2.ide.ProjectType                                    : loaded 4 times (x 79B)
Class com.google.gson.FieldNamingPolicy                                               : loaded 4 times (x 83B)
Class com.android.utils.StringHelper                                                  : loaded 4 times (x 71B)
Class com.google.gson.FormattingStyle                                                 : loaded 4 times (x 78B)
Class com.google.gson.internal.bind.TypeAdapters                                      : loaded 4 times (x 71B)
Class org.objectweb.asm.AnnotationVisitor                                             : loaded 4 times (x 78B)
Class com.google.common.util.concurrent.Uninterruptibles                              : loaded 4 times (x 71B)
Class com.android.ide.common.gradle.Numeric                                           : loaded 4 times (x 77B)
Class com.google.common.collect.Maps$KeySet                                           : loaded 4 times (x 137B)
Class com.google.common.collect.ImmutableSet$EmptySetBuilderImpl                      : loaded 4 times (x 76B)
Class com.google.common.cache.LocalCache$EntryFactory$7                               : loaded 4 times (x 83B)
Class org.jetbrains.kotlin.tooling.core.HasExtras                                     : loaded 4 times (x 70B)
Class com.google.common.collect.ListMultimap                                          : loaded 4 times (x 70B)
Class com.google.gson.ToNumberPolicy$4                                                : loaded 4 times (x 83B)
Class com.google.common.base.Equivalence                                              : loaded 4 times (x 82B)
Class com.google.gson.internal.bind.TypeAdapters$9                                    : loaded 4 times (x 75B)
Class org.jetbrains.kotlin.util.capitalizeDecapitalize.CapitalizeDecapitalizeKt       : loaded 4 times (x 71B)
Class [Lcom.android.ide.common.repository.AgpVersion$PreviewKind;                     : loaded 4 times (x 69B)
Class [Lcom.google.common.collect.ImmutableMapEntry;                                  : loaded 4 times (x 69B)
Class com.google.gson.internal.bind.ObjectTypeAdapter                                 : loaded 4 times (x 74B)
Class com.google.common.cache.LocalCache$EntryFactory$8                               : loaded 4 times (x 83B)
Class com.google.gson.internal.sql.SqlTypesSupport                                    : loaded 4 times (x 71B)
Class com.google.gson.Gson                                                            : loaded 4 times (x 72B)
Class com.google.common.collect.ImmutableMapEntry$NonTerminalImmutableMapEntry        : loaded 4 times (x 85B)
Class com.google.gson.internal.bind.TypeAdapters$32                                   : loaded 4 times (x 76B)
Class com.google.common.cache.CacheLoader$1                                           : loaded 4 times (x 75B)
Class com.google.common.cache.CacheBuilder$OneWeigher                                 : loaded 4 times (x 82B)
Class com.google.gson.Gson$1                                                          : loaded 4 times (x 76B)
Class com.android.ide.common.repository.AgpVersion$PreviewKind$Companion              : loaded 4 times (x 71B)
Class com.google.gson.JsonSyntaxException                                             : loaded 4 times (x 82B)
Class com.google.gson.internal.bind.TypeAdapters$31                                   : loaded 4 times (x 76B)
Class com.google.gson.internal.bind.JsonAdapterAnnotationTypeAdapterFactory$DummyTypeAdapterFactory: loaded 4 times (x 75B)
Class com.google.common.base.Suppliers                                                : loaded 4 times (x 71B)
Class [Lcom.google.common.cache.CacheBuilder$OneWeigher;                              : loaded 4 times (x 69B)
Class org.objectweb.asm.MethodTooLargeException                                       : loaded 4 times (x 83B)
Class com.google.common.base.Platform$JdkPatternCompiler                              : loaded 4 times (x 75B)
Class com.android.build.gradle.internal.VariantTaskManager$addBindingDependenciesIfNecessary$dataBindingEnabled$1: loaded 3 times (x 80B)
Class com.android.build.gradle.internal.utils.DesugarLibUtils$getDesugarLibConfigFromTransform$1: loaded 3 times (x 74B)
Class com.android.build.gradle.internal.dependency.ExtractAarTransform$Inject_1       : loaded 3 times (x 109B)
Class com.android.build.gradle.internal.scope.InternalArtifactType$EXTRACTED_APKS     : loaded 3 times (x 74B)
Class com.android.build.gradle.internal.scope.InternalArtifactType$MERGED_ART_PROFILE : loaded 3 times (x 74B)
Class com.android.build.gradle.tasks.PackageApplication                               : loaded 3 times (x 367B)
Class com.android.build.gradle.internal.dependency.ShrinkerVersion$Companion          : loaded 3 times (x 71B)
Class com.android.build.gradle.tasks.MapSourceSetPathsTask$CreateAction               : loaded 3 times (x 93B)
Class com.android.build.api.component.impl.ComponentImpl$instrumentationCreationConfig$2: loaded 3 times (x 79B)
Class com.android.build.api.variant.LifecycleTasks                                    : loaded 3 times (x 70B)
Class com.android.build.api.variant.ResValue$Key                                      : loaded 3 times (x 70B)
Class com.android.build.gradle.internal.variant.VariantPathHelper$baseName$2          : loaded 3 times (x 79B)
Class com.android.build.gradle.internal.scope.InternalArtifactType$LIBRARY_AND_LOCAL_JARS_JNI: loaded 3 times (x 74B)
Class com.android.build.api.artifact.impl.SingleArtifactContainer                     : loaded 3 times (x 75B)
Class com.android.build.api.artifact.impl.ArtifactContainer                           : loaded 3 times (x 75B)
Class com.android.build.gradle.internal.TaskManager$Companion$createTasksBeforeEvaluate$1: loaded 3 times (x 74B)
Class com.android.build.gradle.internal.scope.ArtifactPublishingUtil$publishArtifactToConfiguration$1$1: loaded 3 times (x 75B)
Class com.android.build.api.dsl.JniLibsPackaging                                      : loaded 3 times (x 70B)
Class com.android.build.api.dsl.AssetPackBundleExtension                              : loaded 3 times (x 70B)
Class com.android.build.gradle.internal.dsl.BuildTypeFactory                          : loaded 3 times (x 77B)
Class org.jetbrains.kotlin.gradle.internal.properties.PropertiesBuildService$MemoizedCallable$value$2: loaded 3 times (x 79B)
Class com.android.build.gradle.internal.tasks.VariantTask$ConfigureAction             : loaded 3 times (x 71B)
Class com.google.protobuf.Internal$IntList                                            : loaded 3 times (x 70B)
Class com.google.protobuf.GeneratedMessageV3$BuilderParent                            : loaded 3 times (x 70B)
Class org.jetbrains.kotlin.gradle.plugin.KotlinGradleBuildServices                    : loaded 3 times (x 80B)
Class org.jetbrains.kotlin.gradle.targets.native.toolchain.KotlinNativeBundleBuildService: loaded 3 times (x 77B)
Class org.jetbrains.kotlin.gradle.targets.native.toolchain.KotlinNativeBundleBuildService$Parameters: loaded 3 times (x 70B)
Class com.android.build.gradle.options.Option$Status$STABLE                           : loaded 3 times (x 71B)
Class com.android.build.api.variant.HasDeviceTestsBuilder                             : loaded 3 times (x 70B)
Class com.android.build.gradle.internal.tasks.ExportConsumerProguardFilesTask$Companion: loaded 3 times (x 71B)
Class com.android.build.api.variant.impl.FlatSourceDirectoriesImpl$getAsFileTrees$1   : loaded 3 times (x 75B)
Class com.android.build.api.extension.impl.ApplicationAndroidComponentsExtensionImpl  : loaded 3 times (x 114B)
Class org.jetbrains.kotlin.gradle.tasks.DefaultKotlinJavaToolchain                    : loaded 3 times (x 77B)
Class org.jetbrains.kotlin.gradle.tasks.DefaultKotlinJavaToolchain$Companion          : loaded 3 times (x 71B)
Class com.android.build.gradle.internal.plugins.LibraryPlugin$2                       : loaded 3 times (x 86B)
Class com.android.builder.profile.Recorder$VoidBlock                                  : loaded 3 times (x 70B)
Class com.android.build.gradle.internal.utils.KgpUtils$recordKgpPropertiesForAnalytics$1: loaded 3 times (x 78B)
Class com.android.build.gradle.internal.ide.v2.GlobalSyncService$Parameters           : loaded 3 times (x 70B)
Class com.android.build.gradle.internal.services.SymbolTableBuildService              : loaded 3 times (x 79B)
Class com.android.builder.core.AbstractProductFlavor                                  : loaded 3 times (x 194B)
Class com.android.build.api.dsl.BundleDeviceTier                                      : loaded 3 times (x 70B)
Class com.android.build.api.dsl.BundleCountrySet                                      : loaded 3 times (x 70B)
Class com.android.build.api.dsl.BundleLanguage                                        : loaded 3 times (x 70B)
Class com.android.build.gradle.internal.dsl.JniLibsPackagingImpl                      : loaded 3 times (x 89B)
Class com.android.build.api.dsl.TargetSdkSpec                                         : loaded 3 times (x 70B)
Class com.android.build.gradle.internal.dsl.PrivacySandboxSdkExtensionImpl            : loaded 3 times (x 133B)
Class com.android.build.gradle.internal.dsl.ApplicationAndroidResourcesImpl           : loaded 3 times (x 124B)
Class com.android.build.gradle.internal.services.VariantServicesImpl$fileTreeFactory$1: loaded 3 times (x 79B)
Class com.android.build.gradle.internal.dsl.LibraryPublishingImpl$AgpDecorated_Decorated: loaded 3 times (x 138B)
Class com.android.build.gradle.internal.dsl.LibraryPublishingImpl$AgpDecorated        : loaded 3 times (x 92B)
Class com.android.build.gradle.internal.dsl.LibraryExtensionImpl$AgpDecorated         : loaded 3 times (x 379B)
Class org.jetbrains.kotlin.compilerRunner.CompilerSystemPropertiesService$Parameters_Decorated: loaded 3 times (x 130B)
Class com.android.build.gradle.internal.tasks.DeviceSerialTestTask                    : loaded 3 times (x 313B)
Class com.android.build.gradle.internal.services.VariantBuilderServicesImpl$ValueImpl : loaded 3 times (x 76B)
Class org.jetbrains.kotlin.gradle.plugin.KotlinTargetWithTests                        : loaded 3 times (x 70B)
Class org.jetbrains.kotlin.gradle.plugin.diagnostics.ToolingDiagnosticRenderingOptions: loaded 3 times (x 72B)
Class [Lorg.jetbrains.kotlin.gradle.dsl.KotlinVersion;                                : loaded 3 times (x 69B)
Class org.jetbrains.kotlin.gradle.plugin.diagnostics.UsesKotlinToolingDiagnosticsParameters: loaded 3 times (x 70B)
Class com.android.build.gradle.internal.tasks.ExtractNativeDebugMetadataTask$FullCreationAction: loaded 3 times (x 91B)
Class com.android.build.gradle.tasks.ProcessPackagedManifestTask$CreationAction$handleProvider$1: loaded 3 times (x 127B)
Class org.jetbrains.kotlin.gradle.plugin.PropertiesProvider$classLoaderCacheTimeoutInSeconds$1: loaded 3 times (x 75B)
Class org.jetbrains.kotlin.gradle.report.BuildMetricsService                          : loaded 3 times (x 86B)
Class com.android.build.gradle.internal.tasks.factory.features.AndroidResourcesTaskCreationAction: loaded 3 times (x 70B)
Class com.android.build.gradle.internal.tasks.R8VersionCheckException                 : loaded 3 times (x 82B)
Class com.android.build.FilterData                                                    : loaded 3 times (x 70B)
Class com.android.build.gradle.tasks.ExternalNativeBuildTask                          : loaded 3 times (x 327B)
Class com.android.build.gradle.internal.DependencyConfigurator$configureGeneralTransforms$3: loaded 3 times (x 75B)
Class com.android.build.api.variant.impl.DirectoryEntry                               : loaded 3 times (x 70B)
Class [Lcom.android.build.api.variant.impl.SourceType;                                : loaded 3 times (x 69B)
Class com.android.build.gradle.internal.tasks.FinalizeBundleTask$CreationAction       : loaded 3 times (x 90B)
Class com.android.build.gradle.internal.scope.InternalArtifactType$EXTERNAL_LIBS_DEX_ARCHIVE: loaded 3 times (x 74B)
Class com.android.build.gradle.internal.tasks.DexArchiveBuilderTask$CreationAction    : loaded 3 times (x 93B)
Class com.android.build.api.artifact.Artifact$Multiple                                : loaded 3 times (x 74B)
Class com.android.build.gradle.tasks.GenerateBuildConfig$CreationAction$handleProvider$2: loaded 3 times (x 127B)
Class com.android.build.api.artifact.impl.ArtifactTransformationRequestImpl           : loaded 3 times (x 76B)
Class com.android.build.api.artifact.Artifact$Appendable                              : loaded 3 times (x 70B)
Class com.android.build.api.variant.impl.ApplicationAndroidResourcesBuilderImpl       : loaded 3 times (x 75B)
Class com.android.build.gradle.internal.core.dsl.impl.VariantDslInfoImpl$namespace$1  : loaded 3 times (x 75B)
Class com.android.build.gradle.internal.TaskManager$Companion$createTasksBeforeEvaluate$2: loaded 3 times (x 74B)
Class com.android.build.gradle.internal.cxx.model.CxxAbiModel                         : loaded 3 times (x 72B)
Class com.android.build.gradle.internal.dsl.ShaderOptions                             : loaded 3 times (x 87B)
Class com.android.build.gradle.internal.dsl.SigningConfigFactory                      : loaded 3 times (x 77B)
Class com.android.build.gradle.internal.dsl.BaseFlavor                                : loaded 3 times (x 428B)
Class com.android.utils.EnvironmentProvider$DirectEnvironmentProvider                 : loaded 3 times (x 80B)
Class com.google.wireless.android.sdk.stats.GarbageCollectionStatsOrBuilder           : loaded 3 times (x 70B)
Class com.android.build.gradle.internal.profile.AnalyticsService                      : loaded 3 times (x 110B)
Class org.jetbrains.kotlin.gradle.plugin.mpp.KotlinCompilationFactory                 : loaded 3 times (x 70B)
Class [Lcom.android.build.gradle.options.IntegerOption;                               : loaded 3 times (x 69B)
Class com.android.build.gradle.options.BooleanOption                                  : loaded 3 times (x 89B)
Class com.android.build.gradle.internal.plugins.AbstractAppPlugin                     : loaded 3 times (x 93B)
Class com.android.build.gradle.internal.tasks.featuresplit.PackagedDependenciesWriterTask: loaded 3 times (x 327B)
Class com.android.build.gradle.internal.scope.InternalArtifactType$MERGED_STARTUP_PROFILE: loaded 3 times (x 74B)
Class com.android.build.gradle.internal.scope.InternalArtifactType$RESOURCES_CONFIG_MAP_FILE: loaded 3 times (x 74B)
Class com.android.build.gradle.internal.core.dsl.impl.DslInfoUtilsKt$computeInstrumentationTestRunner$1: loaded 3 times (x 76B)
Class com.android.ide.common.workers.WorkerExecutorFacade                             : loaded 3 times (x 70B)
Class org.jetbrains.kotlin.tooling.core.Extras$Type$Companion                         : loaded 3 times (x 71B)
Class org.jetbrains.kotlin.gradle.targets.native.internal.PlatformLibrariesGenerator  : loaded 3 times (x 72B)
Class org.jetbrains.kotlin.gradle.plugin.KotlinTargetConfiguratorKt                   : loaded 3 times (x 71B)
Class org.jetbrains.kotlin.gradle.plugin.KotlinCompilation                            : loaded 3 times (x 70B)
Class org.jetbrains.kotlin.gradle.plugin.diagnostics.ToolingDiagnosticRenderingOptionsKt: loaded 3 times (x 71B)
Class org.jetbrains.kotlin.gradle.plugin.mpp.compilationImpl.factory.KotlinCompilationImplFactory$KotlinCompilerOptionsFactory$Options: loaded 3 times (x 72B)
Class com.google.common.collect.ReverseNaturalOrdering                                : loaded 3 times (x 114B)
Class org.jetbrains.kotlin.gradle.plugin.sources.DefaultKotlinSourceSet$special$$inlined$Iterable$1: loaded 3 times (x 79B)
Class org.jetbrains.kotlin.gradle.plugin.statistics.FusMetrics                        : loaded 3 times (x 70B)
Class com.android.build.gradle.internal.plugins.LibraryPlugin$1                       : loaded 3 times (x 86B)
Class com.android.builder.model.v2.ide.BasicArtifact                                  : loaded 3 times (x 70B)
Class com.google.common.collect.ImmutableMultimap$EntryCollection                     : loaded 3 times (x 128B)
Class org.gradle.util.GradleVersion                                                   : loaded 3 times (x 81B)
Class com.android.build.gradle.internal.VariantManager                                : loaded 3 times (x 72B)
Class com.android.build.gradle.internal.plugins.AndroidPluginBaseServices$projectServices$2: loaded 3 times (x 79B)
Class org.jetbrains.kotlin.gradle.plugin.mpp.AbstractKotlinCompilation                : loaded 3 times (x 191B)
Class org.jetbrains.kotlin.gradle.utils.Future                                        : loaded 3 times (x 70B)
Class com.android.build.gradle.internal.scope.InternalArtifactType$GLOBAL_SYNTHETICS_MERGED: loaded 3 times (x 74B)
Class com.android.build.gradle.internal.errors.SyncIssueReporterImpl$GlobalSyncIssueService$Parameters_Decorated: loaded 3 times (x 136B)
Class com.google.protobuf.ProtocolStringList                                          : loaded 3 times (x 70B)
Class com.android.build.gradle.internal.DependencyConfigurator$configureGeneralTransforms$8$1: loaded 3 times (x 74B)
Class com.android.build.gradle.internal.scope.InternalArtifactType$GLOBAL_SYNTHETICS_DEX: loaded 3 times (x 74B)
Class com.android.builder.profile.AnalyticsProfileWriter$Companion                    : loaded 3 times (x 71B)
Class com.android.build.api.dsl.DefaultConfig                                         : loaded 3 times (x 70B)
Class com.android.build.gradle.internal.api.LazyAndroidSourceSet                      : loaded 3 times (x 72B)
Class com.android.build.gradle.internal.dsl.LibraryInstallationImpl$AgpDecorated_Decorated: loaded 3 times (x 138B)
Class com.android.build.gradle.internal.dsl.PrefabModuleFactory                       : loaded 3 times (x 75B)
Class org.jetbrains.kotlin.gradle.plugin.mpp.compilationImpl.KotlinCompilationLanguageSettingsConfigurator: loaded 3 times (x 74B)
Class com.android.build.api.dsl.JacocoOptions                                         : loaded 3 times (x 70B)
Class [Lorg.jetbrains.kotlin.gradle.plugin.KotlinCompilation;                         : loaded 3 times (x 69B)
Class org.jetbrains.kotlin.gradle.plugin.mpp.KotlinAndroidTargetVariantDslImpl        : loaded 3 times (x 75B)
Class org.jetbrains.kotlin.gradle.plugin.mpp.KotlinTargetComponentWithPublication     : loaded 3 times (x 70B)
Class com.android.build.api.artifact.impl.StorageProviderImpl$fileStorage$1           : loaded 3 times (x 78B)
Class com.android.build.gradle.internal.cxx.gradle.generator.CxxMetadataGenerator     : loaded 3 times (x 70B)
Class org.jetbrains.kotlin.gradle.dsl.KotlinTargetContainerWithJsPresetFunctions      : loaded 3 times (x 70B)
Class org.jetbrains.kotlin.gradle.report.ReportingSettings$Companion                  : loaded 3 times (x 71B)
Class org.jetbrains.kotlin.gradle.report.ConfigureReporingKt                          : loaded 3 times (x 71B)
Class org.jetbrains.kotlin.gradle.plugin.AndroidGradlePluginVersionKt                 : loaded 3 times (x 71B)
Class org.jetbrains.kotlin.tooling.core.TypeUtils                                     : loaded 3 times (x 71B)
Class com.android.build.gradle.internal.api.ApplicationVariantImpl                    : loaded 3 times (x 262B)
Class com.android.build.gradle.internal.tasks.factory.BootClasspathConfigImpl$fullBootClasspathProvider$2$1: loaded 3 times (x 127B)
Class com.android.build.gradle.internal.dependency.DexingOutputSplitTransform         : loaded 3 times (x 78B)
Class com.android.build.gradle.internal.DependencyConfigurator$configureGeneralTransforms$4: loaded 3 times (x 75B)
Class com.android.build.gradle.internal.cxx.configure.ExperimentalPropertyExtensionsKt: loaded 3 times (x 71B)
Class com.android.build.gradle.internal.SdkComponentsBuildService$Parameters$Inject_  : loaded 3 times (x 120B)
Class com.android.build.gradle.tasks.AnalyzeDependenciesTask                          : loaded 3 times (x 334B)
Class com.android.build.gradle.internal.tasks.GlobalTask                              : loaded 3 times (x 70B)
Class com.android.build.api.artifact.impl.TypedStorageProvider$getArtifact$1$1        : loaded 3 times (x 79B)
Class com.android.build.gradle.tasks.factory.AndroidUnitTest$CreationAction           : loaded 3 times (x 91B)
Class com.android.build.gradle.internal.tasks.OptimizeResourcesTask$CreateAction      : loaded 3 times (x 93B)
Class com.android.build.gradle.internal.scope.InternalArtifactType$DEX_NUMBER_OF_BUCKETS_FILE: loaded 3 times (x 74B)
Class com.android.build.gradle.internal.tasks.MergeFileTask                           : loaded 3 times (x 327B)
Class com.android.build.api.component.impl.OldVariantApiLegacySupportImpl$outputs$2   : loaded 3 times (x 79B)
Class com.android.build.gradle.internal.instrumentation.AsmClassVisitorsFactoryRegistry: loaded 3 times (x 72B)
Class com.android.build.gradle.internal.core.dsl.features.NativeBuildDslInfo          : loaded 3 times (x 70B)
Class com.android.build.api.variant.UnitTest                                          : loaded 3 times (x 70B)
Class com.android.build.gradle.internal.variant.VariantPathHelper$deploymentApkLocation$2: loaded 3 times (x 79B)
Class com.android.build.gradle.internal.tasks.factory.GlobalTaskCreationAction        : loaded 3 times (x 89B)
Class com.android.build.gradle.internal.TaskManager$Companion$createTasksBeforeEvaluate$3: loaded 3 times (x 74B)
Class com.android.build.gradle.LintLifecycleExtensionImpl_Decorated                   : loaded 3 times (x 124B)
Class com.android.build.gradle.internal.dsl.BundleOptionsStoreArchive$AgpDecorated_Decorated: loaded 3 times (x 125B)
Class com.android.builder.model.LintOptions                                           : loaded 3 times (x 70B)
Class com.android.build.gradle.internal.api.DefaultAndroidSourceSet_Decorated         : loaded 3 times (x 276B)
Class com.android.build.gradle.internal.dsl.ConfigurableFilesImpl                     : loaded 3 times (x 80B)
Class com.android.build.gradle.internal.dsl.LibraryPublishingImpl                     : loaded 3 times (x 86B)
Class com.android.build.gradle.internal.dsl.SplitOptions                              : loaded 3 times (x 88B)
Class com.android.build.gradle.internal.dsl.decorator.SupportedPropertyType$Collection$Map: loaded 3 times (x 74B)
Class com.android.build.gradle.internal.variant.AbstractVariantInputManager$Companion : loaded 3 times (x 71B)
Class com.google.wireless.android.sdk.stats.GradleBuildProfile$Builder                : loaded 3 times (x 348B)
Class com.google.protobuf.UnknownFieldSet                                             : loaded 3 times (x 87B)
Class com.google.common.base.Enums$StringConverter                                    : loaded 3 times (x 90B)
Class com.android.build.gradle.internal.SdkComponentsBuildService$Environment         : loaded 3 times (x 73B)
Class com.google.gson.internal.bind.TypeAdapters$33                                   : loaded 3 times (x 76B)
Class com.android.build.gradle.options.SyncOptions$EvaluationMode                     : loaded 3 times (x 79B)
Class com.android.build.gradle.internal.scope.InternalArtifactType$LINT_VITAL_PARTIAL_RESULTS: loaded 3 times (x 74B)
Class com.android.build.gradle.internal.scope.InternalArtifactType$DEVICE_SPEC_PATH_MAP: loaded 3 times (x 74B)
Class com.android.build.gradle.internal.profile.ProfilingMode                         : loaded 3 times (x 79B)
Class com.android.build.gradle.internal.variant.ApplicationVariantData                : loaded 3 times (x 76B)
Class com.android.build.api.variant.impl.ApplicationVariantImpl_Decorated             : loaded 3 times (x 681B)
Class com.android.build.api.component.impl.ComponentImpl$sources$2                    : loaded 3 times (x 79B)
Class com.android.build.gradle.internal.tasks.StripDebugSymbolsTask$CreationAction    : loaded 3 times (x 90B)
Class com.android.build.gradle.internal.scope.InternalArtifactType$COMPILE_MANIFEST_JAR: loaded 3 times (x 74B)
Class com.android.build.gradle.tasks.ProcessApplicationManifest$CreationAction        : loaded 3 times (x 90B)
Class com.android.build.gradle.internal.res.LinkAndroidResForBundleTask$CreationAction$handleProvider$1: loaded 3 times (x 127B)
Class com.android.build.gradle.tasks.JavaPreCompileTask                               : loaded 3 times (x 327B)
Class com.android.build.gradle.internal.tasks.PackageBundleTask$CreationAction        : loaded 3 times (x 90B)
Class com.android.build.gradle.internal.api.BaseVariantImpl                           : loaded 3 times (x 215B)
Class com.google.common.collect.Ordering                                              : loaded 3 times (x 114B)
Class org.jetbrains.kotlin.gradle.plugin.internal.ProjectIsolationStartParameterAccessorKt: loaded 3 times (x 71B)
Class org.jetbrains.kotlin.gradle.plugin.internal.DefaultProjectIsolationStartParameterAccessor_Decorated: loaded 3 times (x 121B)
Class com.android.build.gradle.internal.tasks.factory.features.DexingTaskCreationActionImpl: loaded 3 times (x 75B)
Class org.jetbrains.kotlin.gradle.plugin.mpp.compilationImpl.KotlinAndroidCompilationAssociator: loaded 3 times (x 74B)
Class org.jetbrains.kotlin.compilerRunner.CompilerSystemPropertiesService$Companion$registerIfAbsent$1: loaded 3 times (x 75B)
Class com.android.build.api.variant.impl.LibraryVariantImpl$targetSdk$2               : loaded 3 times (x 79B)
Class com.android.build.gradle.tasks.ProcessLibraryManifest                           : loaded 3 times (x 342B)
Class com.android.build.gradle.api.LibraryVariantOutput                               : loaded 3 times (x 70B)
Class com.android.build.gradle.internal.tasks.GlobalTask$ConfigureAction              : loaded 3 times (x 71B)
Class com.android.builder.model.v2.ide.LintOptions                                    : loaded 3 times (x 70B)
Class com.google.common.collect.ImmutableMultimap$Builder                             : loaded 3 times (x 86B)
Class org.gradle.tooling.model.idea.IdeaProject                                       : loaded 3 times (x 70B)
Class org.gradle.tooling.internal.adapter.ProtocolToModelAdapter$ViewGraphDetails     : loaded 3 times (x 72B)
Class com.android.build.gradle.internal.plugins.TestPlugin                            : loaded 3 times (x 96B)
Class [Lorg.apache.commons.io.StandardLineSeparator;                                  : loaded 3 times (x 69B)
Class org.apache.commons.io.output.StringBuilderWriter                                : loaded 3 times (x 100B)
Class com.android.build.gradle.options.Option$Status$Deprecated                       : loaded 3 times (x 72B)
Class org.jetbrains.kotlin.gradle.plugin.mpp.compilationImpl.DefaultKotlinCompilationConfigurationsContainer: loaded 3 times (x 84B)
Class com.android.build.gradle.internal.scope.InternalArtifactType$GENERATED_PROGUARD_FILE: loaded 3 times (x 74B)
Class com.android.build.api.variant.impl.JniLibsPackagingImpl$pickFirsts$1            : loaded 3 times (x 75B)
Class org.jetbrains.kotlin.gradle.tasks.TasksProviderKt                               : loaded 3 times (x 71B)
Class org.jetbrains.kotlin.gradle.plugin.diagnostics.ToolingDiagnostic                : loaded 3 times (x 72B)
Class org.jetbrains.kotlin.gradle.plugin.sources.DefaultKotlinSourceSetFactory        : loaded 3 times (x 80B)
Class com.android.build.gradle.internal.scope.ArtifactPublishingUtil$publishArtifactToConfiguration$1: loaded 3 times (x 75B)
Class com.android.build.gradle.internal.tasks.factory.BootClasspathConfigImpl$fullBootClasspathProvider$2$2: loaded 3 times (x 127B)
Class com.android.build.gradle.internal.DependencyConfigurator$configureGeneralTransforms$5: loaded 3 times (x 75B)
Class com.android.build.gradle.internal.SdkComponentsBuildService$sdkDirectoryProvider$1: loaded 3 times (x 75B)
Class com.android.build.gradle.tasks.ProcessPackagedManifestTask$CreationAction$handleProvider$2: loaded 3 times (x 127B)
Class com.android.build.gradle.internal.LoggerWrapper                                 : loaded 3 times (x 86B)
Class com.android.build.gradle.internal.tasks.FinalizeBundleTask$CreationAction$handleProvider$bundleNameProvider$1: loaded 3 times (x 75B)
Class com.android.build.gradle.internal.scope.InternalArtifactType$APP_METADATA       : loaded 3 times (x 74B)
Class com.android.build.api.variant.impl.SigningConfigImpl$enableV3Signing$1          : loaded 3 times (x 75B)
Class com.android.build.gradle.internal.tasks.CheckManifest$CreationAction            : loaded 3 times (x 90B)
Class com.android.build.gradle.internal.scope.UnitTestBuildFeatureValuesImpl          : loaded 3 times (x 87B)
Class com.android.build.api.component.impl.DeviceTestImpl$androidResourcesCreationConfig$2: loaded 3 times (x 79B)
Class com.android.build.api.variant.impl.VariantImpl$optimizationCreationConfig$2     : loaded 3 times (x 79B)
Class com.android.build.gradle.internal.services.BuiltInKotlinSupportMode             : loaded 3 times (x 71B)
Class com.android.build.api.variant.impl.ApkPackagingImpl                             : loaded 3 times (x 89B)
Class com.android.build.gradle.internal.core.dsl.impl.ApplicationVariantDslInfoImpl$dexingDslInfo$2: loaded 3 times (x 79B)
Class com.android.build.gradle.internal.TaskManager$Companion$createTasksBeforeEvaluate$4: loaded 3 times (x 75B)
Class com.android.build.gradle.internal.services.TaskCreationServicesImpl             : loaded 3 times (x 102B)
Class com.android.build.gradle.options.SigningOptions                                 : loaded 3 times (x 72B)
Class com.android.build.gradle.internal.dsl.BundleOptions$AgpDecorated                : loaded 3 times (x 139B)
Class com.android.build.gradle.internal.utils.KgpUtils                                : loaded 3 times (x 71B)
Class com.android.build.api.dsl.ExternalNativeBuildFlags                              : loaded 3 times (x 70B)
Class com.android.build.gradle.internal.dsl.decorator.DslDecorator$Companion$classLoaderDefineClass$2: loaded 3 times (x 78B)
Class com.android.build.api.dsl.LibraryAndroidResources                               : loaded 3 times (x 70B)
Class com.google.protobuf.Internal                                                    : loaded 3 times (x 71B)
Class com.google.gson.internal.bind.TypeAdapters$34                                   : loaded 3 times (x 76B)
Class com.android.build.gradle.internal.testsuites.impl.TestSuiteBuilderImpl          : loaded 3 times (x 86B)
Class com.android.build.gradle.options.FutureStage                                    : loaded 3 times (x 72B)
Class com.android.build.gradle.internal.plugins.BasePlugin$managedDeviceRegistry$2    : loaded 3 times (x 79B)
Class com.android.build.gradle.internal.plugins.AppPlugin                             : loaded 3 times (x 97B)
Class org.gradle.tooling.internal.gradle.DefaultProjectIdentifier                     : loaded 3 times (x 86B)
Class com.android.build.gradle.internal.dsl.ModulePropertyKey$BooleanWithDefault$Companion: loaded 3 times (x 71B)
Class com.android.tools.analytics.HostData                                            : loaded 3 times (x 71B)
Class com.android.tools.analytics.HostData$osBean$2                                   : loaded 3 times (x 78B)
Class com.google.protobuf.CodedInputStream$ArrayDecoder                               : loaded 3 times (x 120B)
Class [Lcom.google.protobuf.Internal$EnumLite;                                        : loaded 3 times (x 69B)
Class com.android.build.api.dsl.KeepRules                                             : loaded 3 times (x 70B)
Class com.android.build.gradle.internal.dsl.ExternalNativeBuildOptions                : loaded 3 times (x 93B)
Class com.android.build.gradle.internal.variant.DimensionCombinationImpl              : loaded 3 times (x 76B)
Class com.android.build.gradle.internal.ide.v2.NativeModelBuilder_Decorated           : loaded 3 times (x 131B)
Class com.android.build.gradle.internal.services.VariantServicesImpl                  : loaded 3 times (x 115B)
Class com.android.build.api.artifact.impl.SingleArtifactContainer$initArtifactContainer$1: loaded 3 times (x 79B)
Class com.android.builder.model.v2.models.AndroidDsl                                  : loaded 3 times (x 70B)
Class com.android.build.gradle.internal.core.dsl.features.PrivacySandboxDslInfo       : loaded 3 times (x 70B)
Class com.android.build.gradle.internal.utils.GuavaKtxKt                              : loaded 3 times (x 71B)
Class com.android.build.api.variant.impl.HasHostTestsCreationConfig                   : loaded 3 times (x 70B)
Class com.android.build.gradle.internal.component.features.InstrumentationCreationConfig: loaded 3 times (x 70B)
Class com.android.build.api.variant.impl.ApplicationVariantImpl$renderscript$2        : loaded 3 times (x 79B)
Class com.android.build.api.variant.impl.VariantOutputConfigurationImpl               : loaded 3 times (x 76B)
Class [Lcom.android.build.gradle.internal.publishing.AndroidArtifacts$ArtifactType;   : loaded 3 times (x 69B)
Class com.android.build.gradle.internal.tasks.ApplicationIdWriterTask                 : loaded 3 times (x 327B)
Class com.android.build.api.component.impl.OldVariantApiLegacySupportImpl$JavaCompileOptionsForOldVariantAPI: loaded 3 times (x 75B)
Class com.android.build.gradle.internal.res.LinkAndroidResForBundleTask               : loaded 3 times (x 343B)
Class com.android.build.gradle.internal.test.AbstractTestDataImpl$minSdkVersion$1     : loaded 3 times (x 79B)
Class com.android.build.api.component.impl.DefaultSourcesProvider                     : loaded 3 times (x 70B)
Class com.android.builder.compiling.BuildConfigType                                   : loaded 3 times (x 79B)
Class com.android.build.gradle.internal.scope.InternalArtifactType$UNIT_TEST_LINT_PARTIAL_RESULTS: loaded 3 times (x 74B)
Class com.android.build.api.artifact.impl.StorageProviderImpl$directory$1             : loaded 3 times (x 78B)
Class com.android.build.gradle.internal.dependency.MockableJarTransform$Inject_1      : loaded 3 times (x 109B)
Class com.android.build.gradle.tasks.BundleAar$BaseCreationAction                     : loaded 3 times (x 91B)
Class com.android.build.gradle.tasks.ZipMergingTask$CreationAction$handleProvider$1   : loaded 3 times (x 127B)
Class com.android.build.gradle.internal.dependency.AarResourcesCompilerTransform      : loaded 3 times (x 78B)
Class org.jetbrains.kotlin.buildtools.api.jvm.ClassSnapshotGranularity                : loaded 3 times (x 79B)
Class org.jetbrains.kotlin.gradle.ExternalKotlinTargetApi                             : loaded 3 times (x 70B)
Class org.jetbrains.kotlin.konan.target.KonanTarget                                   : loaded 3 times (x 78B)
Class com.android.build.gradle.internal.dependency.ClassesDirToClassesTransform       : loaded 3 times (x 78B)
Class com.android.build.gradle.internal.DependencyConfigurator$configureGeneralTransforms$11: loaded 3 times (x 78B)
Class com.android.build.gradle.internal.DependencyConfigurator$configureVariantTransforms$3$2: loaded 3 times (x 75B)
Class [Lcom.android.build.gradle.internal.dependency.DexingOutputSplitTransform$DexOutput;: loaded 3 times (x 69B)
Class org.jetbrains.kotlin.gradle.utils.ProviderApiUtilsKt$mapOrNull$1                : loaded 3 times (x 75B)
Class org.jetbrains.kotlin.gradle.targets.native.toolchain.KotlinNativeBundleBuildService$Companion$registerIfAbsent$1: loaded 3 times (x 75B)
Class com.android.build.gradle.internal.publishing.KotlinMultiplatformVariantSpecBuilder: loaded 3 times (x 90B)
Class org.jetbrains.kotlin.gradle.plugin.KotlinPluginWrapperKt                        : loaded 3 times (x 71B)
Class org.jetbrains.kotlin.gradle.plugin.PropertiesProvider$kotlinExperimentalTryNext$1: loaded 3 times (x 75B)
Class org.jetbrains.kotlin.gradle.fus.BuildUidService$Companion                       : loaded 3 times (x 71B)
Class org.jetbrains.kotlin.gradle.plugin.VariantImplementationFactoriesConfigurator$Companion$getProvider$1: loaded 3 times (x 74B)
Class com.android.build.gradle.internal.publishing.PublishingSpecsKt                  : loaded 3 times (x 71B)
Class com.android.build.gradle.internal.tasks.factory.BootClasspathConfigImpl$fullBootClasspathProvider$2$3: loaded 3 times (x 127B)
Class com.android.build.gradle.internal.tasks.factory.BootClasspathConfigImpl$sam$org_gradle_api_Transformer$0: loaded 3 times (x 75B)
Class com.android.build.gradle.internal.DependencyConfigurator$configureGeneralTransforms$6: loaded 3 times (x 79B)
Class com.android.build.gradle.internal.cxx.logging.ThreadLoggingEnvironment$Companion$BottomLoggingEnvironment: loaded 3 times (x 80B)
Class com.android.build.api.component.impl.DefaultSourcesProviderImpl$getKotlin$1     : loaded 3 times (x 127B)
Class org.jetbrains.kotlin.gradle.fus.BuildUidService                                 : loaded 3 times (x 80B)
Class com.android.build.gradle.internal.tasks.ExpandArtProfileWildcardsTask$CreationAction: loaded 3 times (x 90B)
Class com.android.build.gradle.internal.tasks.R8Task                                  : loaded 3 times (x 374B)
Class com.android.build.gradle.internal.tasks.SigningConfigWriterTask                 : loaded 3 times (x 329B)
Class com.android.build.gradle.internal.scope.InternalMultipleArtifactType            : loaded 3 times (x 74B)
Class com.android.build.gradle.api.TestVariant                                        : loaded 3 times (x 70B)
Class com.android.build.api.variant.JniLibsApkPackaging                               : loaded 3 times (x 70B)
Class com.android.build.api.variant.impl.JniLibsPackagingImpl$excludes$1              : loaded 3 times (x 75B)
Class com.android.build.api.artifact.InAndOutDirectoryOperationRequest                : loaded 3 times (x 70B)
Class com.android.build.api.variant.impl.BundleConfigImpl                             : loaded 3 times (x 76B)
Class com.android.build.gradle.internal.component.TestComponentCreationConfig         : loaded 3 times (x 70B)
Class com.android.build.gradle.internal.publishing.AndroidArtifacts$PublishedConfigType: loaded 3 times (x 79B)
Class com.android.build.gradle.internal.core.dsl.impl.features.RenderscriptDslInfoImpl: loaded 3 times (x 79B)
Class com.android.build.gradle.internal.core.dsl.impl.ApplicationVariantDslInfoImpl$generateLocaleConfig$2: loaded 3 times (x 79B)
Class com.android.build.gradle.internal.TaskManager$Companion$createTasksBeforeEvaluate$5: loaded 3 times (x 74B)
Class org.jetbrains.kotlin.gradle.plugin.internal.MavenPublicationComponentAccessor   : loaded 3 times (x 70B)
Class com.android.build.gradle.internal.tasks.factory.GlobalTaskCreationConfigImpl$versionedNdkHandler$2: loaded 3 times (x 79B)
Class com.android.build.api.artifact.impl.InternalScopedArtifacts$InternalScope       : loaded 3 times (x 79B)
Class com.android.build.api.variant.LintLifecycleExtension                            : loaded 3 times (x 70B)
Class com.android.build.gradle.internal.dsl.OptimizationImpl$AgpDecorated_Decorated   : loaded 3 times (x 138B)
Class com.android.build.gradle.internal.CompileOptions$AgpDecorated_Decorated         : loaded 3 times (x 146B)
Class [Lcom.android.tools.lint.model.LintModelSeverity;                               : loaded 3 times (x 69B)
Class com.android.resources.ResourceEnum                                              : loaded 3 times (x 70B)
Class com.google.common.util.concurrent.AbstractFuture$SetFuture                      : loaded 3 times (x 75B)
Class com.android.build.api.dsl.DependenciesInfo                                      : loaded 3 times (x 70B)
Class com.android.build.gradle.internal.services.BaseServicesImpl                     : loaded 3 times (x 83B)
Class com.android.build.gradle.internal.dsl.CommonExtensionImpl                       : loaded 3 times (x 208B)
Class org.jetbrains.kotlin.gradle.plugin.AbstractKotlinJsPluginWrapper                : loaded 3 times (x 86B)
Class org.jetbrains.kotlin.gradle.plugin.mpp.InternalKotlinCompilation                : loaded 3 times (x 70B)
Class org.jetbrains.kotlin.gradle.plugin.diagnostics.UsesKotlinToolingDiagnosticsKt   : loaded 3 times (x 71B)
Class org.jetbrains.kotlin.gradle.plugin.KotlinJvmFactory                             : loaded 3 times (x 70B)
Class com.android.build.gradle.internal.publishing.ComponentPublishingInfo            : loaded 3 times (x 72B)
Class org.apache.commons.io.output.ThresholdingOutputStream                           : loaded 3 times (x 95B)
Class com.android.build.gradle.internal.scope.InternalArtifactType$GLOBAL_SYNTHETICS_PROJECT: loaded 3 times (x 74B)
Class com.android.build.gradle.tasks.BundleAar_Decorated                              : loaded 3 times (x 660B)
Class com.google.common.collect.HashMultimap                                          : loaded 3 times (x 174B)
Class com.android.builder.model.v2.ide.AaptOptions$Namespacing                        : loaded 3 times (x 79B)
Class com.google.gson.internal.bind.ReflectiveTypeAdapterFactory$FieldsData           : loaded 3 times (x 72B)
Class com.android.builder.model.v2.ide.SourceSetContainer                             : loaded 3 times (x 70B)
Class org.gradle.internal.time.Timer                                                  : loaded 3 times (x 70B)
Class com.android.build.gradle.internal.dsl.InternalCommonExtension                   : loaded 3 times (x 70B)
Class com.google.common.collect.ComparatorOrdering                                    : loaded 3 times (x 115B)
Class com.android.prefs.PathLocator$WhenMappings                                      : loaded 3 times (x 71B)
Class com.google.common.base.Converter$ReverseConverter                               : loaded 3 times (x 90B)
Class com.android.build.gradle.internal.plugins.AndroidPluginBaseServices$configuratorService$2$1: loaded 3 times (x 79B)
Class com.google.wireless.android.sdk.stats.JavaProcessStats                          : loaded 3 times (x 207B)
Class com.android.build.gradle.internal.services.SymbolTableBuildService$RegistrationAction: loaded 3 times (x 74B)
Class com.android.ide.common.signing.KeystoreHelper                                   : loaded 3 times (x 71B)
Class com.android.build.gradle.internal.dsl.SigningConfigImpl                         : loaded 3 times (x 97B)
Class com.android.build.gradle.internal.dsl.MinSdkDelegate                            : loaded 3 times (x 84B)
Class com.android.build.gradle.api.UnitTestVariant                                    : loaded 3 times (x 70B)
Class com.android.build.gradle.internal.BuildTypeData                                 : loaded 3 times (x 72B)
Class com.android.build.api.artifact.impl.SingleInitialProviderRequestImpl            : loaded 3 times (x 72B)
Class [Lcom.android.build.gradle.internal.ProguardFileType;                           : loaded 3 times (x 69B)
Class com.android.build.gradle.internal.scope.InternalArtifactType$BUILT_IN_KAPT_GENERATED_JAVA_SOURCES: loaded 3 times (x 74B)
Class com.android.build.gradle.tasks.MergeResources                                   : loaded 3 times (x 349B)
Class com.android.build.gradle.internal.ndk.NdkHandler                                : loaded 3 times (x 72B)
Class com.android.build.api.variant.PropertyAccessNotAllowedException                 : loaded 3 times (x 82B)
Class com.android.build.gradle.internal.dependency.KotlinPlatformAttributeKt          : loaded 3 times (x 71B)
Class com.android.build.api.variant.Dexing                                            : loaded 3 times (x 70B)
Class com.android.build.gradle.internal.core.dsl.impl.InstrumentedTestDslInfoImpl$handleProfiling$fromFlavor$1: loaded 3 times (x 78B)
Class com.android.build.gradle.internal.AbstractAppTaskManager$1                      : loaded 3 times (x 91B)
Class com.android.build.gradle.internal.scope.InternalArtifactType$MANIFEST_MERGE_BLAME_FILE: loaded 3 times (x 74B)
Class [Lcom.android.build.gradle.internal.TaskManager$MergeType;                      : loaded 3 times (x 69B)
Class com.android.build.gradle.internal.scope.InternalArtifactType$COMPILE_R_CLASS_JAR: loaded 3 times (x 74B)
Class org.jetbrains.kotlin.gradle.plugin.VariantImplementationFactories$Companion$getProvider$2$1: loaded 3 times (x 79B)
Class com.android.build.gradle.internal.scope.InternalArtifactType$FEATURE_PUBLISHED_DEX: loaded 3 times (x 74B)
Class com.android.build.gradle.internal.tasks.factory.BootClasspathConfigImpl$fullBootClasspathProvider$2$4: loaded 3 times (x 127B)
Class com.android.build.gradle.internal.tasks.factory.BootClasspathConfigImpl$filteredBootClasspath$2$1: loaded 3 times (x 127B)
Class com.android.build.gradle.internal.DependencyConfigurator$configureGeneralTransforms$7: loaded 3 times (x 75B)
Class com.android.build.gradle.internal.dependency.ExtractAarTransform                : loaded 3 times (x 78B)
Class com.android.build.gradle.internal.cxx.logging.ThreadLoggingEnvironment$Companion$LoggerStack: loaded 3 times (x 72B)
Class com.android.build.gradle.internal.tasks.CompileArtProfileTask                   : loaded 3 times (x 335B)
Class com.android.build.api.variant.impl.SourceType                                   : loaded 3 times (x 79B)
Class com.android.build.gradle.internal.services.R8MaxParallelTasksBuildService       : loaded 3 times (x 79B)
Class com.android.build.gradle.internal.tasks.ParseIntegrityConfigTask$CreationAction : loaded 3 times (x 90B)
Class com.android.build.gradle.internal.tasks.DexMergingTask$CreationAction$handleProvider$1: loaded 3 times (x 127B)
Class com.android.build.gradle.internal.tasks.ProguardConfigurableTask                : loaded 3 times (x 342B)
Class com.android.build.gradle.internal.scope.InternalArtifactType$SUB_PROJECT_DEX_ARCHIVE: loaded 3 times (x 74B)
Class com.android.build.api.artifact.OutOperationRequest                              : loaded 3 times (x 70B)
Class com.android.build.gradle.internal.scope.InternalArtifactType$PACKAGED_MANIFESTS : loaded 3 times (x 74B)
Class com.android.build.gradle.tasks.ProcessPackagedManifestTask                      : loaded 3 times (x 328B)
Class com.android.build.gradle.internal.dependency.ProvidedClasspathSubtractor$fileToIds$1: loaded 3 times (x 79B)
Class com.android.build.api.variant.impl.VariantImpl$manifestPlaceholdersCreationConfig$2: loaded 3 times (x 79B)
Class com.android.build.api.variant.AndroidVersion                                    : loaded 3 times (x 70B)
Class com.android.build.gradle.internal.DependencyConfigurator$configureGeneralTransforms$10: loaded 3 times (x 75B)
Class com.android.build.gradle.internal.TaskManager$Companion$createTasksBeforeEvaluate$6: loaded 3 times (x 74B)
Class com.android.build.gradle.internal.tasks.factory.TaskFactoryUtils                : loaded 3 times (x 71B)
Class com.android.build.gradle.internal.api.artifact.SourceArtifactType$ASSETS        : loaded 3 times (x 74B)
Class com.android.build.gradle.internal.api.artifact.SourceArtifactType$JAVA_SOURCES  : loaded 3 times (x 74B)
Class com.android.build.gradle.internal.dsl.KeepRulesImpl$AgpDecorated_Decorated      : loaded 3 times (x 136B)
Class org.gradle.internal.operations.MultipleBuildOperationFailures                   : loaded 3 times (x 95B)
Class com.android.tools.analytics.HostDataKt                                          : loaded 3 times (x 71B)
Class com.google.protobuf.AbstractMessage                                             : loaded 3 times (x 164B)
Class com.google.common.base.CaseFormat$1                                             : loaded 3 times (x 83B)
Class com.android.build.gradle.internal.lint.AndroidLintInputs                        : loaded 3 times (x 71B)
Class com.google.protobuf.Message                                                     : loaded 3 times (x 70B)
Class com.android.build.gradle.internal.tasks.factory.TaskManagerConfig               : loaded 3 times (x 70B)
Class com.android.build.gradle.internal.component.ApplicationCreationConfig           : loaded 3 times (x 70B)
Class com.android.build.gradle.internal.errors.SyncIssueReporterImpl                  : loaded 3 times (x 77B)
Class com.android.build.gradle.internal.dsl.ApplicationExtensionImpl                  : loaded 3 times (x 393B)
Class com.android.build.api.variant.DslLifecycle                                      : loaded 3 times (x 70B)
Class com.android.build.gradle.internal.DependencyConfigurator$configureVariantTransforms$3$1: loaded 3 times (x 75B)
Class org.jetbrains.kotlin.gradle.plugin.UsesBuildFinishedListenerService             : loaded 3 times (x 70B)
Class org.jetbrains.kotlin.gradle.plugin.internal.CustomPropertiesFileValueSource$Parameters: loaded 3 times (x 70B)
Class org.jetbrains.kotlin.gradle.utils.GradleConfigurationUtilsKt                    : loaded 3 times (x 71B)
Class org.jetbrains.kotlin.gradle.dsl.KotlinTargetContainerWithPresetFunctions        : loaded 3 times (x 70B)
Class org.jetbrains.kotlin.gradle.dsl.KotlinPublishingDsl                             : loaded 3 times (x 70B)
Class org.jetbrains.kotlin.gradle.plugin.sources.FragmentConsistencyChecks$languageVersionCheck$2: loaded 3 times (x 78B)
Class org.jetbrains.kotlin.gradle.plugin.sources.DefaultLanguageSettingsBuilder       : loaded 3 times (x 100B)
Class org.jetbrains.kotlin.gradle.plugin.diagnostics.ToolingDiagnosticRenderingOptionsKt$WhenMappings: loaded 3 times (x 71B)
Class org.jetbrains.kotlin.gradle.targets.js.dsl.KotlinWasmJsTargetDsl                : loaded 3 times (x 70B)
Class com.android.builder.model.v2.models.BasicAndroidProject                         : loaded 3 times (x 70B)
Class com.google.common.collect.NaturalOrdering                                       : loaded 3 times (x 115B)
Class org.jetbrains.kotlin.gradle.plugin.mpp.compilationImpl.KotlinCompilationSourceSetInclusion: loaded 3 times (x 72B)
Class org.jetbrains.kotlin.gradle.plugin.mpp.compilationImpl.factory.ConfigurationNaming$Default: loaded 3 times (x 75B)
Class org.jetbrains.kotlin.gradle.tasks.configuration.BaseKotlinCompileConfig$1       : loaded 3 times (x 79B)
Class org.jetbrains.kotlin.gradle.plugin.KotlinBaseApiPlugin                          : loaded 3 times (x 118B)
Class com.android.build.gradle.LibraryExtensionInternal                               : loaded 3 times (x 448B)
Class com.android.build.gradle.internal.tasks.ExportConsumerProguardFilesTask         : loaded 3 times (x 332B)
Class org.apache.commons.io.output.AppendableWriter                                   : loaded 3 times (x 100B)
Class com.android.build.gradle.internal.tasks.BaseTask$ConfigureAction                : loaded 3 times (x 71B)
Class com.android.build.gradle.internal.tasks.UsesAnalytics$ConfigureAction           : loaded 3 times (x 71B)
Class com.google.common.collect.ReverseOrdering                                       : loaded 3 times (x 115B)
Class com.android.builder.model.v2.models.VariantDependenciesFlatList                 : loaded 3 times (x 70B)
Class com.google.gson.internal.ReflectionAccessFilterHelper                           : loaded 3 times (x 71B)
Class com.android.builder.model.v2.ide.Edge                                           : loaded 3 times (x 70B)
Class com.android.build.api.extension.impl.DslLifecycleComponentsOperationsRegistrar  : loaded 3 times (x 72B)
Class com.android.build.gradle.internal.plugins.BasePlugin$registeredExtension$2      : loaded 3 times (x 79B)
Class build_85u53m1d3qsy4n3kbdsghmp8c                                                 : loaded 3 times (x 172B)
Class com.android.build.gradle.options.Option                                         : loaded 3 times (x 70B)
Class com.android.tools.analytics.AnalyticsPaths                                      : loaded 3 times (x 71B)
Class com.android.builder.profile.NameAnonymizer$ProjectCacheLoader                   : loaded 3 times (x 76B)
Class com.android.build.gradle.tasks.MergeSourceSetFolders_Decorated                  : loaded 3 times (x 392B)
Class com.android.build.api.component.impl.features.OptimizationCreationConfigImpl$consumerProguardFiles$2$2: loaded 3 times (x 79B)
Class org.jetbrains.kotlin.cli.common.CompilerSystemProperties                        : loaded 3 times (x 80B)
Class org.jetbrains.kotlin.compose.compiler.gradle.ComposeCompilerGradlePluginExtension$featureFlags$1: loaded 3 times (x 76B)
Class com.android.build.gradle.options.SyncOptions                                    : loaded 3 times (x 71B)
Class [Lorg.jetbrains.kotlin.konan.target.Family;                                     : loaded 3 times (x 69B)
Class com.android.build.gradle.internal.lint.LintFixBuildService$RegistrationAction   : loaded 3 times (x 74B)
Class com.android.utils.ILogger                                                       : loaded 3 times (x 70B)
Class [Lcom.android.builder.core.ComponentType;                                       : loaded 3 times (x 69B)
Class com.android.build.api.dsl.DynamicFeatureDefaultConfig                           : loaded 3 times (x 70B)
Class com.android.builder.model.PackagingOptions                                      : loaded 3 times (x 70B)
Class com.android.build.gradle.internal.dsl.CommonExtensionImpl$sdkComponents$2       : loaded 3 times (x 79B)
Class com.android.build.gradle.internal.dsl.NdkBuildOptions$AgpDecorated              : loaded 3 times (x 96B)
Class com.android.build.gradle.internal.dsl.NdkBuildOptions$AgpDecorated_Decorated    : loaded 3 times (x 139B)
Class com.android.build.gradle.internal.variant.DimensionCombinator                   : loaded 3 times (x 72B)
Class com.android.build.gradle.internal.variant.DimensionCombinator$Companion         : loaded 3 times (x 71B)
Class org.jetbrains.kotlin.build.report.metrics.GradleBuildPerformanceMetric          : loaded 3 times (x 92B)
Class org.jetbrains.kotlin.gradle.internal.properties.PropertiesBuildService$NullableBooleanGradleProperty: loaded 3 times (x 76B)
Class com.android.build.gradle.internal.scope.InternalArtifactType$AAR_METADATA       : loaded 3 times (x 74B)
Class com.android.build.gradle.internal.dependency.RecalculateStackFramesTransform$Companion$registerRecalculateStackFramesTransform$1: loaded 3 times (x 75B)
Class com.android.build.gradle.internal.tasks.factory.BootClasspathConfigImpl$fullBootClasspathProvider$2$5: loaded 3 times (x 127B)
Class com.android.build.gradle.internal.utils.DesugarLibConfigExtractor               : loaded 3 times (x 78B)
Class com.android.build.gradle.internal.tasks.factory.BootClasspathConfigImpl$filteredBootClasspath$2$2: loaded 3 times (x 127B)
Class com.android.build.gradle.internal.DependencyConfigurator$configureGeneralTransforms$8: loaded 3 times (x 75B)
Class com.android.build.gradle.internal.cxx.configure.GradleLocalPropertiesKt         : loaded 3 times (x 71B)
Class com.android.build.gradle.internal.services.BuiltInKaptSupportMode$SupportedForTestFixturesAndScreenshotTest: loaded 3 times (x 71B)
Class com.android.build.gradle.internal.tasks.creationconfig.JavaPreCompileTaskCreationConfig: loaded 3 times (x 70B)
Class com.android.build.gradle.tasks.MergeSourceSetFolders$MergeJniLibFoldersCreationAction: loaded 3 times (x 91B)
Class com.android.build.gradle.tasks.ProcessManifestForMetadataFeatureTask$CreationAction: loaded 3 times (x 90B)
Class com.android.build.api.variant.impl.VariantOutputList$Companion                  : loaded 3 times (x 71B)
Class com.android.build.api.variant.impl.VariantBuilderImpl                           : loaded 3 times (x 134B)
Class com.android.build.gradle.tasks.JavaCompileUtils                                 : loaded 3 times (x 71B)
Class com.android.build.gradle.internal.profile.NoOpAnalyticsConfiguratorService$RegistrationAction: loaded 3 times (x 74B)
Class com.android.build.api.variant.DslExtension                                      : loaded 3 times (x 72B)
Class com.android.build.gradle.internal.dsl.BundleOptionsTexture$AgpDecorated_Decorated: loaded 3 times (x 130B)
Class com.android.build.api.dsl.ManagedDevices                                        : loaded 3 times (x 70B)
Class [Lcom.android.repository.Revision$Precision;                                    : loaded 3 times (x 69B)
Class com.android.build.gradle.internal.dsl.ApplicationExtensionImpl$AgpDecorated     : loaded 3 times (x 394B)
Class com.android.utils.NullLogger                                                    : loaded 3 times (x 85B)
Class com.google.common.util.concurrent.AbstractFuture$SafeAtomicHelper               : loaded 3 times (x 79B)
Class com.android.build.api.dsl.ConsumerKeepRules                                     : loaded 3 times (x 70B)
Class com.android.build.gradle.internal.dsl.decorator.LockableSet                     : loaded 3 times (x 145B)
Class com.android.builder.model.SigningConfig                                         : loaded 3 times (x 70B)
Class com.android.build.gradle.api.AndroidSourceSet                                   : loaded 3 times (x 70B)
Class [Lcom.android.builder.core.ComponentTypeImpl;                                   : loaded 3 times (x 69B)
Class com.google.wireless.android.sdk.stats.GarbageCollectionStats$1                  : loaded 3 times (x 151B)
Class com.android.build.gradle.internal.dsl.InternalBuildType                         : loaded 3 times (x 70B)
Class com.google.common.base.CaseFormat$2                                             : loaded 3 times (x 83B)
Class [Lcom.android.build.gradle.options.StringOption;                                : loaded 3 times (x 69B)
Class com.android.build.gradle.options.ApiStage                                       : loaded 3 times (x 72B)
Class com.android.build.gradle.internal.plugins.AndroidPluginBaseServices$projectServices$2$1: loaded 3 times (x 79B)
Class com.android.build.api.variant.HasUnitTest                                       : loaded 3 times (x 70B)
Class com.android.build.gradle.internal.component.ConsumableCreationConfig            : loaded 3 times (x 70B)
Class com.android.build.gradle.internal.core.dsl.impl.VariantDslInfoImpl$initApplicationId$appIdFromFlavors$1: loaded 3 times (x 78B)
Class com.android.build.gradle.internal.core.dsl.features.RenderscriptDslInfo         : loaded 3 times (x 70B)
Class com.android.build.api.variant.impl.HasDeviceTestsCreationConfig                 : loaded 3 times (x 70B)
Class com.android.build.gradle.internal.core.dsl.impl.InstrumentedTestDslInfoImpl$handleProfiling$2: loaded 3 times (x 74B)
Class com.android.build.gradle.internal.scope.InternalArtifactType$FEATURE_RESOURCE_PKG: loaded 3 times (x 74B)
Class com.android.build.gradle.internal.tasks.featuresplit.FeatureSetMetadataWriterTask: loaded 3 times (x 327B)
Class com.android.build.gradle.internal.tasks.ProcessNavigationXmlTask$LibraryCreationAction: loaded 3 times (x 91B)
Class com.android.build.api.component.impl.DefaultSourcesProviderImpl$getResources$1  : loaded 3 times (x 78B)
Class com.android.build.gradle.internal.utils.HasConfigurableValuesKt                 : loaded 3 times (x 71B)
Class com.android.build.gradle.internal.dependency.AarTransform$Parameters            : loaded 3 times (x 70B)
Class com.android.build.gradle.internal.dependency.BaseDexingTransform$Parameters_Decorated: loaded 3 times (x 156B)
Class org.jetbrains.kotlin.gradle.internal.diagnostics.GradleCompatibilityCheck$CurrentGradleVersionProvider: loaded 3 times (x 70B)
Class org.jetbrains.kotlin.gradle.plugin.BuildFinishedListenerService$Companion$registerIfAbsent$1$1: loaded 3 times (x 79B)
Class org.jetbrains.kotlin.gradle.plugin.statistics.UsesBuildFusService               : loaded 3 times (x 70B)
Class [Lorg.jetbrains.kotlin.gradle.plugin.KotlinPlatformType;                        : loaded 3 times (x 69B)
Class org.jetbrains.kotlin.gradle.plugin.mpp.DecoratedKotlinCompilation               : loaded 3 times (x 191B)
Class org.jetbrains.kotlin.gradle.plugin.sources.FragmentConsistencyChecks$languageVersionCheck$1: loaded 3 times (x 79B)
Class org.jetbrains.kotlin.gradle.utils.ConfigurationsKt$maybeCreateDependencyScope$1 : loaded 3 times (x 78B)
Class org.jetbrains.kotlin.gradle.tasks.K2MultiplatformCompilationTask                : loaded 3 times (x 70B)
Class com.android.build.api.variant.impl.LibraryVariantImpl                           : loaded 3 times (x 552B)
Class com.google.common.collect.SetMultimap                                           : loaded 3 times (x 70B)
Class com.android.builder.model.v2.ide.VectorDrawablesOptions                         : loaded 3 times (x 70B)
Class com.android.build.gradle.internal.dsl.SigningConfig                             : loaded 3 times (x 147B)
Class com.android.ide.common.signing.KeytoolException                                 : loaded 3 times (x 84B)
Class com.android.build.api.dsl.TestDefaultConfig                                     : loaded 3 times (x 70B)
Class com.android.ide.common.blame.SourceFilePosition                                 : loaded 3 times (x 72B)
Class com.android.tools.analytics.AnalyticsSettings                                   : loaded 3 times (x 71B)
Class build_85u53m1d3qsy4n3kbdsghmp8c$_run_closure1                                   : loaded 3 times (x 139B)
Class [Lcom.android.tools.analytics.Environment$SystemProperty;                       : loaded 3 times (x 69B)
Class com.android.build.gradle.internal.tasks.DexMergingTask$CreationAction$handleProvider$3: loaded 3 times (x 127B)
Class org.jetbrains.kotlin.compose.compiler.gradle.ComposeCompilerGradlePluginExtension$featureFlags$2: loaded 3 times (x 76B)
Class com.android.build.gradle.internal.dsl.decorator.SupportedPropertyType$Var$NullableInt: loaded 3 times (x 74B)
Class com.google.wireless.android.sdk.stats.InstantRunStatusOrBuilder                 : loaded 3 times (x 70B)
Class com.google.protobuf.Descriptors$Descriptor                                      : loaded 3 times (x 76B)
Class com.android.build.gradle.internal.dsl.BaselineProfileImpl$AgpDecorated_Decorated: loaded 3 times (x 128B)
Class com.android.build.gradle.internal.api.artifact.SourceArtifactType$ANDROID_RESOURCES: loaded 3 times (x 74B)
Class com.android.build.gradle.internal.core.dsl.features.DeviceTestOptionsDslInfo    : loaded 3 times (x 70B)
Class org.jetbrains.kotlin.gradle.targets.android.internal.InternalKotlinTargetPreset : loaded 3 times (x 70B)
Class com.android.build.api.AndroidPluginVersion                                      : loaded 3 times (x 75B)
Class com.android.build.api.component.impl.AnnotationProcessorImpl$finalListOfClassNames$1: loaded 3 times (x 75B)
Class org.jetbrains.kotlin.gradle.plugin.mpp.AbstractKotlinTarget                     : loaded 3 times (x 150B)
Class org.jetbrains.kotlin.gradle.internal.properties.NativePropertiesLoader$kotlinNativeVersion$1: loaded 3 times (x 75B)
Class com.android.build.api.variant.impl.ArtifactMetadataProcessor                    : loaded 3 times (x 71B)
Class org.jetbrains.kotlin.gradle.dsl.KotlinSingleTargetExtension                     : loaded 3 times (x 124B)
Class com.android.build.gradle.internal.api.ApkVariantOutputImpl_Decorated            : loaded 3 times (x 177B)
Class com.android.build.gradle.internal.dependency.ModelArtifactCompatibilityRule$Companion$setUp$1: loaded 3 times (x 74B)
Class com.android.build.gradle.internal.tasks.factory.BootClasspathConfigImpl$filteredBootClasspath$2$3: loaded 3 times (x 127B)
Class com.android.build.gradle.internal.DependencyConfigurator$configureGeneralTransforms$9: loaded 3 times (x 79B)
Class com.android.build.api.variant.impl.VariantOutputConfigurationImplKt             : loaded 3 times (x 71B)
Class com.android.build.gradle.internal.scope.InternalArtifactType$DEVICE_PROVIDER_ANDROID_TEST_ADDITIONAL_OUTPUT: loaded 3 times (x 74B)
Class com.android.build.gradle.internal.AndroidTestTaskManager$createTasks$1          : loaded 3 times (x 75B)
Class com.android.build.gradle.internal.tasks.MergeArtProfileTask$CreationAction      : loaded 3 times (x 90B)
Class com.android.build.gradle.internal.tasks.DexArchiveBuilderTask$CreationAction$handleProvider$1: loaded 3 times (x 78B)
Class com.android.build.gradle.internal.tasks.creationconfig.JavaPreCompileTaskCreationConfigKt: loaded 3 times (x 71B)
Class com.android.build.gradle.tasks.ProcessMultiApkApplicationManifest               : loaded 3 times (x 337B)
Class android.databinding.tool.writer.JavaFileWriter                                  : loaded 3 times (x 74B)
Class com.android.build.gradle.internal.core.dsl.impl.HostTestComponentDslInfoImpl    : loaded 3 times (x 131B)
Class com.android.build.gradle.internal.tasks.NdkTask                                 : loaded 3 times (x 332B)
Class com.android.build.gradle.internal.tasks.VariantTask                             : loaded 3 times (x 70B)
Class com.android.build.gradle.internal.TaskManager$Companion$createTasksBeforeEvaluate$8: loaded 3 times (x 74B)
Class com.android.build.gradle.internal.dsl.decorator.LockableSet$LockableIterator    : loaded 3 times (x 81B)
Class com.android.builder.model.TestOptions$Execution                                 : loaded 3 times (x 79B)
Class com.android.build.api.dsl.AdbOptions                                            : loaded 3 times (x 70B)
Class com.android.build.gradle.internal.api.DefaultAndroidSourceDirectorySet          : loaded 3 times (x 119B)
Class com.android.build.gradle.internal.manifest.LazyManifestParser$manifestData$2    : loaded 3 times (x 75B)
Class com.android.build.gradle.internal.dsl.ExternalNativeNdkBuildOptions_Decorated   : loaded 3 times (x 153B)
Class org.objectweb.asm.commons.GeneratorAdapter                                      : loaded 3 times (x 187B)
Class com.android.build.api.variant.HostTestBuilder                                   : loaded 3 times (x 70B)
Class com.android.build.api.dsl.LibraryKeepRules                                      : loaded 3 times (x 70B)
Class com.android.build.gradle.internal.AvdComponentsBuildService$Parameters          : loaded 3 times (x 70B)
Class com.android.build.gradle.internal.variant.VariantPathHelper$coverageReportDir$2 : loaded 3 times (x 79B)
Class com.android.build.gradle.internal.profile.AnalyticsResourceManager              : loaded 3 times (x 72B)
Class com.google.wireless.android.sdk.stats.GradleBuildProjectOrBuilder               : loaded 3 times (x 70B)
Class com.google.common.base.CaseFormat$3                                             : loaded 3 times (x 83B)
Class com.android.tools.analytics.AnalyticsSettingsData                               : loaded 3 times (x 72B)
Class com.android.build.gradle.internal.errors.DeprecationReporterImpl$Companion      : loaded 3 times (x 71B)
Class com.android.ide.common.blame.MessageReceiver                                    : loaded 3 times (x 70B)
Class [Lcom.android.build.gradle.options.Option;                                      : loaded 3 times (x 69B)
Class com.google.common.annotations.VisibleForTesting                                 : loaded 3 times (x 70B)
Class com.android.build.api.dsl.Lint                                                  : loaded 3 times (x 70B)
Class com.android.build.gradle.internal.variant.LegacyVariantInputManager             : loaded 3 times (x 97B)
Class com.android.build.gradle.internal.core.dsl.impl.DslInfoCommonKt$initTestApplicationId$testAppIdFromFlavors$1: loaded 3 times (x 78B)
Class com.android.build.api.component.impl.DeviceTestImpl$shadersCreationConfig$2     : loaded 3 times (x 79B)
Class com.android.build.gradle.internal.tasks.ProcessNavigationXmlTask$CreationAction : loaded 3 times (x 91B)
Class com.android.build.gradle.internal.scope.InternalArtifactType$LINT_PUBLISH_JAR   : loaded 3 times (x 74B)
Class com.android.build.gradle.internal.scope.InternalArtifactType$SIGNING_CONFIG_DATA: loaded 3 times (x 74B)
Class com.android.build.api.variant.impl.SourcesImpl$extras$2                         : loaded 3 times (x 79B)
Class com.android.build.gradle.internal.lint.AndroidLintTextOutputTask$SingleVariantCreationAction: loaded 3 times (x 92B)
Class com.android.build.gradle.internal.dependency.FilterShrinkerRulesTransform$Parameters_Decorated: loaded 3 times (x 135B)
Class com.android.build.gradle.internal.dependency.RecalculateStackFramesTransform$Parameters: loaded 3 times (x 70B)
Class com.android.build.gradle.internal.scope.InternalArtifactType$PREFAB_PACKAGE     : loaded 3 times (x 74B)
Class org.jetbrains.kotlin.gradle.internal.diagnostics.GradleCompatibilityCheck       : loaded 3 times (x 71B)
Class org.jetbrains.kotlin.gradle.internal.properties.PropertiesBuildService$Params   : loaded 3 times (x 70B)
Class org.jetbrains.kotlin.gradle.internal.tasks.TaskWithLocalState                   : loaded 3 times (x 70B)
Class org.jetbrains.kotlin.gradle.utils.PersistentCachesKt                            : loaded 3 times (x 71B)
Class org.jetbrains.kotlin.gradle.internal.properties.NativePropertiesLoader$forceDisableRunningInProcess$1: loaded 3 times (x 75B)
Class org.jetbrains.kotlin.gradle.targets.native.UsesKonanPropertiesBuildService      : loaded 3 times (x 70B)
Class org.jetbrains.kotlin.gradle.utils.ProviderApiUtilsKt                            : loaded 3 times (x 71B)
Class org.jetbrains.kotlin.gradle.plugin.mpp.InternalKotlinTargetComponent            : loaded 3 times (x 93B)
Class org.jetbrains.kotlin.gradle.plugin.mpp.KotlinAndroidTarget$kotlinComponents$2   : loaded 3 times (x 79B)
Class org.jetbrains.kotlin.gradle.plugin.sources.FragmentConsistencyChecks            : loaded 3 times (x 72B)
Class org.jetbrains.kotlin.gradle.plugin.diagnostics.IsAttachedToTerminalValueSource  : loaded 3 times (x 80B)
Class com.android.build.gradle.internal.dependency.VariantDependencies$getArtifactCollectionForToolingModel$1: loaded 3 times (x 78B)
Class com.android.build.gradle.internal.utils.DesugarLibUtils$getD8DesugarMethodFileFromTransform$1$1: loaded 3 times (x 74B)
Class com.android.builder.model.v2.dsl.ClassField                                     : loaded 3 times (x 70B)
Class org.gradle.tooling.model.BuildIdentifier                                        : loaded 3 times (x 70B)
Class com.android.build.api.variant.ApplicationAndroidComponentsExtension             : loaded 3 times (x 70B)
Class com.android.build.api.extension.impl.VariantApiOperationsRegistrar              : loaded 3 times (x 72B)
Class com.android.build.gradle.internal.component.features.OptimizationCreationConfig : loaded 3 times (x 70B)
Class [Lcom.android.build.gradle.options.SyncOptions$EvaluationMode;                  : loaded 3 times (x 69B)
Class com.android.build.gradle.tasks.MergeResources$Flag                              : loaded 3 times (x 79B)
Class com.android.build.gradle.internal.dependency.AdditionalArtifactType             : loaded 3 times (x 79B)
Class com.android.build.gradle.internal.profile.NoOpAnalyticsConfiguratorService$Inject_: loaded 3 times (x 102B)
Class com.android.build.gradle.internal.tasks.ProcessNavigationXmlTask$CreationAction$configure$2$resourceMap$1: loaded 3 times (x 78B)
Class com.android.build.gradle.internal.scope.InternalArtifactType$GENERATED_RES      : loaded 3 times (x 74B)
Class org.apache.commons.io.output.QueueOutputStream                                  : loaded 3 times (x 87B)
Class com.android.build.gradle.tasks.ZipMergingTask$CreationAction                    : loaded 3 times (x 90B)
Class org.jetbrains.kotlin.compose.compiler.gradle.internal.ComposeWithAgpConfig$AgpVersionProvider: loaded 3 times (x 70B)
Class org.jetbrains.kotlin.gradle.plugin.mpp.compilationImpl.KotlinCompilationTaskNamesContainer: loaded 3 times (x 72B)
Class org.jetbrains.kotlin.gradle.plugin.mpp.compilationImpl.factory.KotlinCompilationImplFactory$KotlinCompilerOptionsFactory: loaded 3 times (x 70B)
Class com.android.build.gradle.internal.tasks.AppMetadataTaskKt$configureTaskOutputs$1: loaded 3 times (x 127B)
Class com.android.build.gradle.internal.res.ConvertLinkedResourcesToBinaryTask$CreationAction$handleProvider$2: loaded 3 times (x 127B)
Class org.jetbrains.kotlin.gradle.plugin.LanguageSettingsBuilder                      : loaded 3 times (x 70B)
Class com.android.prefs.Global                                                        : loaded 3 times (x 80B)
Class com.android.build.api.dsl.TestBuildType                                         : loaded 3 times (x 70B)
Class com.android.build.api.dsl.DexPackaging                                          : loaded 3 times (x 70B)
Class com.android.build.gradle.internal.dsl.TargetSdkSpecImpl                         : loaded 3 times (x 81B)
Class [Lcom.android.build.api.variant.impl.DirectoryEntry$Kind;                       : loaded 3 times (x 69B)
Class com.android.build.gradle.internal.dsl.SigningConfig$AgpDecorated_Decorated      : loaded 3 times (x 201B)
Class com.android.build.gradle.api.ApkVariantOutput                                   : loaded 3 times (x 70B)
Class com.android.build.gradle.internal.tasks.factory.BootClasspathConfigImpl$filteredBootClasspath$2$4: loaded 3 times (x 127B)
Class com.android.build.gradle.internal.dependency.ExtractNavigationXmlTransform      : loaded 3 times (x 78B)
Class com.android.build.gradle.internal.dependency.IdentityTransform$Parameters       : loaded 3 times (x 70B)
Class com.android.build.gradle.internal.attribution.CheckJetifierBuildService$RegistrationAction: loaded 3 times (x 74B)
Class com.android.build.gradle.internal.profile.AnalyticsUtil                         : loaded 3 times (x 71B)
Class com.android.ide.common.workers.ExecutorServiceAdapter                           : loaded 3 times (x 87B)
Class com.android.build.gradle.internal.scope.InternalArtifactType$R8_METADATA        : loaded 3 times (x 74B)
Class com.android.build.gradle.internal.tasks.MergeArtProfileTask                     : loaded 3 times (x 331B)
Class com.android.build.gradle.tasks.PackageApplication$Companion                     : loaded 3 times (x 71B)
Class com.android.build.api.variant.impl.SigningConfigImpl$enableV2Signing$1          : loaded 3 times (x 75B)
Class com.android.build.gradle.internal.tasks.DexArchiveBuilderTask$CreationAction$handleProvider$2: loaded 3 times (x 78B)
Class com.android.build.gradle.internal.dependency.VariantDependencies$Companion$getComponentFilter$3: loaded 3 times (x 74B)
Class com.android.build.gradle.tasks.ExtractDeepLinksTask$CreationAction              : loaded 3 times (x 93B)
Class com.android.build.gradle.internal.component.features.ShadersCreationConfig      : loaded 3 times (x 70B)
Class com.android.build.gradle.internal.core.dsl.features.DexingDslInfo               : loaded 3 times (x 70B)
Class com.android.build.gradle.internal.core.dsl.impl.ApplicationVariantDslInfoImpl$localeFilters$2: loaded 3 times (x 79B)
Class com.android.build.gradle.internal.tasks.AndroidVariantTask                      : loaded 3 times (x 324B)
Class com.android.build.gradle.internal.TaskManager$Companion$createTasksBeforeEvaluate$9: loaded 3 times (x 74B)
Class com.android.build.api.extension.impl.VariantSelectorImpl                        : loaded 3 times (x 92B)
Class com.android.build.api.dsl.TestFixtures                                          : loaded 3 times (x 70B)
Class com.android.build.gradle.internal.VariantDimensionData                          : loaded 3 times (x 72B)
Class com.android.build.api.dsl.Shaders                                               : loaded 3 times (x 70B)
Class com.android.build.gradle.internal.variant.DefaultBuildTypeComparator            : loaded 3 times (x 90B)
Class com.android.build.gradle.internal.api.ApkVariantOutputImpl                      : loaded 3 times (x 130B)
Class com.google.protobuf.ExtensionRegistry                                           : loaded 3 times (x 87B)
Class com.google.common.base.CaseFormat$4                                             : loaded 3 times (x 83B)
Class com.android.build.gradle.internal.profile.AnalyticsConfiguratorService          : loaded 3 times (x 82B)
Class com.android.build.gradle.internal.services.RunOnceBuildServiceImpl              : loaded 3 times (x 82B)
Class org.gradle.tooling.model.Dependency                                             : loaded 3 times (x 70B)
Class com.android.build.gradle.internal.core.dsl.impl.ConsumableComponentDslInfoImpl  : loaded 3 times (x 135B)
Class com.android.build.api.component.impl.ComponentImpl$resValuesCreationConfig$2    : loaded 3 times (x 79B)
Class com.android.build.api.variant.impl.VariantImpl$shadersCreationConfig$2          : loaded 3 times (x 79B)
Class com.android.build.api.artifact.impl.ScopedArtifactsImpl$ScopedArtifactsContainer: loaded 3 times (x 72B)
Class com.android.build.api.variant.JniLibsPackaging                                  : loaded 3 times (x 70B)
Class com.android.build.api.variant.JniLibsTestedComponentPackaging                   : loaded 3 times (x 70B)
Class com.android.build.gradle.internal.ProceedTestManifestConfigBuilderKt            : loaded 3 times (x 71B)
Class com.android.build.api.variant.impl.TaskProviderBasedDirectoryEntryImpl          : loaded 3 times (x 85B)
Class com.android.build.gradle.internal.cxx.configure.GradleLocalPropertiesKt$gradleLocalProperties$propertiesContent$1: loaded 3 times (x 75B)
Class com.android.build.gradle.internal.DependencyConfigurator$configureVariantTransforms$3$1$1: loaded 3 times (x 75B)
Class org.jetbrains.kotlin.gradle.utils.StoredLazyProperty                            : loaded 3 times (x 75B)
Class org.jetbrains.kotlin.gradle.utils.ReportUtilsKt                                 : loaded 3 times (x 71B)
Class org.jetbrains.kotlin.gradle.internal.CompilerArgumentAware                      : loaded 3 times (x 70B)
Class org.jetbrains.kotlin.gradle.targets.js.dsl.KotlinWasmWasiTargetDsl              : loaded 3 times (x 70B)
Class org.jetbrains.kotlin.gradle.dsl.KotlinProjectExtension                          : loaded 3 times (x 122B)
Class org.jetbrains.kotlin.tooling.core.Extras$Entry$Companion                        : loaded 3 times (x 71B)
Class com.android.build.api.dsl.LibraryExtension                                      : loaded 3 times (x 70B)
Class com.android.build.api.variant.impl.LayeredSourceDirectoriesImpl$getAscendingOrderAssetSets$1: loaded 3 times (x 75B)
Class com.android.build.gradle.internal.plugins.AppPlugin$ApplicationAndroidComponentsExtensionImplCompat: loaded 3 times (x 114B)
Class com.android.build.gradle.internal.plugins.BasePlugin$taskManagerConfig$2        : loaded 3 times (x 79B)
Class com.android.build.gradle.options.ProjectOptionService$Inject_                   : loaded 3 times (x 97B)
Class com.android.build.gradle.options.HasFutureStage                                 : loaded 3 times (x 70B)
Class com.android.build.gradle.internal.publishing.PublishingSpecs                    : loaded 3 times (x 71B)
Class com.android.build.gradle.internal.dependency.GenericTransformParameters         : loaded 3 times (x 70B)
Class com.android.build.gradle.internal.utils.AnalyticsEnabledValueSource$Params_Decorated: loaded 3 times (x 130B)
Class [Lcom.android.ide.common.resources.FileValidity$FileStatus;                     : loaded 3 times (x 69B)
Class com.android.build.gradle.tasks.ExtractAnnotations                               : loaded 3 times (x 338B)
Class com.android.build.gradle.TestExtension                                          : loaded 3 times (x 424B)
Class com.android.build.gradle.internal.utils.AnalyticsEnabledValueSource$Inject_     : loaded 3 times (x 109B)
Class com.android.build.gradle.internal.profile.AnalyticsService$Params               : loaded 3 times (x 70B)
Class com.android.build.gradle.internal.scope.InternalArtifactType$RES_STATIC_LIBRARY : loaded 3 times (x 74B)
Class com.android.build.gradle.internal.ide.dependencies.MavenCoordinatesCacheBuildService$Parameters_Decorated: loaded 3 times (x 130B)
Class com.android.build.api.dsl.ApplicationVariantDimension                           : loaded 3 times (x 70B)
Class com.android.build.api.dsl.TestVariantDimension                                  : loaded 3 times (x 70B)
Class com.android.build.gradle.internal.dsl.ProductFlavorFactory                      : loaded 3 times (x 77B)
Class com.android.build.gradle.internal.dsl.BundleOptionsDeviceGroup                  : loaded 3 times (x 81B)
Class com.android.build.gradle.internal.dsl.Splits                                    : loaded 3 times (x 81B)
Class com.android.build.api.dsl.ApplicationBuildFeatures                              : loaded 3 times (x 70B)
Class org.jetbrains.kotlin.gradle.plugin.mpp.KotlinUsages$KotlinCinteropDisambiguation: loaded 3 times (x 76B)
Class org.jetbrains.kotlin.gradle.plugin.KotlinPluginInMultipleProjectsHolder         : loaded 3 times (x 72B)
Class org.jetbrains.kotlin.gradle.report.BuildReportType$Companion                    : loaded 3 times (x 71B)
Class com.android.build.gradle.internal.DependencyConfigurator$configureVariantTransforms$5$1: loaded 3 times (x 75B)
Class com.android.build.gradle.internal.tasks.factory.BootClasspathConfigImpl$filteredBootClasspath$2$5: loaded 3 times (x 127B)
Class com.android.build.gradle.internal.dependency.AarToClassTransform$Params_Decorated: loaded 3 times (x 133B)
Class com.android.build.api.variant.impl.LayeredSourceDirectoriesImpl$static$1        : loaded 3 times (x 74B)
Class com.android.build.gradle.internal.dependency.SubtractingArtifactCollection$SubtractingArtifactResult: loaded 3 times (x 72B)
Class com.android.build.gradle.internal.tasks.AppMetadataTask$CreationAction          : loaded 3 times (x 90B)
Class com.android.build.api.artifact.impl.OperationRequestsImplKt$toTransform$currentProvider$1: loaded 3 times (x 75B)
Class com.android.build.api.artifact.impl.InAndOutFileOperationRequestImpl            : loaded 3 times (x 81B)
Class com.android.build.gradle.internal.tasks.DexArchiveBuilderTask$CreationAction$handleProvider$3: loaded 3 times (x 78B)
Class com.android.build.gradle.internal.tasks.MergeJavaResourceTask$CreationAction    : loaded 3 times (x 90B)
Class com.android.build.gradle.internal.core.dsl.features.BuildConfigDslInfo          : loaded 3 times (x 70B)
Class com.android.build.gradle.tasks.ProcessManifestForBundleTask$CreationAction$handleProvider$1: loaded 3 times (x 127B)
Class com.android.build.gradle.internal.dependency.VariantDependencies$Companion$getComponentFilter$4: loaded 3 times (x 74B)
Class com.android.build.api.variant.impl.VariantImpl$minSdk$2                         : loaded 3 times (x 79B)
Class com.android.build.api.component.impl.ComponentImpl$privacySandboxCreationConfig$2: loaded 3 times (x 79B)
Class com.android.build.gradle.internal.component.features.ManifestPlaceholdersCreationConfig: loaded 3 times (x 70B)
Class com.android.build.gradle.internal.tasks.factory.TaskConfigurationActions        : loaded 3 times (x 75B)
Class com.android.build.gradle.internal.VariantManager$Companion                      : loaded 3 times (x 71B)
Class com.android.build.gradle.internal.tasks.factory.BootClasspathConfigImpl$mockableJarArtifact$2: loaded 3 times (x 79B)
Class com.android.build.gradle.internal.packaging.PackagingOptionsUtilsKt             : loaded 3 times (x 71B)
Class com.android.builder.model.ClassField                                            : loaded 3 times (x 70B)
Class com.android.build.api.dsl.DataBinding                                           : loaded 3 times (x 70B)
Class com.android.build.gradle.internal.plugins.BasePlugin$sdkComponentsBuildService$2$1: loaded 3 times (x 79B)
Class com.google.protobuf.InvalidProtocolBufferException$InvalidWireTypeException     : loaded 3 times (x 88B)
Class com.android.build.gradle.internal.scope.InternalArtifactType$RUNTIME_LIBRARY_CLASSES_JAR: loaded 3 times (x 74B)
Class com.google.protobuf.Internal$FloatList                                          : loaded 3 times (x 70B)
Class com.google.protobuf.Internal$BooleanList                                        : loaded 3 times (x 70B)
Class com.google.protobuf.MessageLiteOrBuilder                                        : loaded 3 times (x 70B)
Class com.google.common.base.CaseFormat$5                                             : loaded 3 times (x 83B)
Class org.jetbrains.kotlin.gradle.internal.properties.PropertiesBuildService$BooleanGradleProperty: loaded 3 times (x 76B)
Class com.android.build.api.artifact.impl.ArtifactsImpl$1                             : loaded 3 times (x 78B)
Class com.android.build.gradle.internal.dsl.BuildType$AgpDecorated_Decorated          : loaded 3 times (x 441B)
Class com.android.build.gradle.internal.tasks.BaseTask                                : loaded 3 times (x 318B)
Class com.android.build.gradle.internal.plugins.BasePlugin$createTasks$2              : loaded 3 times (x 77B)
Class com.android.build.gradle.internal.core.dsl.impl.ConsumableComponentDslInfoImpl$buildConfigDslInfo$2: loaded 3 times (x 79B)
Class com.android.builder.model.v2.ide.AbstractArtifact                               : loaded 3 times (x 70B)
Class com.android.build.api.variant.impl.ApplicationVariantBuilderImpl$dependenciesInfo$2: loaded 3 times (x 79B)
Class com.android.build.api.variant.impl.ApplicationVariantBuilderImpl$androidTest$2  : loaded 3 times (x 79B)
Class com.android.build.api.component.impl.ComponentImpl$providedOnlyClasspath$2      : loaded 3 times (x 79B)
Class com.android.build.gradle.tasks.ExtractDeepLinksTask$BaseCreationAction$handleProvider$1: loaded 3 times (x 127B)
Class com.android.build.gradle.tasks.CompatibleScreensManifest$CreationAction$handleProvider$1: loaded 3 times (x 127B)
Class com.android.build.api.artifact.SingleArtifact$RUNTIME_SYMBOL_LIST               : loaded 3 times (x 74B)
Class com.android.build.gradle.internal.scope.InternalArtifactType$EXTERNAL_LIBS_DEX_ARCHIVE_WITH_ARTIFACT_TRANSFORMS: loaded 3 times (x 74B)
Class com.android.build.gradle.internal.scope.InternalArtifactType$APK_IDE_REDIRECT_FILE: loaded 3 times (x 74B)
Class com.android.build.gradle.internal.scope.InternalArtifactType$BUNDLE_IDE_REDIRECT_FILE: loaded 3 times (x 74B)
Class com.google.common.collect.AllEqualOrdering                                      : loaded 3 times (x 114B)
Class com.android.build.gradle.internal.VariantTaskManager$createAnchorAssembleTasks$4: loaded 3 times (x 75B)
Class com.android.build.gradle.internal.publishing.PublishingSpecs$VariantSpec        : loaded 3 times (x 70B)
Class com.android.build.api.artifact.SingleArtifact$AAR                               : loaded 3 times (x 74B)
Class [Lcom.android.build.api.artifact.Artifact$Single;                               : loaded 3 times (x 69B)
Class org.jetbrains.kotlin.gradle.internal.diagnostics.KotlinCompilerEmbeddableCheck  : loaded 3 times (x 71B)
Class org.jetbrains.kotlin.gradle.plugin.VariantImplementationFactories               : loaded 3 times (x 75B)
Class org.jetbrains.kotlin.gradle.utils.WhenPluginEnabledKt                           : loaded 3 times (x 71B)
Class org.jetbrains.kotlin.gradle.plugin.mpp.KotlinVariant                            : loaded 3 times (x 101B)
Class org.jetbrains.kotlin.gradle.plugin.mpp.KotlinTargetSoftwareComponent            : loaded 3 times (x 89B)
Class org.jetbrains.kotlin.gradle.plugin.sources.android.AndroidVariantType           : loaded 3 times (x 79B)
Class [Lorg.jetbrains.kotlin.gradle.plugin.sources.android.AndroidVariantType;        : loaded 3 times (x 69B)
Class org.jetbrains.kotlin.gradle.plugin.VariantImplementationFactories$Companion$getProvider$1: loaded 3 times (x 75B)
Class org.jetbrains.kotlin.gradle.plugin.mpp.compilationImpl.KotlinCompilationSourceSetInclusion$Companion: loaded 3 times (x 71B)
Class org.jetbrains.kotlin.compilerRunner.UsesCompilerSystemPropertiesService         : loaded 3 times (x 70B)
Class org.jetbrains.kotlin.tooling.core.ExtrasProperty                                : loaded 3 times (x 70B)
Class com.android.build.api.variant.impl.LibraryVariantImpl$renderscript$2            : loaded 3 times (x 79B)
Class com.android.build.api.variant.impl.LibraryVariantImpl$packaging$2               : loaded 3 times (x 79B)
Class com.android.build.gradle.internal.tasks.ProcessNavigationXmlTask_Decorated      : loaded 3 times (x 383B)
Class com.android.build.gradle.internal.tasks.MergeJavaResourceTask$Companion         : loaded 3 times (x 71B)
Class com.android.build.gradle.internal.api.LibraryVariantImpl_Decorated              : loaded 3 times (x 278B)
Class com.android.build.api.variant.impl.VariantApiExtensionsKt                       : loaded 3 times (x 71B)
Class com.android.build.gradle.internal.tasks.GlobalSyntheticsMergeTask$CreationAction: loaded 3 times (x 90B)
Class com.android.build.gradle.internal.component.KmpCreationConfig                   : loaded 3 times (x 70B)
Class com.android.build.gradle.tasks.BundleAar$LibraryLocalLintCreationAction         : loaded 3 times (x 91B)
Class com.android.builder.model.v2.models.ProjectGraph                                : loaded 3 times (x 70B)
Class org.jetbrains.kotlin.gradle.plugin.mpp.compilationImpl.DefaultKotlinCompilationFriendPathsResolver$CompositeFriendArtifactResolver: loaded 3 times (x 75B)
Class com.android.build.gradle.internal.dsl.BaseAppModuleExtensionInternal            : loaded 3 times (x 465B)
Class org.jetbrains.kotlin.gradle.plugin.sources.FragmentConsistencyChecks$optInAnnotationsCheck$1: loaded 3 times (x 79B)
Class org.jetbrains.kotlin.gradle.plugin.mpp.AbstractKotlinCompilationToRunnableFiles : loaded 3 times (x 196B)
Class com.android.build.gradle.internal.component.PublishableCreationConfig           : loaded 3 times (x 70B)
Class org.jetbrains.kotlin.gradle.plugin.mpp.KotlinUsages$KotlinMetadataCompatibility : loaded 3 times (x 76B)
Class [Lorg.jetbrains.kotlin.gradle.dsl.JvmTarget;                                    : loaded 3 times (x 69B)
Class org.jetbrains.kotlin.gradle.utils.ConfigurationsKt$maybeCreateResolvable$1      : loaded 3 times (x 78B)
Class com.android.build.gradle.internal.plugins.BasePlugin$variantFactory$2           : loaded 3 times (x 79B)
Class com.android.build.gradle.options.FeatureStage                                   : loaded 3 times (x 72B)
Class org.jetbrains.kotlin.gradle.internal.properties.PropertiesBuildService$property$1$1: loaded 3 times (x 75B)
Class org.jetbrains.kotlin.tooling.core.Extras$Type                                   : loaded 3 times (x 72B)
Class com.google.common.base.Converter$IdentityConverter                              : loaded 3 times (x 90B)
Class com.android.tools.analytics.Environment$Companion$SYSTEM$1                      : loaded 3 times (x 73B)
Class com.android.build.gradle.internal.tasks.BundleIdeModelProducerTask$CreationAction: loaded 3 times (x 90B)
Class com.android.build.gradle.internal.TaskManager$createPackagingTask$configureResourcesAndAssetsDependencies$1: loaded 3 times (x 75B)
Class com.android.tools.analytics.Environment$Companion                               : loaded 3 times (x 71B)
Class com.android.build.gradle.internal.tasks.DexArchiveBuilderTask$CreationAction$handleProvider$4: loaded 3 times (x 78B)
Class com.android.build.gradle.internal.tasks.factory.TaskFactoryUtils$dependsOn$7    : loaded 3 times (x 75B)
Class com.android.build.gradle.internal.tasks.factory.features.BuildConfigTaskCreationActionImpl: loaded 3 times (x 75B)
Class com.android.build.api.artifact.impl.TaskBasedOperationImpl                      : loaded 3 times (x 84B)
Class com.android.build.api.component.impl.MutableMapBackedUpWithMapProperty          : loaded 3 times (x 124B)
Class com.android.build.gradle.internal.services.BuiltInKotlinSupportMode$NotSupported: loaded 3 times (x 71B)
Class com.android.build.gradle.internal.component.VariantCreationConfig$Companion     : loaded 3 times (x 71B)
Class com.android.build.api.variant.impl.DependenciesInfoBuilderImpl                  : loaded 3 times (x 90B)
Class com.android.build.gradle.internal.variant.VariantPathHelper$dirName$2           : loaded 3 times (x 79B)
Class com.android.build.gradle.internal.core.dsl.impl.TestedVariantDslInfoImpl        : loaded 3 times (x 154B)
Class com.android.build.gradle.internal.manifest.ManifestDataProvider                 : loaded 3 times (x 70B)
Class com.android.build.gradle.internal.profile.AnalyticsConfiguratorService$Params$Inject_: loaded 3 times (x 106B)
Class com.android.build.gradle.internal.dsl.ComposeOptionsImpl                        : loaded 3 times (x 82B)
Class com.android.build.api.dsl.TestCoverage                                          : loaded 3 times (x 70B)
Class org.jetbrains.kotlin.gradle.plugin.KotlinTargetComponent                        : loaded 3 times (x 70B)
Class com.android.build.gradle.internal.dsl.AaptOptions                               : loaded 3 times (x 115B)
Class com.android.build.api.dsl.BaselineProfile                                       : loaded 3 times (x 70B)
Class org.bouncycastle.jcajce.provider.config.ConfigurableProvider                    : loaded 3 times (x 70B)
Class com.android.build.api.dsl.DynamicFeatureBaseFlavor                              : loaded 3 times (x 70B)
Class com.android.builder.core.ComponentTypeImpl                                      : loaded 3 times (x 105B)
Class com.android.build.gradle.internal.plugins.BasePlugin$versionedSdkLoaderService$2$1$1: loaded 3 times (x 79B)
Class com.android.build.gradle.internal.services.Aapt2DaemonBuildService$Parameters_Decorated: loaded 3 times (x 127B)
Class org.jetbrains.kotlin.gradle.dsl.KotlinCommonCompilerToolOptionsHelper           : loaded 3 times (x 71B)
Class com.android.build.gradle.internal.res.Aapt2FromMaven$Companion$Aapt2Extractor   : loaded 3 times (x 78B)
Class com.android.tools.analytics.Environment$SystemProperty                          : loaded 3 times (x 79B)
Class com.android.build.gradle.internal.plugins.AndroidPluginBaseServices$syncIssueReporter$2$1: loaded 3 times (x 79B)
Class com.android.build.gradle.internal.plugins.BasePlugin$extensionData$2            : loaded 3 times (x 79B)
Class com.android.build.api.variant.HasAndroidTestBuilder                             : loaded 3 times (x 70B)
Class com.android.ide.common.blame.SourceFilePositionJsonSerializer                   : loaded 3 times (x 77B)
Class org.jetbrains.kotlin.gradle.targets.js.dsl.KotlinJsTargetDsl                    : loaded 3 times (x 70B)
Class com.android.tools.analytics.CommonMetricsData                                   : loaded 3 times (x 71B)
Class com.android.build.gradle.TestPlugin                                             : loaded 3 times (x 76B)
Class com.android.build.gradle.internal.dsl.MultiDexConfigImpl                        : loaded 3 times (x 80B)
Class com.android.build.gradle.internal.dsl.InternalFusedLibraryExtension             : loaded 3 times (x 70B)
Class com.android.build.gradle.internal.core.dsl.impl.LibraryVariantDslInfoImpl       : loaded 3 times (x 189B)
Class org.jetbrains.kotlin.gradle.plugin.mpp.compilationImpl.factory.KotlinCompilationImplFactory$PreConfigure: loaded 3 times (x 70B)
Class com.android.build.gradle.internal.dsl.AnnotationProcessorOptions$AgpDecorated   : loaded 3 times (x 106B)
Class com.android.build.gradle.internal.plugins.BasePlugin$buildOutputs$2$1           : loaded 3 times (x 78B)
Class com.android.build.gradle.internal.plugins.BasePlugin$createTasks$1              : loaded 3 times (x 75B)
Class com.android.build.gradle.internal.tasks.NonIncrementalGlobalTask                : loaded 3 times (x 319B)
Class com.android.build.gradle.internal.plugins.LibraryPlugin$3                       : loaded 3 times (x 86B)
Class com.android.build.gradle.internal.core.dsl.impl.DslInfoUtilsKt                  : loaded 3 times (x 71B)
Class com.android.build.api.variant.AndroidTestBuilder                                : loaded 3 times (x 70B)
Class com.android.build.api.attributes.ProductFlavorAttr$Companion                    : loaded 3 times (x 71B)
Class com.android.build.gradle.internal.component.features.BuildConfigCreationConfig  : loaded 3 times (x 70B)
Class com.android.build.api.variant.BuildConfigField                                  : loaded 3 times (x 72B)
Class com.android.build.gradle.internal.core.dsl.NestedComponentDslInfo               : loaded 3 times (x 70B)
Class com.android.build.gradle.internal.VariantTaskManager$checkMultidexDependency$$inlined$filterIsInstance$1: loaded 3 times (x 74B)
Class [Lcom.android.builder.dexing.DexingType;                                        : loaded 3 times (x 69B)
Class com.android.build.gradle.internal.tasks.ExportConsumerProguardFilesTask_Decorated: loaded 3 times (x 384B)
Class com.android.build.api.component.impl.ComponentImpl$computeLocalPackagedJars$1   : loaded 3 times (x 80B)
Class org.apache.commons.io.output.UnsynchronizedByteArrayOutputStream                : loaded 3 times (x 102B)
Class com.android.build.gradle.internal.scope.InternalArtifactType$METADATA_APPLICATION_ID: loaded 3 times (x 74B)
Class com.android.build.gradle.internal.tasks.factory.features.AndroidResourcesTaskCreationActionImpl: loaded 3 times (x 75B)
Class com.android.build.gradle.internal.tasks.AarMetadataTask                         : loaded 3 times (x 334B)
Class com.android.build.gradle.internal.plugins.LibraryPlugin$LibraryAndroidComponentsExtensionImplCompat: loaded 3 times (x 114B)
Class com.android.build.gradle.internal.tasks.ProcessJavaResTask$CreationAction$handleProvider$1: loaded 3 times (x 127B)
Class org.jetbrains.kotlin.gradle.plugin.sources.FragmentConsistencyChecks$optInAnnotationsCheck$2: loaded 3 times (x 78B)
Class com.android.build.api.variant.impl.ResourcesApkPackagingImpl                    : loaded 3 times (x 80B)
Class org.jetbrains.kotlin.gradle.plugin.statistics.BuildFusServiceKt                 : loaded 3 times (x 71B)
Class org.jetbrains.kotlin.gradle.plugin.BuildFinishedListenerService$Companion       : loaded 3 times (x 71B)
Class org.jetbrains.kotlin.gradle.plugin.BuildFinishedListenerService                 : loaded 3 times (x 80B)
Class com.android.build.gradle.internal.publishing.VariantSpecBuilderImpl             : loaded 3 times (x 90B)
Class com.android.build.gradle.internal.dependency.FilterShrinkerRulesTransform       : loaded 3 times (x 78B)
Class com.android.build.gradle.internal.utils.D8BackportedMethodsGenerator$Inject_1   : loaded 3 times (x 109B)
Class com.android.build.gradle.internal.dependency.RecalculateStackFramesTransform$Companion: loaded 3 times (x 71B)
Class com.android.build.gradle.internal.dependency.CollectResourceSymbolsTransform    : loaded 3 times (x 78B)
Class com.android.build.gradle.internal.scope.InternalArtifactType$MERGED_JAVA_RES    : loaded 3 times (x 74B)
Class com.android.build.gradle.internal.tasks.UninstallTask$CreationAction            : loaded 3 times (x 91B)
Class com.android.build.gradle.internal.tasks.InstallVariantTask$CreationAction       : loaded 3 times (x 91B)
Class com.android.build.gradle.internal.scope.InternalArtifactType$NATIVE_DEBUG_METADATA: loaded 3 times (x 74B)
Class com.android.build.gradle.internal.TaskManager$maybeCreateKotlinExtensionConfiguration$kotlinExtension$1: loaded 3 times (x 74B)
Class com.android.build.gradle.internal.tasks.DexArchiveBuilderTask$CreationAction$handleProvider$5: loaded 3 times (x 78B)
Class com.android.build.api.artifact.MultipleArtifact$PRE_COMPILATION_CLASSES         : loaded 3 times (x 74B)
Class com.android.build.api.component.impl.features.BuildConfigCreationConfigImpl$buildConfigFields$2: loaded 3 times (x 79B)
Class com.android.build.gradle.tasks.ManifestProcessor                                : loaded 3 times (x 70B)
Class com.android.build.api.artifact.Artifact$Transformable                           : loaded 3 times (x 70B)
Class com.android.build.gradle.internal.TaskManager$createCompileAnchorTask$1         : loaded 3 times (x 74B)
Class com.android.build.gradle.internal.TaskManager$AbstractPreBuildCreationAction    : loaded 3 times (x 91B)
Class com.android.build.gradle.internal.component.DeviceTestCreationConfig            : loaded 3 times (x 70B)
Class com.android.build.gradle.internal.testsuites.impl.TestSuiteBuilderImpl$Companion: loaded 3 times (x 71B)
Class com.android.build.gradle.internal.dsl.CompileSdkSpecImpl$AgpDecorated           : loaded 3 times (x 90B)
Class com.android.build.gradle.internal.tasks.UsesAnalytics                           : loaded 3 times (x 70B)
Class com.android.build.gradle.internal.tasks.SigningConfigUtils                      : loaded 3 times (x 71B)
Class com.android.build.gradle.internal.dsl.BundleOptionsDeviceTier$AgpDecorated      : loaded 3 times (x 85B)
Class com.android.build.gradle.internal.dsl.EmulatorControl$AgpDecorated_Decorated    : loaded 3 times (x 134B)
Class com.android.build.gradle.internal.dsl.CommonExtensionImpl$compileSdkDelegate$1  : loaded 3 times (x 79B)
Class com.android.build.gradle.internal.dsl.BaselineProfileImpl$AgpDecorated          : loaded 3 times (x 84B)
Class com.android.build.gradle.internal.dsl.decorator.DslDecorator$CollectingInfoVisitor: loaded 3 times (x 75B)
Class com.android.build.gradle.internal.dsl.decorator.DslDecorator$Companion          : loaded 3 times (x 71B)
Class com.android.build.api.dsl.AnnotationProcessorOptions                            : loaded 3 times (x 70B)
Class com.android.builder.model.BuildType                                             : loaded 3 times (x 70B)
Class com.android.build.gradle.internal.plugins.BasePlugin$versionedSdkLoaderService$2$1$2: loaded 3 times (x 79B)
Class com.android.build.gradle.internal.AvdComponentsBuildService$Parameters_Decorated: loaded 3 times (x 157B)
Class com.android.build.gradle.internal.plugins.BasePlugin$configureProject$1         : loaded 3 times (x 75B)
Class com.android.build.gradle.internal.services.StringCachingBuildService$RegistrationAction: loaded 3 times (x 74B)
Class com.android.build.api.dsl.LibraryInstallation                                   : loaded 3 times (x 70B)
Class com.google.protobuf.AbstractParser                                              : loaded 3 times (x 150B)
Class com.android.buildanalyzer.common.TaskCategory                                   : loaded 3 times (x 80B)
Class com.google.common.collect.AbstractBiMap$Inverse                                 : loaded 3 times (x 162B)
Class com.android.build.gradle.internal.scope.InternalArtifactType$AAR_LIBS_DIRECTORY : loaded 3 times (x 74B)
Class com.android.build.gradle.options.IntegerOption                                  : loaded 3 times (x 85B)
Class org.jetbrains.kotlin.gradle.targets.js.dsl.KotlinJsSubTargetContainerDsl        : loaded 3 times (x 70B)
Class com.android.build.gradle.internal.core.dsl.ComponentDslInfo                     : loaded 3 times (x 70B)
Class com.android.build.api.variant.AndroidComponents                                 : loaded 3 times (x 70B)
Class com.android.build.gradle.internal.plugins.BasePlugin                            : loaded 3 times (x 93B)
Class com.google.common.collect.ImmutableListMultimap                                 : loaded 3 times (x 176B)
Class com.android.build.gradle.internal.scope.InternalArtifactType$R8_ART_PROFILE     : loaded 3 times (x 74B)
Class com.android.build.gradle.internal.scope.InternalArtifactType$ANDROID_TEST_LINT_MODEL: loaded 3 times (x 74B)
Class com.android.build.api.component.impl.DefaultSourcesProviderImpl$getBaselineProfiles$1: loaded 3 times (x 127B)
Class com.android.build.gradle.internal.variant.BuildAuthorSpecifiedDefaultBuildTypeComparator: loaded 3 times (x 90B)
Class com.android.build.gradle.internal.lint.VariantWithTests                         : loaded 3 times (x 72B)
Class com.android.build.gradle.internal.VariantTaskManager$createAnchorAssembleTasks$3: loaded 3 times (x 75B)
Class com.android.build.gradle.internal.scope.BuildArtifactSpec                       : loaded 3 times (x 72B)
Class org.jetbrains.kotlin.gradle.targets.native.internal.PlatformLibrariesGenerator$Companion: loaded 3 times (x 71B)
Class org.jetbrains.kotlin.gradle.plugin.DefaultKotlinBasePlugin$setupAttributeMatchingStrategy$1$2: loaded 3 times (x 79B)
Class org.jetbrains.kotlin.compose.compiler.gradle.ComposeCompilerGradlePluginExtension: loaded 3 times (x 76B)
Class org.jetbrains.kotlin.tooling.core.MutableExtrasImpl$Companion                   : loaded 3 times (x 71B)
Class org.jetbrains.kotlin.gradle.plugin.mpp.compilationImpl.factory.KotlinCompilationImplFactory$ProcessResourcesTaskNameFactory: loaded 3 times (x 70B)
Class org.jetbrains.kotlin.gradle.tasks.KotlinCompilationTask                         : loaded 3 times (x 70B)
Class com.android.build.gradle.internal.core.dsl.impl.LibraryVariantDslInfoImpl$mergeOptions$2: loaded 3 times (x 78B)
Class com.android.build.gradle.internal.variant.LibraryVariantData                    : loaded 3 times (x 76B)
Class com.android.build.api.artifact.impl.ScopedArtifactsImpl$ScopedArtifactsOperationImpl: loaded 3 times (x 78B)
Class com.google.common.collect.ByFunctionOrdering                                    : loaded 3 times (x 115B)
Class com.android.builder.model.v2.dsl.DependenciesInfo                               : loaded 3 times (x 70B)
Class org.gradle.internal.time.Time                                                   : loaded 3 times (x 71B)
Class com.android.build.gradle.internal.plugins.BasePlugin$variantManager$2           : loaded 3 times (x 79B)
Class com.android.build.gradle.api.FusedLibraryPlugin                                 : loaded 3 times (x 74B)
Class com.android.build.gradle.options.FeatureStage$SoftlyEnforced                    : loaded 3 times (x 72B)
Class org.jetbrains.kotlin.gradle.internal.ClassLoadersCachingBuildService$Parameters : loaded 3 times (x 70B)
Class org.jetbrains.kotlin.gradle.plugin.KotlinGradleBuildServices$Companion$registerIfAbsent$1: loaded 3 times (x 75B)
Class com.android.build.gradle.internal.databinding.DataBindingExcludeDelegate        : loaded 3 times (x 73B)
Class com.android.build.gradle.internal.BuildToolsExecutableInput                     : loaded 3 times (x 79B)
Class org.apache.commons.io.output.ByteArrayOutputStream                              : loaded 3 times (x 102B)
Class com.android.build.gradle.internal.plugins.AndroidPluginBaseServices$projectServices$2$1$3: loaded 3 times (x 79B)
Class org.jetbrains.kotlin.gradle.tasks.configuration.TaskConfigAction                : loaded 3 times (x 72B)
Class org.jetbrains.kotlin.gradle.plugin.mpp.compilationImpl.factory.DefaultKotlinCompilationOutputFactory: loaded 3 times (x 74B)
Class com.android.build.gradle.internal.tasks.BundleLibraryClassesJar_Decorated       : loaded 3 times (x 387B)
Class com.android.build.gradle.internal.profile.AnalyticsConfiguratorService$State    : loaded 3 times (x 79B)
Class com.google.wireless.android.sdk.stats.InstantRunStatus                          : loaded 3 times (x 205B)
Class org.jetbrains.kotlin.gradle.plugin.KotlinSourceSetTree                          : loaded 3 times (x 72B)
Class com.google.protobuf.PrimitiveNonBoxingCollection                                : loaded 3 times (x 70B)
Class com.android.build.gradle.internal.services.AndroidLocationsBuildService$Inject_ : loaded 3 times (x 110B)
Class com.android.build.gradle.internal.ManagedDeviceUtilsKt$getManagedDeviceAvdFolder$1: loaded 3 times (x 75B)
Class com.android.build.gradle.internal.dsl.AndroidTestImpl                           : loaded 3 times (x 77B)
Class org.jetbrains.kotlin.gradle.plugin.sources.KotlinSourceSetFactory               : loaded 3 times (x 80B)
Class org.jetbrains.kotlin.gradle.targets.native.toolchain.KotlinNativeBundleBuildService$Parameters_Decorated: loaded 3 times (x 139B)
Class org.jetbrains.kotlin.gradle.internal.ClassLoadersCachingBuildService$Companion  : loaded 3 times (x 71B)
Class org.jetbrains.kotlin.gradle.internal.IdeaKt$isInIdeaSync$1                      : loaded 3 times (x 74B)
Class [Lcom.android.tools.utp.gradle.api.UtpDependency;                               : loaded 3 times (x 69B)
Class com.android.build.gradle.internal.tasks.creationconfig.ProceedTestManifestCreationConfig: loaded 3 times (x 70B)
Class com.android.build.api.dsl.FusedLibraryExtension                                 : loaded 3 times (x 70B)
Class com.android.build.gradle.internal.tasks.BaseTask$CreationAction                 : loaded 3 times (x 90B)
Class com.android.ide.common.resources.DataMerger                                     : loaded 3 times (x 97B)
Class com.android.build.gradle.internal.tasks.DexArchiveBuilderTask$CreationAction$handleProvider$6: loaded 3 times (x 127B)
Class com.android.build.api.artifact.impl.MultipleArtifactContainer                   : loaded 3 times (x 75B)
Class com.android.build.api.variant.impl.JniLibsPackagingImpl$keepDebugSymbols$1      : loaded 3 times (x 75B)
Class com.android.build.gradle.internal.dependency.ProvidedClasspathSubtractor$getFileCollection$1: loaded 3 times (x 75B)
Class com.android.build.api.component.impl.DeviceTestImpl$instrumentationRunnerArguments$2: loaded 3 times (x 79B)
Class com.android.build.gradle.internal.core.dsl.impl.ApplicationVariantDslInfoImpl$computeVersionNameSuffix$2: loaded 3 times (x 78B)
Class com.android.build.api.component.impl.ComponentImpl$androidResourcesCreationConfig$2: loaded 3 times (x 79B)
Class com.android.build.gradle.internal.variant.VariantPathHelper$Companion           : loaded 3 times (x 71B)
Class com.android.build.gradle.internal.attributes.VariantAttr$Companion              : loaded 3 times (x 71B)
Class org.jetbrains.kotlin.gradle.plugin.internal.ProjectIsolationStartParameterAccessor: loaded 3 times (x 70B)
Class org.jetbrains.kotlin.gradle.utils.StoredProperty                                : loaded 3 times (x 70B)
Class com.android.build.gradle.internal.services.VariantServices                      : loaded 3 times (x 70B)
Class com.android.build.gradle.internal.CompileOptions$Companion                      : loaded 3 times (x 71B)
Class com.android.build.gradle.internal.dsl.decorator.ApplicationInstallationImpl$AgpDecorated: loaded 3 times (x 100B)
Class com.android.build.gradle.internal.dsl.CommonExtensionImpl$compileSdkDelegate$2  : loaded 3 times (x 79B)
Class com.android.builder.core.DefaultVectorDrawablesOptions                          : loaded 3 times (x 80B)
Class com.android.build.gradle.internal.dsl.BaselineProfileImpl                       : loaded 3 times (x 79B)
Class com.android.build.gradle.internal.dsl.ExternalNativeBuild                       : loaded 3 times (x 91B)
Class com.android.build.gradle.internal.dsl.decorator.LockableMap                     : loaded 3 times (x 128B)
Class com.android.build.gradle.internal.dsl.BuildType                                 : loaded 3 times (x 365B)
Class com.android.build.gradle.internal.plugins.BasePlugin$configureProject$2         : loaded 3 times (x 75B)
Class com.google.wireless.android.sdk.stats.JavaProcessStats$1                        : loaded 3 times (x 151B)
Class com.android.build.gradle.internal.api.UnitTestVariantImpl                       : loaded 3 times (x 219B)
Class com.google.protobuf.GeneratedMessage$GeneratedExtension                         : loaded 3 times (x 87B)
Class com.android.build.gradle.internal.profile.AnalyticsConfiguratorService$Params_Decorated: loaded 3 times (x 130B)
Class com.android.build.gradle.internal.dependency.AgpVersionCompatibilityRule        : loaded 3 times (x 76B)
Class com.google.gson.JsonSerializer                                                  : loaded 3 times (x 70B)
Class [Lcom.android.ide.common.blame.Message$Kind;                                    : loaded 3 times (x 69B)
Class com.android.build.gradle.internal.cxx.logging.PassThroughRecordingLoggingEnvironment: loaded 3 times (x 83B)
Class com.android.build.gradle.internal.errors.MessageReceiverImpl                    : loaded 3 times (x 75B)
Class com.android.build.gradle.internal.variant.VariantInputModel                     : loaded 3 times (x 70B)
Class com.android.build.gradle.internal.dependency.SubtractingArtifactCollection$SubtractingArtifactResult$fileCollection$1: loaded 3 times (x 79B)
Class com.android.build.api.artifact.Artifact$Companion                               : loaded 3 times (x 71B)
Class com.google.common.collect.EmptyImmutableListMultimap                            : loaded 3 times (x 176B)
Class com.google.common.collect.BaseImmutableMultimap                                 : loaded 3 times (x 123B)
Class com.android.build.gradle.internal.dsl.BundleOptionsAbi$AgpDecorated_Decorated   : loaded 3 times (x 125B)
Class com.android.builder.signing.DefaultSigningConfig$Companion                      : loaded 3 times (x 71B)
Class com.android.build.gradle.internal.lint.AndroidLintGlobalTask$UpdateBaselineCreationAction$Companion: loaded 3 times (x 71B)
Class com.android.build.gradle.internal.tasks.ApkZipPackagingTask                     : loaded 3 times (x 328B)
Class com.android.build.api.instrumentation.InstrumentationScope                      : loaded 3 times (x 79B)
Class com.android.build.gradle.internal.core.dsl.impl.DslInfoCommonKt$initTestApplicationId$2: loaded 3 times (x 74B)
Class com.android.build.gradle.internal.TestFixturesTaskManager                       : loaded 3 times (x 82B)
Class com.android.build.gradle.internal.dependency.VariantDependencies$computeArtifactCollection$2: loaded 3 times (x 75B)
Class com.android.build.gradle.internal.tasks.CheckManifest$CreationAction$handleProvider$1: loaded 3 times (x 127B)
Class com.android.build.gradle.internal.tasks.DexFileDependenciesTask$CreationAction  : loaded 3 times (x 93B)
Class com.android.build.gradle.internal.tasks.factory.AndroidVariantTaskCreationAction: loaded 3 times (x 92B)
Class com.android.build.gradle.internal.tasks.ExtractApksTask$CreationAction$handleProvider$3: loaded 3 times (x 127B)
Class com.android.build.gradle.internal.scope.InternalArtifactType$UNIT_TEST_LINT_MODEL: loaded 3 times (x 74B)
Class com.android.build.gradle.internal.cxx.logging.ThreadLoggingEnvironment$Companion: loaded 3 times (x 71B)
Class com.android.build.gradle.internal.scope.InternalArtifactType$RUNTIME_LIBRARY_CLASSES_DIR: loaded 3 times (x 74B)
Class org.jetbrains.kotlin.gradle.internal.properties.PropertiesBuildService$property$1: loaded 3 times (x 79B)
Class org.jetbrains.kotlin.gradle.plugin.DefaultKotlinBasePlugin$setupAttributeMatchingStrategy$1$1: loaded 3 times (x 79B)
Class org.jetbrains.kotlin.gradle.plugin.mpp.compilationImpl.factory.KotlinJvmCompilerOptionsFactory$create$kotlinOptions$1: loaded 3 times (x 101B)
Class com.android.build.gradle.internal.core.dsl.impl.LibraryVariantDslInfoImpl$mergeOptions$1: loaded 3 times (x 78B)
Class com.android.build.api.variant.impl.LibraryVariantImpl$consumerProguardFiles$2   : loaded 3 times (x 79B)
Class com.android.build.api.variant.impl.LibraryVariantImpl$aarOutputFileName$1       : loaded 3 times (x 75B)
Class com.android.build.gradle.internal.DependencyResourcesComputer$initFromVariantScope$2$2: loaded 3 times (x 79B)
Class com.android.build.gradle.tasks.ExtractSupportedLocalesTask_Decorated            : loaded 3 times (x 381B)
Class org.jetbrains.kotlin.cli.common.arguments.CommonToolArguments                   : loaded 3 times (x 73B)
Class com.android.builder.model.v2.ide.ProjectInfo                                    : loaded 3 times (x 70B)
Class org.gradle.tooling.model.HierarchicalElement                                    : loaded 3 times (x 70B)
Class com.android.build.gradle.AppPlugin                                              : loaded 3 times (x 76B)
Class com.android.build.api.variant.impl.JniLibsTestedComponentPackagingImpl$testOnly$1: loaded 3 times (x 75B)
Class org.jetbrains.kotlin.gradle.utils.ProviderApiUtilsKt$mapOrNull$1$1              : loaded 3 times (x 75B)
Class com.android.build.gradle.AppExtension                                           : loaded 3 times (x 215B)
Class org.jetbrains.kotlin.gradle.plugin.mpp.InternalKotlinCompilationKt              : loaded 3 times (x 71B)
Class org.jetbrains.kotlin.gradle.tasks.configuration.AbstractKotlinCompileConfig     : loaded 3 times (x 72B)
Class org.jetbrains.kotlin.gradle.plugin.mpp.compilationImpl.KotlinCompilationImpl$attributes$2: loaded 3 times (x 79B)
Class com.android.build.gradle.internal.plugins.DslContainerProvider                  : loaded 3 times (x 70B)
Class com.android.build.gradle.internal.plugins.BasePlugin$extension$2                : loaded 3 times (x 79B)
Class org.jetbrains.kotlin.build.report.metrics.GradleBuildTime                       : loaded 3 times (x 86B)
Class org.jetbrains.kotlin.gradle.utils.IsolatedKotlinClasspathClassCastException     : loaded 3 times (x 82B)
Class com.android.build.gradle.internal.publishing.VariantPublishingSpecImpl          : loaded 3 times (x 77B)
Class com.android.build.gradle.internal.dependency.FilterShrinkerRulesTransform$Parameters: loaded 3 times (x 70B)
Class com.android.build.gradle.internal.dependency.ExtractProGuardRulesTransform$Inject_1: loaded 3 times (x 109B)
Class com.android.build.api.variant.SourceDirectories$Flat                            : loaded 3 times (x 70B)
Class com.android.build.gradle.DynamicFeaturePlugin                                   : loaded 3 times (x 76B)
Class com.android.build.gradle.internal.tasks.BundleToStandaloneApkTask$CreationAction$handleProvider$1: loaded 3 times (x 127B)
Class com.android.build.gradle.internal.tasks.MergeArtProfileTask$CreationAction$handleProvider$1: loaded 3 times (x 127B)
Class com.android.build.gradle.tasks.PackageAndroidArtifact$Companion                 : loaded 3 times (x 71B)
Class com.android.build.api.variant.impl.SigningConfigImpl$enableV1Signing$1          : loaded 3 times (x 75B)
Class com.android.build.gradle.internal.tasks.DexArchiveBuilderTask$CreationAction$handleProvider$7: loaded 3 times (x 127B)
Class com.android.build.api.artifact.impl.InternalScopedArtifact$FINAL_TRANSFORMED_CLASSES: loaded 3 times (x 74B)
Class com.android.build.gradle.internal.scope.InternalArtifactType$RUNTIME_APP_CLASSES_JAR: loaded 3 times (x 74B)
Class com.android.build.api.variant.impl.ResourcesPackagingImpl$pickFirsts$1          : loaded 3 times (x 75B)
Class com.android.build.gradle.internal.TaskManager$createProcessJavaResTask$taskConfig$1: loaded 3 times (x 92B)
Class com.android.build.gradle.tasks.ProcessAndroidResources                          : loaded 3 times (x 330B)
Class com.android.build.gradle.tasks.MergeSourceSetFolders$CreationAction             : loaded 3 times (x 91B)
Class com.android.build.gradle.tasks.ProcessManifestForMetadataFeatureTask            : loaded 3 times (x 329B)
Class com.android.build.gradle.internal.scope.InternalArtifactType$COMPATIBLE_SCREEN_MANIFEST: loaded 3 times (x 74B)
Class com.android.build.gradle.internal.variant.BaseVariantData$DiscoverableFilterType$ABI: loaded 3 times (x 80B)
Class com.android.build.gradle.internal.core.PostProcessingOptions                    : loaded 3 times (x 70B)
Class com.android.build.gradle.internal.core.MergedJavaCompileOptions                 : loaded 3 times (x 83B)
Class com.android.build.gradle.internal.core.dsl.impl.ApplicationVariantDslInfoImpl   : loaded 3 times (x 202B)
Class com.android.build.gradle.internal.scope.InternalArtifactType$DESUGAR_GRAPH      : loaded 3 times (x 74B)
Class com.android.build.gradle.internal.dsl.MinSdkProperties                          : loaded 3 times (x 70B)
Class com.android.build.gradle.internal.dsl.decorator.DslDecorator$Companion$lookupDefineClassMethod$2: loaded 3 times (x 78B)
Class com.android.build.gradle.internal.services.R8D8ThreadPoolBuildService$Parameters: loaded 3 times (x 72B)
Class com.android.build.gradle.internal.plugins.BasePlugin$configureProject$3         : loaded 3 times (x 77B)
Class com.android.build.gradle.internal.ide.dependencies.MavenCoordinatesCacheBuildService: loaded 3 times (x 80B)
Class com.android.builder.profile.AnalyticsProfileWriter                              : loaded 3 times (x 72B)
Class com.android.build.gradle.internal.utils.AnalyticsEnabledValueSource             : loaded 3 times (x 78B)
Class com.android.build.api.artifact.ScopedArtifact$POST_COMPILATION_CLASSES          : loaded 3 times (x 74B)
Class com.android.builder.merge.DuplicateRelativeFileException                        : loaded 3 times (x 83B)
Class com.android.build.gradle.internal.plugins.BasePlugin$buildOutputs$2             : loaded 3 times (x 79B)
Class com.android.build.gradle.internal.plugins.AndroidPluginBaseServices$androidProblemReporterProviderService$2: loaded 3 times (x 79B)
Class com.android.build.gradle.internal.component.ApkCreationConfig                   : loaded 3 times (x 70B)
Class com.android.build.gradle.internal.services.RunOnceBuildServiceImpl$RegistrationAction: loaded 3 times (x 73B)
Class com.android.build.gradle.internal.TaskManager$WhenMappings                      : loaded 3 times (x 71B)
Class com.android.build.api.component.impl.features.OptimizationCreationConfigImpl$consumerProguardFiles$2: loaded 3 times (x 79B)
Class com.android.builder.model.v2.ide.TestInfo$Execution                             : loaded 3 times (x 79B)
Class [Lcom.android.build.gradle.internal.publishing.AndroidArtifacts$ConsumedConfigType;: loaded 3 times (x 69B)
Class com.android.build.gradle.internal.plugins.AndroidPluginBaseServices$projectServices$2$1$2: loaded 3 times (x 79B)
Class com.google.gson.internal.Primitives                                             : loaded 3 times (x 71B)
Class com.android.build.gradle.internal.publishing.AndroidArtifacts$ArtifactScope     : loaded 3 times (x 79B)
Class com.android.build.gradle.internal.ide.dependencies.MavenCoordinatesCacheBuildService$RegistrationAction: loaded 3 times (x 74B)
Class com.android.build.gradle.internal.AvdComponentsBuildService$RegistrationAction  : loaded 3 times (x 74B)
Class com.google.gson.internal.Streams                                                : loaded 3 times (x 71B)
Class com.android.build.api.variant.impl.VariantOutputImpl                            : loaded 3 times (x 82B)
Class com.android.build.gradle.internal.api.AndroidSourceSetName$Companion            : loaded 3 times (x 71B)
Class com.android.build.gradle.internal.dsl.ManagedDevices_Decorated                  : loaded 3 times (x 124B)
Class org.gradle.kotlin.dsl.Accessors2sci8yewa96g0fyfhouaecr70Kt                      : loaded 3 times (x 71B)
Class com.android.build.gradle.internal.dsl.ApplicationPublishingImpl$AgpDecorated    : loaded 3 times (x 86B)
Class com.android.build.gradle.internal.tasks.factory.BootClasspathConfigImpl$2       : loaded 3 times (x 79B)
Class com.android.build.gradle.internal.dsl.SdkComponentsImpl                         : loaded 3 times (x 86B)
Class com.android.build.api.variant.Aapt2                                             : loaded 3 times (x 70B)
Class com.android.build.gradle.internal.dsl.SigningConfig$AgpDecorated                : loaded 3 times (x 150B)
Class com.android.build.gradle.internal.dsl.MinSdkVersionImpl                         : loaded 3 times (x 76B)
Class com.android.build.api.variant.Instrumentation                                   : loaded 3 times (x 70B)
Class com.android.build.gradle.internal.core.dsl.impl.features.OptimizationDslInfoImpl: loaded 3 times (x 94B)
Class org.jetbrains.kotlin.gradle.plugin.KotlinAndroidPluginWrapper                   : loaded 3 times (x 86B)
Class com.android.build.api.component.impl.TestFixturesImpl                           : loaded 3 times (x 367B)
Class com.android.build.api.component.impl.LifecycleTasksImpl                         : loaded 3 times (x 76B)
Class com.android.build.gradle.internal.dependency.VariantDependencies$computeArtifactCollection$1: loaded 3 times (x 78B)
Class com.android.build.gradle.internal.tasks.ModuleMetadataWriterTask                : loaded 3 times (x 334B)
Class com.android.build.api.component.impl.OldVariantApiLegacySupportImpl$manifestPlaceholdersDslInfo$2: loaded 3 times (x 79B)
Class com.android.build.gradle.tasks.MapSourceSetPathsTask                            : loaded 3 times (x 337B)
Class com.android.build.gradle.internal.tasks.DexMergingTask                          : loaded 3 times (x 337B)
Class com.android.build.gradle.internal.scope.InternalArtifactType$ANNOTATIONS_ZIP    : loaded 3 times (x 74B)
Class com.android.build.gradle.tasks.ProcessLibraryManifest$CreationAction$handleProvider$1: loaded 3 times (x 127B)
Class com.android.build.gradle.internal.dsl.LibraryAndroidResourcesImpl$AgpDecorated_Decorated: loaded 3 times (x 177B)
Class com.android.build.gradle.internal.tasks.SigningConfigVersionsWriterTask$CreationAction: loaded 3 times (x 90B)
Class com.android.build.gradle.internal.tasks.ExtractApksTask$CreationAction$handleProvider$2: loaded 3 times (x 127B)
Class org.jetbrains.kotlin.compose.compiler.gradle.ComposeCompilerGradleSubplugin$applyToCompilation$allPluginProperties$1$10: loaded 3 times (x 76B)
Class com.android.build.gradle.internal.tasks.ClasspathComparisonTask                 : loaded 3 times (x 328B)
Class com.android.build.api.variant.impl.FlatSourceDirectoriesForJavaImpl$all$2$1     : loaded 3 times (x 76B)
Class com.android.build.gradle.internal.dependency.IdentityTransform                  : loaded 3 times (x 78B)
Class org.jetbrains.kotlin.gradle.logging.GradleLoggingUtilsKt                        : loaded 3 times (x 71B)
Class com.android.build.gradle.internal.scope.InternalArtifactType$RENDERSCRIPT_HEADERS: loaded 3 times (x 74B)
Class com.android.build.gradle.internal.dsl.VariantOutputFactory                      : loaded 3 times (x 73B)
Class com.android.build.gradle.internal.test.AbstractTestDataImpl$testDirectories$1$1 : loaded 3 times (x 79B)
Class com.android.build.api.variant.impl.SourcesImpl$aidl$2                           : loaded 3 times (x 79B)
Class com.android.build.api.variant.impl.FileBasedFileEntry$asFile$1                  : loaded 3 times (x 75B)
Class com.android.build.gradle.internal.LibraryTaskManager                            : loaded 3 times (x 84B)
Class com.android.build.gradle.internal.tasks.MergeNativeDebugMetadataTask$CreationAction$handleProvider$1: loaded 3 times (x 127B)
Class com.android.build.gradle.internal.tasks.BundleToStandaloneApkTask$CreationAction$handleProvider$2: loaded 3 times (x 75B)
Class com.android.build.gradle.internal.tasks.ParseIntegrityConfigTask                : loaded 3 times (x 327B)
Class com.android.build.gradle.internal.tasks.StripDebugSymbolsTask                   : loaded 3 times (x 334B)
Class com.android.build.gradle.internal.tasks.DexArchiveBuilderTask$CreationAction$handleProvider$8: loaded 3 times (x 127B)
Class com.android.build.gradle.tasks.JavaPreCompileTask$CreationAction$handleProvider$1: loaded 3 times (x 78B)
Class com.android.build.gradle.internal.scope.InternalArtifactType$DATA_BINDING_LAYOUT_INFO_TYPE_MERGE: loaded 3 times (x 74B)
Class com.android.build.api.component.impl.features.InstrumentationCreationConfigImpl$instrumentation$2: loaded 3 times (x 79B)
Class org.jetbrains.kotlin.gradle.targets.native.internal.PlatformLibrariesGenerator$GeneratedPlatformLibrariesService: loaded 3 times (x 76B)
Class com.android.build.gradle.internal.variant.BaseVariantData$Companion             : loaded 3 times (x 71B)
Class com.android.build.gradle.internal.dependency.ResolutionResultProvider           : loaded 3 times (x 70B)
Class com.android.build.api.component.impl.features.CommonOptimizationDslInfoImpl     : loaded 3 times (x 94B)
Class org.jetbrains.kotlin.gradle.utils.FutureKt                                      : loaded 3 times (x 71B)
Class com.android.build.gradle.tasks.RenderscriptCompile                              : loaded 3 times (x 343B)
Class com.android.build.api.artifact.impl.ArtifactNamingContext                       : loaded 3 times (x 72B)
Class com.android.build.api.variant.GeneratesTestApk                                  : loaded 3 times (x 70B)
Class com.android.build.api.dsl.ExternalNativeBuild                                   : loaded 3 times (x 70B)
Class com.android.build.gradle.internal.dsl.BundleOptionsDensity                      : loaded 3 times (x 77B)
Class com.android.build.api.dsl.Bundle                                                : loaded 3 times (x 70B)
Class com.android.build.gradle.internal.dsl.decorator.SupportedPropertyType$Collection$List: loaded 3 times (x 74B)
Class com.android.build.api.dsl.LibraryProductFlavor                                  : loaded 3 times (x 70B)
Class com.android.build.gradle.internal.plugins.BasePlugin$configureProject$4         : loaded 3 times (x 74B)
Class com.android.build.gradle.internal.variant.VariantPathHelper$defaultApkLocation$2: loaded 3 times (x 79B)
Class com.android.repository.Revision                                                 : loaded 3 times (x 87B)
Class com.android.build.gradle.internal.scope.InternalArtifactType$DEFAULT_PROGUARD_FILES: loaded 3 times (x 74B)
Class com.android.build.gradle.internal.res.Aapt2FromMaven$Companion$create$aapt2Directory$1: loaded 3 times (x 74B)
Class com.android.builder.model.v2.ide.AndroidArtifact                                : loaded 3 times (x 70B)
Class com.android.ide.common.blame.Message$Kind$Companion                             : loaded 3 times (x 71B)
Class com.android.build.gradle.internal.tasks.AndroidGlobalTask                       : loaded 3 times (x 318B)
Class org.gradle.tooling.internal.adapter.TargetTypeProvider                          : loaded 3 times (x 70B)
Class com.android.build.gradle.internal.core.dsl.ConsumableComponentDslInfo           : loaded 3 times (x 70B)
Class com.android.build.gradle.internal.tasks.factory.GlobalTaskCreationConfigImpl    : loaded 3 times (x 135B)
Class com.android.build.gradle.internal.variant.AbstractVariantInputManager           : loaded 3 times (x 97B)
Class com.android.build.gradle.AbstractAppExtension                                   : loaded 3 times (x 215B)
Class com.android.build.gradle.BasePlugin                                             : loaded 3 times (x 76B)
Class com.intellij.gradle.toolingExtension.util.GradleVersionUtil                     : loaded 3 times (x 71B)
Class org.gradle.tooling.internal.adapter.ProtocolToModelAdapter$SupportedPropertyInvoker: loaded 3 times (x 76B)
Class org.gradle.tooling.model.UnsupportedMethodException                             : loaded 3 times (x 82B)
Class com.android.build.gradle.internal.core.dsl.features.ManifestPlaceholdersDslInfo : loaded 3 times (x 70B)
Class com.android.build.gradle.internal.DependencyResourcesComputer$initFromVariantScope$2$1: loaded 3 times (x 78B)
Class com.android.ide.common.repository.AgpVersion$Companion$WhenMappings             : loaded 3 times (x 71B)
Class com.google.common.collect.ImmutableMultimap$2                                   : loaded 3 times (x 81B)
Class org.gradle.internal.exceptions.DefaultMultiCauseException                       : loaded 3 times (x 95B)
Class org.gradle.tooling.internal.adapter.WeakIdentityHashMap$WeakKey                 : loaded 3 times (x 79B)
Class org.gradle.tooling.internal.adapter.ProtocolToModelAdapter$SafeMethodInvoker    : loaded 3 times (x 76B)
Class build_2e7q02hlufd5yutcc5jjyw5f6                                                 : loaded 3 times (x 172B)
Class com.android.build.gradle.internal.plugins.BasePlugin$Companion                  : loaded 3 times (x 71B)
Class [Lcom.android.build.gradle.options.ReplacedOption;                              : loaded 3 times (x 69B)
Class com.android.build.gradle.internal.services.GlobalServiceRegistrationAction$execute$globalService$1: loaded 3 times (x 75B)
Class com.android.build.gradle.internal.plugins.AndroidPluginBaseServices$projectServices$2$1$1: loaded 3 times (x 125B)
Class com.android.build.gradle.options.FeatureStage$Enforced                          : loaded 3 times (x 72B)
Class com.android.build.gradle.internal.res.Aapt2FromMaven                            : loaded 3 times (x 72B)
Class com.android.build.gradle.internal.res.Aapt2FromMaven$Companion                  : loaded 3 times (x 71B)
Class com.android.build.gradle.internal.dependency.JacocoInstrumentationService$RegistrationAction: loaded 3 times (x 74B)
Class com.android.build.gradle.internal.services.FakeDependencyJarBuildService        : loaded 3 times (x 82B)
Class com.google.wireless.android.sdk.stats.GradleBuildMemorySample$Builder           : loaded 3 times (x 303B)
Class com.android.build.api.dsl.ApkSigningConfig                                      : loaded 3 times (x 70B)
Class com.android.build.api.dsl.BundleTexture                                         : loaded 3 times (x 70B)
Class com.android.build.gradle.internal.dsl.KmpOptimizationImpl                       : loaded 3 times (x 83B)
Class com.android.build.gradle.internal.api.DefaultAndroidSourceSet$AndroidSourceDirectorySetFactory: loaded 3 times (x 75B)
Class com.android.build.gradle.internal.tasks.factory.BootClasspathConfigImpl$1       : loaded 3 times (x 79B)
Class com.android.build.gradle.internal.DependencyResourcesComputer$initFromVariantScope$2: loaded 3 times (x 79B)
Class org.jetbrains.kotlin.gradle.plugin.KotlinCompilerPluginSupportPlugin            : loaded 3 times (x 70B)
Class com.android.build.gradle.internal.tasks.DexArchiveBuilderTask$CreationAction$handleProvider$9: loaded 3 times (x 78B)
Class org.jetbrains.kotlin.gradle.plugin.KotlinBasePlugin                             : loaded 3 times (x 70B)
Class com.android.build.gradle.internal.core.dsl.impl.AndroidTestComponentDslInfoImpl$instrumentedTestDelegate$2: loaded 3 times (x 79B)
Class com.android.build.gradle.tasks.ProcessLibraryManifest$CreationAction$handleProvider$2: loaded 3 times (x 127B)
Class com.android.build.api.component.impl.DeviceTestImpl$buildConfigFields$2         : loaded 3 times (x 79B)
Class org.jetbrains.kotlin.compose.compiler.gradle.ComposeCompilerGradleSubplugin$applyToCompilation$allPluginProperties$1$11: loaded 3 times (x 74B)
Class [Lcom.android.build.gradle.internal.dependency.AdditionalArtifactType;          : loaded 3 times (x 69B)
Class com.android.build.gradle.internal.dependency.ProvidedClasspathSubtractor        : loaded 3 times (x 72B)
Class com.android.build.gradle.tasks.PackageApplication$CreationAction                : loaded 3 times (x 92B)
Class org.jetbrains.kotlin.gradle.plugin.KotlinTargetPreset                           : loaded 3 times (x 70B)
Class com.android.build.gradle.internal.scope.InternalArtifactType$BINARY_ART_PROFILE_METADATA: loaded 3 times (x 74B)
Class com.android.build.gradle.internal.tasks.ParseIntegrityConfigTask$CreationAction$handleProvider$1: loaded 3 times (x 127B)
Class org.jetbrains.kotlin.gradle.utils.FileUtilsKt$localProperties$1                 : loaded 3 times (x 75B)
Class com.android.build.api.variant.impl.ArtifactMetadataProcessor$Companion          : loaded 3 times (x 71B)
Class org.jetbrains.kotlin.gradle.dsl.HasConfigurableKotlinCompilerOptions            : loaded 3 times (x 70B)
Class com.android.build.gradle.internal.dependency.DexingOutputSplitTransform$Inject_1: loaded 3 times (x 109B)
Class com.android.build.gradle.internal.dependency.DexingNoClasspathTransform         : loaded 3 times (x 81B)
Class com.android.build.gradle.internal.dependency.MockableJarTransform$Parameters_Decorated: loaded 3 times (x 135B)
Class com.android.tools.analytics.HostData$threadBean$2                               : loaded 3 times (x 78B)
Class com.android.build.gradle.internal.test.AbstractTestDataImpl$testDirectories$1$2 : loaded 3 times (x 79B)
Class com.android.build.api.component.impl.DefaultSourcesProviderImpl$defaultAssetsSources$1: loaded 3 times (x 78B)
Class com.android.build.api.artifact.SingleArtifact$OBFUSCATION_MAPPING_PARTITION_FILE: loaded 3 times (x 74B)
Class com.android.build.api.variant.impl.SigningConfigImpl$keyAlias$1                 : loaded 3 times (x 75B)
Class com.android.build.gradle.internal.res.GenerateLibraryRFileTask$CreationAction   : loaded 3 times (x 90B)
Class com.android.build.gradle.internal.scope.InternalArtifactType$MERGED_RES         : loaded 3 times (x 74B)
Class com.android.build.api.artifact.SingleArtifact$MERGED_MANIFEST                   : loaded 3 times (x 74B)
Class com.android.build.api.component.impl.OldVariantApiLegacySupportImpl$JavaCompileOptionsForOldVariantAPI$_annotationProcessorOptions$1: loaded 3 times (x 77B)
Class com.android.build.gradle.tasks.ExtractDeepLinksTask                             : loaded 3 times (x 331B)
Class com.android.build.gradle.internal.core.dsl.impl.AndroidTestComponentDslInfoImpl$namespace$2: loaded 3 times (x 79B)
Class com.android.build.gradle.internal.core.MergedExternalNativeCmakeOptions         : loaded 3 times (x 86B)
Class com.android.build.api.component.impl.features.NativeBuildCreationConfigImpl     : loaded 3 times (x 81B)
Class com.android.build.api.variant.JavaCompilation                                   : loaded 3 times (x 70B)
Class com.android.build.api.variant.impl.VariantImpl                                  : loaded 3 times (x 367B)
Class com.android.build.api.variant.impl.InternalVariantBuilder                       : loaded 3 times (x 70B)
Class com.android.build.gradle.internal.dsl.AgpExperimentalApiOptInRequiredException  : loaded 3 times (x 82B)
Class com.android.build.gradle.internal.tasks.ExtractApksTask$CreationAction$handleProvider$1: loaded 3 times (x 127B)
Class com.android.build.gradle.internal.tasks.NonIncrementalTask                      : loaded 3 times (x 325B)
Class [Lcom.android.build.gradle.ProguardFiles$ProguardFile;                          : loaded 3 times (x 69B)
Class com.android.build.gradle.internal.ide.v2.NativeModelBuilder$scopes$2            : loaded 3 times (x 79B)
Class com.android.build.api.dsl.SingleVariant                                         : loaded 3 times (x 70B)
Class com.android.build.gradle.internal.dsl.BundleOptionsLanguage$AgpDecorated        : loaded 3 times (x 81B)
Class [Lcom.android.build.gradle.internal.core.Abi;                                   : loaded 3 times (x 69B)
Class com.android.build.gradle.internal.plugins.BasePlugin$configureProject$5         : loaded 3 times (x 74B)
Class com.android.build.gradle.internal.lint.LintFixBuildService                      : loaded 3 times (x 75B)
Class com.android.build.gradle.internal.dsl.MinSdkSpecImpl$AgpDecorated               : loaded 3 times (x 84B)
Class com.google.wireless.android.sdk.stats.GradleBuildProject                        : loaded 3 times (x 260B)
Class com.google.wireless.android.sdk.stats.GradleBuildProfileSpan$ExecutionType      : loaded 3 times (x 87B)
Class com.android.build.gradle.internal.errors.SyncIssueReporterImpl$GlobalSyncIssueService: loaded 3 times (x 82B)
Class com.android.build.gradle.internal.errors.DeprecationReporterImpl                : loaded 3 times (x 83B)
Class com.android.build.gradle.internal.errors.AndroidProblemReporterProvider$RegistrationAction: loaded 3 times (x 74B)
Class com.android.build.gradle.options.ProjectOptions                                 : loaded 3 times (x 72B)
Class com.android.build.gradle.internal.services.RunOnceBuildServiceImpl$ActionName   : loaded 3 times (x 72B)
Class com.android.build.gradle.tasks.ProcessTestManifest$CreationAction               : loaded 3 times (x 90B)
Class com.android.builder.model.v2.ide.BytecodeTransformation                         : loaded 3 times (x 79B)
Class com.android.build.gradle.internal.core.dsl.impl.InstrumentedTestDslInfoImpl$getInstrumentationRunner$fromFlavor$1: loaded 3 times (x 78B)
Class com.android.build.gradle.internal.scope.InternalArtifactType$LINT_MODEL         : loaded 3 times (x 74B)
Class org.jetbrains.kotlin.gradle.utils.AndroidPluginIdsKt                            : loaded 3 times (x 71B)
Class org.jetbrains.kotlin.gradle.internal.diagnostics.AgpCompatibilityCheck$runAgpCompatibilityCheckIfAgpIsApplied$1$1: loaded 3 times (x 75B)
Class org.jetbrains.kotlin.gradle.plugin.KotlinGradleBuildServices$Companion$registerIfAbsent$2$1$1: loaded 3 times (x 75B)
Class org.jetbrains.kotlin.gradle.plugin.mpp.KotlinUsages$setupAttributesMatchingStrategy$1: loaded 3 times (x 74B)
Class org.jetbrains.kotlin.gradle.plugin.mpp.AbstractKotlinTarget$components$2        : loaded 3 times (x 79B)
Class com.google.common.collect.AbstractSetMultimap                                   : loaded 3 times (x 174B)
Class org.jetbrains.kotlin.gradle.plugin.mpp.compilationImpl.DefaultKotlinCompilationFriendPathsResolver$FriendArtifactResolver$Companion: loaded 3 times (x 71B)
Class org.jetbrains.kotlin.gradle.plugin.mpp.compilationImpl.factory.DefaultKotlinCompilationTaskNamesContainerFactory: loaded 3 times (x 74B)
Class org.jetbrains.kotlin.gradle.plugin.mpp.compilationImpl.KotlinCompilationRegisterInSourceSetsConfigurator: loaded 3 times (x 74B)
Class com.android.build.api.variant.LibraryVariantBuilder                             : loaded 3 times (x 70B)
Class com.android.build.gradle.tasks.ZipMergingTask                                   : loaded 3 times (x 328B)
Class com.android.build.gradle.internal.ide.dependencies.ArtifactUtils                : loaded 3 times (x 71B)
Class com.android.build.gradle.internal.services.VariantServicesImpl$toRegularFileProvider$1: loaded 3 times (x 75B)
Class com.android.build.api.component.impl.features.OptimizationCreationConfigImpl$consumerProguardFiles$2$consumerProguardFilesProperty$1: loaded 3 times (x 79B)
Class com.android.build.gradle.internal.tasks.factory.GlobalTaskCreationConfigImpl$platformAttrs$2$attributes$1: loaded 3 times (x 74B)
Class com.android.build.gradle.tasks.MergeResources_Decorated                         : loaded 3 times (x 414B)
Class com.google.common.collect.ImmutableMultimap$1                                   : loaded 3 times (x 82B)
Class com.android.build.gradle.internal.errors.AndroidProblemReporterProvider$Parameters: loaded 3 times (x 70B)
Class com.android.build.gradle.internal.scope.InternalArtifactType$BUILT_IN_KAPT_CLASSES_DIR: loaded 3 times (x 74B)
Class com.android.build.gradle.internal.tasks.PrepareLintJarForPublish_Decorated      : loaded 3 times (x 368B)
Class com.android.build.gradle.internal.errors.AndroidProblemReporterProvider$Parameters_Decorated: loaded 3 times (x 130B)
Class com.android.build.gradle.tasks.ProcessLibraryManifest$CreationAction$handleProvider$3: loaded 3 times (x 127B)
Class com.android.tools.analytics.Environment$EnvironmentVariable                     : loaded 3 times (x 79B)
Class com.google.protobuf.Message$Builder                                             : loaded 3 times (x 70B)
Class org.jetbrains.kotlin.gradle.plugin.mpp.DefaultKotlinCompilationOutput$allOutputs$1$1: loaded 3 times (x 75B)
Class com.android.build.gradle.internal.manifest.LazyManifestParser$manifestData$1    : loaded 3 times (x 75B)
Class com.android.tools.analytics.HostData$graphicsEnvironment$2                      : loaded 3 times (x 78B)
Class org.jetbrains.kotlin.gradle.plugin.mpp.HasBinaries                              : loaded 3 times (x 70B)
Class org.jetbrains.kotlin.gradle.dsl.KotlinCommonOptions                             : loaded 3 times (x 70B)
Class com.android.build.api.dsl.BuildType                                             : loaded 3 times (x 70B)
Class com.android.build.gradle.internal.dsl.CoreProductFlavor                         : loaded 3 times (x 70B)
Class com.android.build.gradle.internal.dsl.PackagingOptions$AgpDecorated_Decorated   : loaded 3 times (x 162B)
Class org.jetbrains.kotlin.gradle.targets.native.toolchain.UsesKotlinNativeBundleBuildService: loaded 3 times (x 70B)
Class org.jetbrains.kotlin.gradle.plugin.KotlinCompilerArgumentsProducer              : loaded 3 times (x 70B)
Class org.jetbrains.kotlin.build.report.metrics.ValueType                             : loaded 3 times (x 79B)
Class com.android.build.gradle.internal.dsl.LintImpl$AgpDecorated_Decorated           : loaded 3 times (x 303B)
Class com.android.build.gradle.internal.AndroidTestTaskManager$createConnectedTestForVariant$1: loaded 3 times (x 75B)
Class com.android.build.gradle.internal.core.dsl.impl.DslInfoUtilsKt$getDefaultInstrumentationTestRunner$1: loaded 3 times (x 75B)
Class com.android.build.gradle.api.InstallableVariant                                 : loaded 3 times (x 70B)
Class com.android.build.gradle.internal.tasks.CompileArtProfileTask$CreationAction$handleProvider$1: loaded 3 times (x 127B)
Class com.android.build.gradle.internal.tasks.SigningConfigVersionsWriterTask$CreationAction$handleProvider$1: loaded 3 times (x 127B)
Class com.android.build.gradle.internal.services.BuiltInKaptSupportMode$Supported     : loaded 3 times (x 71B)
Class com.android.build.gradle.internal.res.LinkApplicationAndroidResourcesTask$BaseCreationAction$handleProvider$1: loaded 3 times (x 127B)
Class com.android.build.gradle.internal.dependency.VariantDependencies$computeLocalFileDependencies$1: loaded 3 times (x 80B)
Class com.android.builder.dexing.DexingType                                           : loaded 3 times (x 79B)
Class com.android.build.gradle.internal.tasks.factory.VariantTaskCreationAction       : loaded 3 times (x 90B)
Class com.android.build.api.component.impl.DeviceTestImpl$resValues$2                 : loaded 3 times (x 79B)
Class com.android.build.api.variant.impl.TestedApkPackagingImpl                       : loaded 3 times (x 95B)
Class com.android.build.gradle.internal.tasks.factory.TaskProviderCallback            : loaded 3 times (x 70B)
Class com.android.build.gradle.internal.services.FakeDependencyJarBuildService$FakeDependencyJarCreator$Params_Decorated: loaded 3 times (x 132B)
Class com.android.build.gradle.internal.services.FakeDependencyJarBuildService$FakeDependencyJarCreator: loaded 3 times (x 80B)
Class com.android.build.gradle.internal.tasks.factory.BootClasspathConfigImpl$filteredBootClasspath$2: loaded 3 times (x 79B)
Class com.android.build.gradle.internal.dsl.BundleOptionsAiModelVersion$AgpDecorated  : loaded 3 times (x 85B)
Class com.android.build.gradle.internal.dsl.decorator.ApplicationInstallationImpl$AgpDecorated_Decorated: loaded 3 times (x 145B)
Class [Lcom.android.resources.Density;                                                : loaded 3 times (x 69B)
Class com.android.build.gradle.internal.dsl.ExternalNativeBuildOptions_Decorated      : loaded 3 times (x 139B)
Class com.google.common.util.concurrent.AbstractFuture$UnsafeAtomicHelper$1           : loaded 3 times (x 76B)
Class com.android.build.gradle.internal.variant.BaseVariantFactory$Companion          : loaded 3 times (x 71B)
Class com.android.build.gradle.internal.ide.dependencies.LibraryDependencyCacheBuildService$RegistrationAction: loaded 3 times (x 74B)
Class com.android.utils.DateProvider$1                                                : loaded 3 times (x 75B)
Class com.android.build.api.component.impl.ComponentBuilderImpl                       : loaded 3 times (x 92B)
Class com.android.build.gradle.internal.dependency.KotlinPlatformDisambiguationRule   : loaded 3 times (x 76B)
Class com.android.build.gradle.internal.variant.BaseVariantData                       : loaded 3 times (x 72B)
Class com.android.build.gradle.internal.variant.BaseVariantFactory                    : loaded 3 times (x 106B)
Class com.android.build.api.variant.VariantSelector                                   : loaded 3 times (x 70B)
Class com.android.builder.model.v2.ide.CodeShrinker                                   : loaded 3 times (x 79B)
Class com.android.build.gradle.internal.variant.VariantModelImpl                      : loaded 3 times (x 87B)
Class com.android.build.gradle.internal.cxx.configure.NativeModelBuilderOutcome$Builder: loaded 3 times (x 322B)
Class com.android.build.gradle.internal.services.BuiltInKaptSupportMode               : loaded 3 times (x 71B)
Class com.android.build.api.component.impl.HostTestImpl_Decorated                     : loaded 3 times (x 487B)
Class com.android.build.gradle.internal.res.LinkApplicationAndroidResourcesTask$CreationAction$handleProvider$2: loaded 3 times (x 127B)
Class com.android.build.api.variant.impl.ResourcesPackagingImpl$excludes$1            : loaded 3 times (x 75B)
Class com.android.build.gradle.internal.tasks.CheckDuplicateClassesTask$CreationAction$handleProvider$1: loaded 3 times (x 127B)
Class com.android.build.api.variant.ExternalNativeBuild                               : loaded 3 times (x 70B)
Class com.android.build.gradle.internal.tasks.ValidateSigningTask$CreationAction      : loaded 3 times (x 90B)
Class com.android.build.api.variant.impl.SourceDirectoriesImpl                        : loaded 3 times (x 86B)
Class com.google.common.collect.AbstractMapBasedMultimap$RandomAccessWrappedList      : loaded 3 times (x 205B)
Class com.android.build.gradle.internal.publishing.PublishingSpecs$VariantSpecBuilder : loaded 3 times (x 70B)
Class org.jetbrains.kotlin.gradle.plugin.internal.ProjectIsolationStartParameterAccessor$Factory: loaded 3 times (x 70B)
Class org.jetbrains.kotlin.gradle.plugin.VariantImplementationFactories$Companion$getProvider$2$1$1: loaded 3 times (x 75B)
Class org.jetbrains.kotlin.gradle.report.BuildReportMode                              : loaded 3 times (x 79B)
Class org.jetbrains.kotlin.gradle.internal.properties.NativePropertiesLoader$actualNativeHomeDirectory$3: loaded 3 times (x 75B)
Class org.jetbrains.kotlin.gradle.plugin.mpp.compilationImpl.KotlinCompilationSourceSetsContainerKt: loaded 3 times (x 71B)
Class org.jetbrains.kotlin.gradle.tasks.KotlinJvmCompile                              : loaded 3 times (x 70B)
Class org.jetbrains.kotlin.cli.common.CompilerSystemProperties$Companion              : loaded 3 times (x 71B)
Class com.android.ide.common.resources.SingleFileProcessor                            : loaded 3 times (x 70B)
Class org.jetbrains.kotlin.gradle.tasks.configuration.BaseKotlinCompileConfig$registerBuildToolsApiTransformations$2: loaded 3 times (x 75B)
Class com.android.build.gradle.internal.LibraryTaskManager$sam$java_util_function_Predicate$0: loaded 3 times (x 81B)
Class com.android.build.gradle.tasks.ProcessLibraryManifest$CreationAction$handleProvider$4: loaded 3 times (x 127B)
Class com.android.build.gradle.internal.core.dsl.impl.InstrumentedTestDslInfoImpl     : loaded 3 times (x 80B)
Class org.gradle.tooling.model.ProjectModel                                           : loaded 3 times (x 70B)
Class org.jetbrains.kotlin.compose.compiler.gradle.internal.ComposeWithAgpConfig      : loaded 3 times (x 72B)
Class org.jetbrains.kotlin.gradle.tasks.configuration.BaseKotlinCompileConfig$1$classpathConfiguration$1: loaded 3 times (x 75B)
Class com.android.build.api.component.impl.DeviceTestImpl$renderscriptCreationConfig$2: loaded 3 times (x 79B)
Class com.google.common.util.concurrent.ListeningScheduledExecutorService             : loaded 3 times (x 70B)
Class com.android.build.gradle.tasks.MergeSourceSetFolders$MergeJniLibFoldersCreationAction$handleProvider$1: loaded 3 times (x 127B)
Class org.jetbrains.kotlin.gradle.plugin.sources.FragmentConsistencyChecker           : loaded 3 times (x 72B)
Class com.android.build.api.variant.impl.SigningConfigImpl$enableV4Signing$1          : loaded 3 times (x 75B)
Class org.jetbrains.kotlin.gradle.dsl.DefaultToolchainSupport_Decorated               : loaded 3 times (x 120B)
Class org.jetbrains.kotlin.gradle.internal.properties.NativePropertiesLoader$jvmArgs$1: loaded 3 times (x 75B)
Class org.jetbrains.kotlin.gradle.report.BuildMetricsService$Companion                : loaded 3 times (x 71B)
Class org.jetbrains.kotlin.gradle.tasks.KotlinCompileTool                             : loaded 3 times (x 70B)
Class org.jetbrains.kotlin.gradle.plugin.VariantImplementationFactories$Parameters_Decorated: loaded 3 times (x 130B)
Class org.jetbrains.kotlin.gradle.plugin.PropertiesProvider$PropertyNames             : loaded 3 times (x 71B)
Class org.jetbrains.kotlin.gradle.utils.SingleAction$PerformedActions                 : loaded 3 times (x 72B)
Class org.jetbrains.kotlin.gradle.utils.GradleUtilsKt                                 : loaded 3 times (x 71B)
Class [Lcom.android.build.api.artifact.Artifact;                                      : loaded 3 times (x 69B)
Class com.android.build.gradle.internal.scope.ArtifactPublishingUtil$publishArtifactToConfiguration$1$1$1: loaded 3 times (x 75B)
Class com.android.build.gradle.internal.scope.InternalArtifactType$DATA_BINDING_BASE_CLASS_LOG_ARTIFACT: loaded 3 times (x 74B)
Class org.jetbrains.kotlin.gradle.plugin.HasProject                                   : loaded 3 times (x 70B)
Class com.android.tools.utp.gradle.api.UtpDependency$1                                : loaded 3 times (x 127B)
Class com.android.build.gradle.internal.dependency.SubtractingArtifactCollection$SubtractingArtifactResult$removedFiles$1: loaded 3 times (x 79B)
Class com.android.build.gradle.internal.res.LinkApplicationAndroidResourcesTask$BaseCreationAction$handleProvider$2: loaded 3 times (x 127B)
Class com.android.build.gradle.internal.tasks.PerModuleBundleTask                     : loaded 3 times (x 344B)
Class com.android.build.gradle.internal.tasks.CompileArtProfileTask$CreationAction$handleProvider$2: loaded 3 times (x 127B)
Class com.android.build.gradle.internal.services.R8D8ThreadPoolBuildService$RegistrationAction: loaded 3 times (x 74B)
Class com.android.build.gradle.internal.tasks.creationconfig.BaseJavaCompileCreationConfig: loaded 3 times (x 124B)
Class com.android.build.gradle.internal.tasks.PrepareLintJarForPublish$CreationAction$handleProvider$1: loaded 3 times (x 127B)
Class com.android.build.gradle.internal.tasks.featuresplit.PackagedDependenciesWriterTask$CreationAction: loaded 3 times (x 90B)
Class com.android.build.gradle.internal.core.dsl.impl.features.NativeBuildDslInfoImpl$mergeOptions$1: loaded 3 times (x 78B)
Class com.android.build.api.attributes.BuildTypeAttr$Impl                             : loaded 3 times (x 88B)
Class [Lcom.android.build.gradle.internal.dsl.ModulePropertyKey$BooleanWithDefault;   : loaded 3 times (x 69B)
Class com.android.build.gradle.internal.profile.ProfilingMode$Companion               : loaded 3 times (x 71B)
Class com.android.build.gradle.internal.services.VariantBuilderServices               : loaded 3 times (x 70B)
Class com.android.build.api.extension.impl.OperationsRegistrar                        : loaded 3 times (x 72B)
Class com.android.tools.lint.model.LintModelSeverity                                  : loaded 3 times (x 79B)
Class com.android.build.gradle.internal.dsl.BundleOptionsAbi$AgpDecorated             : loaded 3 times (x 81B)
Class com.android.build.gradle.internal.dsl.ApplicationAndroidResourcesImpl$AgpDecorated: loaded 3 times (x 130B)
Class com.android.builder.core.AbstractProductFlavor$DimensionRequest                 : loaded 3 times (x 72B)
Class com.android.build.gradle.internal.res.ConvertLinkedResourcesToBinaryTask$CreationAction$handleProvider$1: loaded 3 times (x 127B)
Class com.android.build.gradle.internal.dsl.LintImpl                                  : loaded 3 times (x 212B)
Class com.android.build.api.dsl.SigningConfig                                         : loaded 3 times (x 70B)
Class com.android.io.CancellableFileIo                                                : loaded 3 times (x 71B)
Class com.google.protobuf.Descriptors$FieldDescriptor                                 : loaded 3 times (x 88B)
Class com.android.build.gradle.tasks.ProcessTestManifest$CreationAction$handleProvider$2: loaded 3 times (x 127B)
Class com.android.build.gradle.internal.errors.SyncIssueReporterImpl$GlobalSyncIssueService$Parameters: loaded 3 times (x 70B)
Class com.android.build.api.variant.impl.ManifestFilesImpl                            : loaded 3 times (x 80B)
Class com.android.build.api.variant.ComponentIdentity                                 : loaded 3 times (x 70B)
Class com.android.build.gradle.internal.testing.ManagedDeviceRegistry                 : loaded 3 times (x 75B)
Class com.android.build.gradle.internal.tasks.ApplicationTaskManager                  : loaded 3 times (x 85B)
Class com.android.build.gradle.internal.dsl.BaseAppModuleExtension                    : loaded 3 times (x 465B)
Class com.android.build.gradle.AndroidConfig                                          : loaded 3 times (x 70B)
Class org.gradle.tooling.internal.adapter.CollectionMapper                            : loaded 3 times (x 73B)
Class com.android.build.gradle.internal.tasks.Workers$ProfileAwareExecutorServiceAdapter: loaded 3 times (x 87B)
Class com.google.protobuf.AbstractProtobufList                                        : loaded 3 times (x 229B)
Class com.android.build.gradle.internal.scope.BootClasspathBuilder$computeClasspath$1 : loaded 3 times (x 75B)
Class com.google.gson.internal.Streams$AppendableWriter                               : loaded 3 times (x 99B)
Class com.android.build.api.dsl.ApplicationProductFlavor                              : loaded 3 times (x 70B)
Class com.android.build.gradle.internal.model.CoreExternalNativeBuild                 : loaded 3 times (x 70B)
Class com.android.build.gradle.internal.dsl.LibraryAndroidResourcesImpl               : loaded 3 times (x 121B)
Class com.android.build.gradle.internal.dependency.DexingNoClasspathTransform$Inject_1: loaded 3 times (x 112B)
Class com.android.build.gradle.internal.api.artifact.SourceArtifactType$JNI           : loaded 3 times (x 74B)
Class com.android.build.gradle.internal.dsl.BaseAppModuleExtension_Decorated          : loaded 3 times (x 547B)
Class com.android.build.gradle.internal.dependency.SourceTypeCompatibilityRule        : loaded 3 times (x 76B)
Class com.android.build.gradle.internal.component.features.DexingCreationConfig       : loaded 3 times (x 70B)
Class com.android.build.api.variant.SigningConfig                                     : loaded 3 times (x 70B)
Class com.android.build.api.variant.Renderscript                                      : loaded 3 times (x 70B)
Class com.android.ide.common.build.CommonBuiltArtifact                                : loaded 3 times (x 70B)
Class com.android.build.gradle.internal.core.dsl.impl.AndroidTestComponentDslInfoImpl$signingConfigResolver$2: loaded 3 times (x 79B)
Class com.android.build.gradle.internal.tasks.ValidateResourcesTask                   : loaded 3 times (x 327B)
Class com.android.build.gradle.internal.TaskManager$MergeType$PACKAGE                 : loaded 3 times (x 80B)
Class com.android.build.gradle.internal.res.LinkApplicationAndroidResourcesTask$CreationAction$handleProvider$1: loaded 3 times (x 127B)
Class com.android.build.gradle.internal.res.ParseLibraryResourcesTask                 : loaded 3 times (x 335B)
Class com.android.build.gradle.internal.tasks.ApplicationTaskManager$createDynamicBundleTask$2: loaded 3 times (x 75B)
Class com.android.build.gradle.internal.tasks.factory.features.OptimizationTaskCreationActionImpl: loaded 3 times (x 75B)
Class com.android.build.api.variant.impl.FlatSourceDirectoriesForJavaImpl$internalGenerators$2: loaded 3 times (x 79B)
Class com.android.build.gradle.internal.scope.InternalArtifactType$DEVICE_PROVIDER_CODE_COVERAGE: loaded 3 times (x 74B)
Class com.android.build.gradle.internal.dependency.RecalculateStackFramesTransform$Parameters_Decorated: loaded 3 times (x 138B)
Class org.jetbrains.kotlin.gradle.utils.StoredPropertyKt                              : loaded 3 times (x 71B)
Class org.jetbrains.kotlin.gradle.internal.properties.NativePropertiesLoader$actualNativeHomeDirectory$2: loaded 3 times (x 74B)
Class org.jetbrains.kotlin.gradle.dsl.KotlinVersion                                   : loaded 3 times (x 79B)
Class org.jetbrains.kotlin.gradle.plugin.SubpluginArtifact                            : loaded 3 times (x 72B)
Class org.jetbrains.kotlin.gradle.plugin.mpp.compilationImpl.DefaultKotlinCompilationFriendPathsResolver: loaded 3 times (x 75B)
Class org.jetbrains.kotlin.gradle.plugin.mpp.compilationImpl.factory.KotlinCompilationDependencyConfigurationsFactoriesKt: loaded 3 times (x 71B)
Class org.jetbrains.kotlin.gradle.plugin.internal.BuildIdService                      : loaded 3 times (x 76B)
Class org.jetbrains.kotlin.gradle.tasks.configuration.AbstractKotlinCompileConfigKt$sam$org_gradle_api_Action$0: loaded 3 times (x 75B)
Class com.android.build.gradle.internal.core.dsl.impl.features.ManifestPlaceholdersDslInfoImpl: loaded 3 times (x 75B)
Class com.android.build.gradle.internal.tasks.PrepareLintJarForPublishKt$getPublishedCustomLintChecks$attributes$1: loaded 3 times (x 74B)
Class org.jetbrains.kotlin.gradle.tasks.configuration.BaseKotlinCompileConfig$registerBuildToolsApiTransformations$1: loaded 3 times (x 75B)
Class com.android.build.gradle.internal.dsl.LibraryBuildFeaturesImpl$AgpDecorated     : loaded 3 times (x 132B)
Class com.android.build.gradle.internal.tasks.LibraryJniLibsTask$CreationAction       : loaded 3 times (x 90B)
Class com.android.build.gradle.internal.tasks.PackageRenderscriptTask$CreationAction$handleProvider$1: loaded 3 times (x 127B)
Class com.android.build.gradle.tasks.ProcessLibraryManifest$CreationAction$handleProvider$5: loaded 3 times (x 74B)
Class com.android.build.api.dsl.MultipleVariants                                      : loaded 3 times (x 70B)
Class com.android.build.gradle.internal.core.dsl.AarProducingComponentDslInfo         : loaded 3 times (x 70B)
Class com.android.build.gradle.internal.tasks.ProcessJavaResTask_Decorated            : loaded 3 times (x 629B)
Class org.jetbrains.kotlin.gradle.tasks.configuration.BaseKotlinCompileConfig         : loaded 3 times (x 72B)
Class org.jetbrains.kotlin.gradle.plugin.mpp.compilationImpl.factory.KotlinCompilationImplFactory$KotlinCompilationTaskNamesContainerFactory: loaded 3 times (x 70B)
Class com.android.builder.model.v2.ide.TestedTargetVariant                            : loaded 3 times (x 70B)
Class org.jetbrains.kotlin.compose.compiler.gradle.ComposeCompilerGradlePluginExtension_Decorated: loaded 3 times (x 131B)
Class org.gradle.internal.time.CountdownTimer                                         : loaded 3 times (x 70B)
Class org.gradle.internal.exceptions.MultiCauseException                              : loaded 3 times (x 70B)
Class com.android.build.api.variant.CanMinifyCodeBuilder                              : loaded 3 times (x 70B)
Class org.jetbrains.kotlin.gradle.plugin.diagnostics.ToolingDiagnosticRenderingOptionsKt$isAttachedToTerminal$1: loaded 3 times (x 74B)
Class com.android.build.gradle.internal.api.ApkVariantImpl                            : loaded 3 times (x 249B)
Class com.google.gson.internal.bind.TypeAdapters$28                                   : loaded 3 times (x 75B)
Class com.google.gson.internal.bind.TypeAdapters$EnumTypeAdapter                      : loaded 3 times (x 74B)
Class org.jetbrains.kotlin.gradle.plugin.mpp.KotlinAndroidTarget_Decorated            : loaded 3 times (x 213B)
Class com.google.common.base.CaseFormat                                               : loaded 3 times (x 83B)
Class org.jetbrains.kotlin.gradle.ExperimentalKotlinGradlePluginApi                   : loaded 3 times (x 70B)
Class org.jetbrains.kotlin.gradle.internal.properties.NativePropertiesLoader          : loaded 3 times (x 86B)
Class org.jetbrains.kotlin.gradle.plugin.KotlinGradleBuildServices$Parameters$Inject_ : loaded 3 times (x 106B)
Class [Lorg.jetbrains.kotlin.build.report.metrics.BuildTime;                          : loaded 3 times (x 69B)
Class org.jetbrains.kotlin.gradle.internal.properties.PropertiesBuildService$IntGradleProperty: loaded 3 times (x 76B)
Class org.jetbrains.kotlin.gradle.plugin.statistics.BuildFusService                   : loaded 3 times (x 84B)
Class org.jetbrains.kotlin.gradle.dsl.KotlinAndroidProjectExtension                   : loaded 3 times (x 139B)
Class com.android.build.gradle.internal.tasks.factory.TaskInformation                 : loaded 3 times (x 70B)
Class com.android.tools.utp.gradle.api.UtpDependency$2                                : loaded 3 times (x 127B)
Class [Lcom.android.builder.compiling.BuildConfigType;                                : loaded 3 times (x 69B)
Class com.android.build.gradle.internal.services.TaskCreationServicesImpl$sam$java_util_concurrent_Callable$0: loaded 3 times (x 75B)
Class com.android.build.gradle.internal.tasks.CompileArtProfileTask$CreationAction$handleProvider$3: loaded 3 times (x 127B)
Class com.android.build.gradle.internal.tasks.OptimizeResourcesTask$CreateAction$handleProvider$operationRequest$1: loaded 3 times (x 127B)
Class com.android.build.gradle.internal.res.ConvertResourcesTask                      : loaded 3 times (x 332B)
Class com.android.build.gradle.internal.tasks.BundleIdeModelProducerTask$CreationAction$handleProvider$1: loaded 3 times (x 127B)
Class com.android.tools.r8.Version                                                    : loaded 3 times (x 71B)
Class com.android.build.gradle.internal.scope.InternalArtifactType$AP_GENERATED_SOURCES: loaded 3 times (x 74B)
Class com.android.build.api.variant.impl.ResourcesPackagingImpl                       : loaded 3 times (x 80B)
Class com.android.build.gradle.internal.scope.InternalArtifactType$UPDATED_NAVIGATION_XML: loaded 3 times (x 74B)
Class com.android.build.api.artifact.impl.InAndOutDirectoryOperationRequestImpl$Companion: loaded 3 times (x 71B)
Class com.android.build.gradle.tasks.ProcessPackagedManifestTask$CreationAction       : loaded 3 times (x 90B)
Class com.android.build.gradle.tasks.ProcessManifestForMetadataFeatureTask$CreationAction$handleProvider$1: loaded 3 times (x 127B)
Class com.android.build.gradle.internal.core.dsl.impl.InstrumentedTestDslInfoImpl$functionalTest$fromFlavor$1: loaded 3 times (x 78B)
Class com.android.build.gradle.internal.core.dsl.impl.AndroidTestComponentDslInfoImpl : loaded 3 times (x 156B)
Class com.android.build.gradle.internal.core.dsl.impl.ApplicationVariantDslInfoImpl$versionCode$2$2: loaded 3 times (x 75B)
Class com.android.build.gradle.internal.core.dsl.impl.features.NativeBuildDslInfoImpl$mergeOptions$2: loaded 3 times (x 78B)
Class com.android.build.api.variant.AndroidResources                                  : loaded 3 times (x 70B)
Class com.android.build.api.variant.HostTest                                          : loaded 3 times (x 70B)
Class [Lcom.android.build.gradle.internal.publishing.AndroidArtifacts$PublishedConfigType;: loaded 3 times (x 69B)
Class com.android.build.gradle.internal.attributes.VariantAttr$Impl                   : loaded 3 times (x 88B)
Class com.android.build.gradle.internal.core.dsl.impl.features.DexingDslInfoImpl      : loaded 3 times (x 77B)
Class com.android.build.gradle.internal.lint.AndroidLintGlobalTask$GlobalCreationAction$Companion: loaded 3 times (x 71B)
Class com.android.build.gradle.internal.tasks.LintCompile$CreationAction              : loaded 3 times (x 91B)
Class com.android.build.gradle.internal.dsl.AndroidTestImpl$AgpDecorated              : loaded 3 times (x 80B)
Class com.android.build.gradle.internal.tasks.factory.GlobalTaskCreationConfigImpl$testOptionExecutionEnum$2: loaded 3 times (x 79B)
Class com.android.build.gradle.internal.tasks.factory.BootClasspathConfigImpl$androidJar$2: loaded 3 times (x 79B)
Class com.android.build.gradle.internal.dsl.BundleOptionsCodeTransparency$AgpDecorated_Decorated: loaded 3 times (x 125B)
Class com.android.build.gradle.internal.dsl.ApplicationExtensionImpl$lintOptions$2    : loaded 3 times (x 79B)
Class com.android.build.gradle.internal.dsl.ManagedDevices$localDevices$1$1           : loaded 3 times (x 75B)
Class com.android.build.gradle.internal.dsl.AarMetadataImpl$AgpDecorated              : loaded 3 times (x 91B)
Class com.android.build.gradle.internal.dsl.AnnotationProcessorOptions$AgpDecorated_Decorated: loaded 3 times (x 149B)
Class com.android.resources.Density                                                   : loaded 3 times (x 92B)
Class org.jetbrains.kotlin.gradle.plugin.mpp.KotlinUsages$KotlinMetadataDisambiguation: loaded 3 times (x 76B)
Class com.android.build.gradle.internal.dsl.decorator.SupportedPropertyType           : loaded 3 times (x 73B)
Class com.android.build.gradle.internal.dsl.InternalSigningConfig                     : loaded 3 times (x 70B)
Class com.android.build.gradle.internal.dependency.JacocoInstrumentationService       : loaded 3 times (x 81B)
Class com.android.build.gradle.internal.ide.v2.GlobalSyncService$Parameters_Decorated : loaded 3 times (x 130B)
Class com.android.tools.analytics.StubbableLazy                                       : loaded 3 times (x 76B)
Class com.android.build.gradle.internal.dsl.SigningConfigImpl$AgpDecorated_Decorated  : loaded 3 times (x 151B)
Class com.android.build.gradle.internal.profile.TaskMetadata                          : loaded 3 times (x 72B)
Class com.android.build.gradle.internal.scope.ProjectInfo$Companion                   : loaded 3 times (x 71B)
Class com.android.build.gradle.internal.dsl.SigningConfigImpl$AgpDecorated            : loaded 3 times (x 101B)
Class com.google.protobuf.Internal$EnumLite                                           : loaded 3 times (x 70B)
Class com.android.build.gradle.internal.AbstractAppTaskManager                        : loaded 3 times (x 85B)
Class com.android.build.gradle.internal.plugins.VersionCheckPlugin                    : loaded 3 times (x 74B)
Class org.jetbrains.kotlin.gradle.plugin.mpp.KotlinAndroidTargetVariantDsl            : loaded 3 times (x 70B)
Class org.jetbrains.kotlin.tooling.core.KotlinToolingVersion                          : loaded 3 times (x 75B)
Class [Lcom.android.builder.model.v2.ide.LibraryType;                                 : loaded 3 times (x 69B)
Class com.android.builder.model.v2.ide.LibraryType                                    : loaded 3 times (x 79B)
Class com.android.build.gradle.internal.dsl.DefaultConfig$AgpDecorated_Decorated      : loaded 3 times (x 517B)
Class com.android.build.gradle.internal.dsl.CoreExternalNativeNdkBuildOptions         : loaded 3 times (x 70B)
Class com.android.build.api.dsl.NdkBuildFlags                                         : loaded 3 times (x 70B)
Class com.android.build.gradle.internal.dsl.JavaCompileOptions$AgpDecorated           : loaded 3 times (x 86B)
Class com.android.build.gradle.internal.dependency.SourceSetManager$createConfigurationsForSourceSet$createKaptConfiguration$1: loaded 3 times (x 79B)
Class com.android.build.gradle.internal.dsl.CmakeOptions$AgpDecorated                 : loaded 3 times (x 102B)
Class com.android.build.gradle.internal.dsl.SdkComponentsImpl$aidl$2                  : loaded 3 times (x 79B)
Class com.google.common.collect.ExplicitOrdering                                      : loaded 3 times (x 115B)
Class com.android.build.gradle.internal.SdkComponentsBuildService$VersionedNdkHandler : loaded 3 times (x 72B)
Class com.android.build.gradle.internal.core.dsl.impl.ConsumableComponentDslInfoImpl$renderscriptDslInfo$2: loaded 3 times (x 79B)
Class com.android.build.api.variant.DeviceTest                                        : loaded 3 times (x 70B)
Class com.android.build.api.variant.TestFixtures                                      : loaded 3 times (x 70B)
Class com.android.build.gradle.internal.core.dsl.impl.HostTestComponentDslInfoImpl$namespace$2: loaded 3 times (x 79B)
Class com.android.build.gradle.internal.AndroidTestTaskManager                        : loaded 3 times (x 82B)
Class com.android.build.gradle.internal.scope.InternalArtifactType$MERGED_RES_BLAME_FOLDER: loaded 3 times (x 74B)
Class com.android.build.gradle.internal.res.GenerateLibraryRFileTask                  : loaded 3 times (x 342B)
Class com.android.build.gradle.internal.services.R8D8ThreadPoolBuildService$Parameters_Decorated: loaded 3 times (x 127B)
Class com.android.build.gradle.internal.tasks.ApplicationTaskManager$createDynamicBundleTask$1: loaded 3 times (x 75B)
Class com.android.build.gradle.internal.dependency.ExtractProGuardRulesTransform$Companion: loaded 3 times (x 71B)
Class com.android.build.gradle.internal.dependency.DexingRegistration                 : loaded 3 times (x 71B)
Class com.android.build.gradle.internal.dependency.RecalculateStackFramesTransform$Companion$registerRecalculateStackFramesTransform$1$2: loaded 3 times (x 77B)
Class com.android.build.api.component.impl.features.AndroidResourcesCreationConfigImpl$WhenMappings: loaded 3 times (x 71B)
Class com.android.build.gradle.internal.publishing.LibraryVariantSpecBuilder          : loaded 3 times (x 90B)
Class com.android.build.gradle.internal.publishing.PublishingSpecs$Companion$5        : loaded 3 times (x 78B)
Class org.jetbrains.kotlin.gradle.plugin.mpp.compilationImpl.factory.DefaultKotlinCompilationDependencyConfigurationsFactory$WithRuntime: loaded 3 times (x 75B)
Class org.jetbrains.kotlin.gradle.internal.properties.NativePropertiesKt              : loaded 3 times (x 71B)
Class org.jetbrains.kotlin.gradle.internal.properties.NativePropertiesLoader$actualNativeHomeDirectory$1: loaded 3 times (x 75B)
Class org.jetbrains.kotlin.gradle.plugin.diagnostics.IsAttachedToTerminalValueSource$Inject_: loaded 3 times (x 100B)
Class org.jetbrains.kotlin.gradle.plugin.diagnostics.ToolingDiagnosticRenderingOptionsKt$isAttachedToTerminal$2: loaded 3 times (x 74B)
Class org.jetbrains.kotlin.gradle.plugin.KotlinPlatformType$CompatibilityRule         : loaded 3 times (x 76B)
Class org.jetbrains.kotlin.gradle.plugin.mpp.AbstractKotlinTarget$kotlinComponents$2  : loaded 3 times (x 79B)
Class org.jetbrains.kotlin.gradle.plugin.mpp.KotlinJvmAndroidCompilation              : loaded 3 times (x 198B)
Class org.jetbrains.kotlin.gradle.plugin.mpp.compilationImpl.factory.KotlinCompilationImplFactory$PostConfigure: loaded 3 times (x 70B)
Class org.jetbrains.kotlin.gradle.tasks.configuration.BaseKotlinCompileConfig$1$1     : loaded 3 times (x 75B)
Class com.android.build.gradle.internal.dsl.InternalTestExtension                     : loaded 3 times (x 70B)
Class org.jetbrains.kotlin.gradle.utils.FutureImpl                                    : loaded 3 times (x 80B)
Class org.jetbrains.kotlin.gradle.internal.properties.NativePropertiesLoader$isToolchainEnabled$1: loaded 3 times (x 75B)
Class com.android.build.gradle.internal.tasks.ExportConsumerProguardFilesTask$CreationAction: loaded 3 times (x 93B)
Class com.android.build.gradle.internal.publishing.PublishingSpecs$Companion          : loaded 3 times (x 71B)
Class com.android.build.gradle.internal.tasks.AarMetadataTask$CreationAction$handleProvider$1: loaded 3 times (x 127B)
Class com.android.builder.model.v2.models.VariantDependencies                         : loaded 3 times (x 70B)
Class com.android.tools.utp.gradle.api.UtpDependency$3                                : loaded 3 times (x 127B)
Class com.android.build.api.variant.impl.SourcesImpl$renderscript$2                   : loaded 3 times (x 79B)
Class com.android.build.gradle.internal.tasks.ExpandArtProfileWildcardsTask           : loaded 3 times (x 330B)
Class com.android.build.gradle.internal.tasks.OptimizeResourcesTask$CreateAction$handleProvider$operationRequest$2: loaded 3 times (x 127B)
Class com.android.build.gradle.internal.scope.InternalArtifactType$APK_FROM_BUNDLE_IDE_REDIRECT_FILE: loaded 3 times (x 74B)
Class com.android.build.gradle.internal.tasks.CompileArtProfileTask$CreationAction$handleProvider$4: loaded 3 times (x 127B)
Class com.android.build.gradle.internal.res.LinkApplicationAndroidResourcesTask$BaseCreationAction$handleProvider$4: loaded 3 times (x 127B)
Class com.android.build.gradle.internal.core.dsl.impl.features.NativeBuildDslInfoImpl$mergeOptions$3: loaded 3 times (x 78B)
Class com.android.build.gradle.internal.variant.BaseVariantData$WhenMappings          : loaded 3 times (x 71B)
Class com.android.build.api.component.impl.JavaCompilationImpl                        : loaded 3 times (x 76B)
Class com.android.build.gradle.internal.component.TestSuiteCreationConfig             : loaded 3 times (x 70B)
Class com.android.build.api.variant.impl.HostTestBuilderImpl$Companion                : loaded 3 times (x 71B)
Class com.android.build.gradle.internal.dsl.VcsInfoImpl$AgpDecorated_Decorated        : loaded 3 times (x 125B)
Class com.android.build.gradle.internal.dsl.BuildType$AgpDecorated                    : loaded 3 times (x 369B)
Class com.android.build.gradle.internal.dsl.ManagedDevices$localDevices$1$2           : loaded 3 times (x 75B)
Class com.android.build.gradle.internal.dsl.decorator.DslDecorator$ClassInfoVisitor   : loaded 3 times (x 70B)
Class com.android.build.api.dsl.DependencySelection                                   : loaded 3 times (x 70B)
Class com.android.build.gradle.api.JavaCompileOptions                                 : loaded 3 times (x 70B)
Class org.bouncycastle.jce.provider.BouncyCastleProvider                              : loaded 3 times (x 169B)
Class com.android.build.api.dsl.DynamicFeatureBuildType                               : loaded 3 times (x 70B)
Class com.google.wireless.android.sdk.stats.GradleBuildMemorySampleOrBuilder          : loaded 3 times (x 70B)
Class com.android.build.gradle.internal.dsl.DefaultConfig$AgpDecorated                : loaded 3 times (x 442B)
Class org.gradle.tooling.internal.adapter.ProtocolToModelAdapter                      : loaded 3 times (x 80B)
Class [Lcom.google.common.util.concurrent.DirectExecutor;                             : loaded 3 times (x 69B)
Class com.android.build.gradle.internal.services.ServiceRegistrationAction$execute$1  : loaded 3 times (x 75B)
Class [Lcom.android.build.gradle.options.BooleanOption;                               : loaded 3 times (x 69B)
Class com.google.protobuf.ExtensionRegistryFactory                                    : loaded 3 times (x 71B)
Class com.google.protobuf.AbstractMessage$Builder                                     : loaded 3 times (x 257B)
Class org.jetbrains.kotlin.compose.compiler.gradle.ComposeFeatureFlag                 : loaded 3 times (x 70B)
Class com.google.common.base.Enums                                                    : loaded 3 times (x 71B)
Class org.jetbrains.kotlin.gradle.plugin.mpp.compilationImpl.KotlinCompilationFriendPathsResolver: loaded 3 times (x 70B)
Class com.android.build.gradle.internal.services.AndroidLocationsBuildService$AndroidDirectoryCreator$Inject_: loaded 3 times (x 111B)
Class com.android.build.gradle.internal.ide.SyncIssueImpl                             : loaded 3 times (x 79B)
Class org.jetbrains.kotlin.gradle.tasks.configuration.AbstractKotlinCompileConfig$1   : loaded 3 times (x 79B)
Class com.android.build.gradle.internal.dsl.DefaultConfig                             : loaded 3 times (x 438B)
Class com.android.build.gradle.internal.dsl.MaxSdkSpecImpl                            : loaded 3 times (x 79B)
Class com.android.build.gradle.internal.dsl.PrivacySandboxKeepRulesImpl               : loaded 3 times (x 88B)
Class com.android.ide.common.blame.Message                                            : loaded 3 times (x 72B)
Class com.android.builder.model.VectorDrawablesOptions                                : loaded 3 times (x 70B)
Class com.android.builder.core.LibraryRequest                                         : loaded 3 times (x 72B)
Class com.android.build.gradle.internal.api.ReadOnlyObjectProvider                    : loaded 3 times (x 76B)
Class com.android.build.gradle.tasks.GenerateBuildConfig                              : loaded 3 times (x 338B)
Class com.android.build.gradle.tasks.AidlCompile                                      : loaded 3 times (x 330B)
Class com.android.build.gradle.internal.core.dsl.impl.DslInfoBuilder$Companion        : loaded 3 times (x 71B)
Class com.android.build.api.component.impl.ComponentImpl$oldVariantApiLegacySupport$2 : loaded 3 times (x 79B)
Class com.android.build.api.variant.impl.VariantImpl$pseudoLocalesEnabled$2           : loaded 3 times (x 79B)
Class com.android.build.gradle.internal.core.dsl.InstrumentedTestComponentDslInfo     : loaded 3 times (x 70B)
Class com.android.build.gradle.internal.tasks.ExtractNativeDebugMetadataTask$CreationAction: loaded 3 times (x 91B)
Class com.android.build.gradle.tasks.GenerateManifestJarTask$CreationAction           : loaded 3 times (x 90B)
Class com.android.build.gradle.internal.tasks.ExportConsumerProguardFilesTask$CreationAction$handleProvider$1: loaded 3 times (x 127B)
Class org.jetbrains.kotlin.gradle.tasks.CompileUsingKotlinDaemonWithNormalization     : loaded 3 times (x 70B)
Class org.jetbrains.kotlin.gradle.plugin.mpp.compilationImpl.factory.KotlinCompilationImplFactory$PostConfigure$Companion: loaded 3 times (x 71B)
Class com.android.build.gradle.internal.core.dsl.impl.features.BuildConfigDslInfoImpl : loaded 3 times (x 75B)
Class org.jetbrains.kotlin.gradle.internal.Kapt3GradleSubplugin                       : loaded 3 times (x 83B)
Class [Lorg.jetbrains.kotlin.gradle.plugin.HasKotlinDependencies;                     : loaded 3 times (x 69B)
Class org.jetbrains.kotlin.gradle.tasks.DefaultKotlinJavaToolchain$Companion$wireJvmTargetToToolchain$1: loaded 3 times (x 75B)
Class com.android.build.gradle.internal.scope.InternalArtifactType$ANNOTATION_PROCESSOR_LIST: loaded 3 times (x 74B)
Class org.jetbrains.kotlin.gradle.plugin.KotlinPlatformType                           : loaded 3 times (x 82B)
Class org.jetbrains.kotlin.gradle.internal.properties.PropertiesBuildServiceKt        : loaded 3 times (x 71B)
Class org.jetbrains.kotlin.gradle.plugin.KotlinGradleBuildServices$Companion          : loaded 3 times (x 71B)
Class com.android.build.gradle.internal.dependency.AndroidAttributes$toAttributeMapString$$inlined$sortedBy$1: loaded 3 times (x 89B)
Class com.android.build.gradle.internal.cxx.configure.Ninja                           : loaded 3 times (x 72B)
Class com.android.build.gradle.internal.scope.InternalArtifactType$DEX_METADATA_DIRECTORY: loaded 3 times (x 74B)
Class com.android.build.gradle.tasks.ExtractAnnotations$CreationAction                : loaded 3 times (x 91B)
Class com.android.tools.utp.gradle.api.UtpDependency$4                                : loaded 3 times (x 127B)
Class com.android.build.gradle.internal.AndroidTestTaskManager$createConnectedTestForVariant$connectedCheckSerials$1: loaded 3 times (x 74B)
Class com.android.build.api.variant.impl.ManifestFilesImpl$all$1                      : loaded 3 times (x 74B)
Class com.android.build.api.variant.impl.SigningConfigImpl$keyPassword$1              : loaded 3 times (x 75B)
Class com.android.build.gradle.tasks.BundleAar$AbstractLibraryCreationAction          : loaded 3 times (x 91B)
Class com.android.build.api.artifact.ScopedArtifact$JAVA_RES                          : loaded 3 times (x 74B)
Class com.android.build.gradle.tasks.GenerateManifestJarTask                          : loaded 3 times (x 328B)
Class com.android.build.api.component.impl.DeviceTestImpl$instrumentationRunner$2     : loaded 3 times (x 79B)
Class com.android.build.api.component.impl.DeviceTestImpl_Decorated                   : loaded 3 times (x 749B)
Class com.android.build.api.component.impl.DeviceTestImpl                             : loaded 3 times (x 693B)
Class com.android.build.gradle.internal.core.dsl.impl.features.NativeBuildDslInfoImpl$mergeOptions$4: loaded 3 times (x 78B)
Class com.android.build.api.variant.BundleConfig                                      : loaded 3 times (x 70B)
Class [Lcom.android.build.gradle.internal.dsl.ModulePropertyKey;                      : loaded 3 times (x 69B)
Class com.android.build.api.dsl.LibraryBuildFeatures                                  : loaded 3 times (x 70B)
Class com.android.build.gradle.internal.dsl.Splits$AgpDecorated                       : loaded 3 times (x 85B)
Class com.android.build.gradle.internal.dsl.decorator.DslDecorator$findAbstractProperties$1$2: loaded 3 times (x 78B)
Class com.android.build.gradle.internal.SdkComponentsKt                               : loaded 3 times (x 71B)
Class com.android.build.api.dsl.BundleDensity                                         : loaded 3 times (x 70B)
Class com.android.builder.internal.BaseConfigImpl                                     : loaded 3 times (x 115B)
Class com.android.build.api.dsl.AndroidSourceSet                                      : loaded 3 times (x 70B)
Class com.android.build.gradle.internal.SdkComponentsBuildService                     : loaded 3 times (x 80B)
Class [Lcom.android.prefs.VariableValue;                                              : loaded 3 times (x 69B)
Class com.android.build.gradle.internal.utils.EnvironmentProviderImpl                 : loaded 3 times (x 78B)
Class com.android.build.gradle.internal.services.Aapt2ThreadPoolBuildService          : loaded 3 times (x 80B)
Class com.google.wireless.android.sdk.stats.GradleBuildProfileSpan$ExecutionType$1    : loaded 3 times (x 76B)
Class com.android.build.gradle.tasks.BundleAar$BaseCreationAction$configure$4         : loaded 3 times (x 80B)
Class com.google.protobuf.Extension$ExtensionType                                     : loaded 3 times (x 79B)
Class com.google.protobuf.AbstractMessageLite$Builder$LimitedInputStream              : loaded 3 times (x 92B)
Class com.android.build.gradle.internal.tasks.ApplicationTaskManager$doCreateTasksForVariant$d8DexStartupOptimizationEnabled$1: loaded 3 times (x 74B)
Class com.google.protobuf.ProtocolMessageEnum                                         : loaded 3 times (x 70B)
Class com.android.build.gradle.internal.plugins.BasePlugin$ExtensionData              : loaded 3 times (x 72B)
Class com.android.build.gradle.options.StringOption                                   : loaded 3 times (x 85B)
Class com.google.common.util.concurrent.ListeningExecutorService                      : loaded 3 times (x 70B)
Class com.android.build.api.artifact.SingleArtifact$BUNDLE                            : loaded 3 times (x 74B)
Class org.gradle.internal.time.DefaultTimer                                           : loaded 3 times (x 80B)
Class com.android.build.gradle.internal.dependency.RecalculateStackFramesTransform    : loaded 3 times (x 79B)
Class com.android.builder.model.v2.ide.AndroidGradlePluginProjectFlags$BooleanFlag    : loaded 3 times (x 79B)
Class com.android.build.gradle.internal.dependency.RecalculateStackFramesTransform$Companion$registerRecalculateStackFramesTransform$1$1: loaded 3 times (x 75B)
Class com.android.build.gradle.internal.publishing.PublishingSpecs$Companion$4        : loaded 3 times (x 78B)
Class org.jetbrains.kotlin.gradle.plugin.UsesVariantImplementationFactories           : loaded 3 times (x 70B)
Class org.jetbrains.kotlin.konan.target.KonanTarget$LINUX_ARM32_HFP                   : loaded 3 times (x 78B)
Class com.android.build.gradle.internal.VariantTaskManager                            : loaded 3 times (x 84B)
Class org.jetbrains.kotlin.gradle.dsl.KotlinJvmCompile                                : loaded 3 times (x 70B)
Class org.jetbrains.kotlin.gradle.internal.Kapt3KotlinGradleSubpluginKt               : loaded 3 times (x 71B)
Class com.google.common.collect.HashMultimapGwtSerializationDependencies              : loaded 3 times (x 174B)
Class com.android.build.api.dsl.TestExtension                                         : loaded 3 times (x 70B)
Class com.android.build.api.variant.impl.LibraryVariantBuilderImpl                    : loaded 3 times (x 175B)
Class com.android.build.api.artifact.SingleArtifact$PUBLIC_ANDROID_RESOURCES_LIST     : loaded 3 times (x 74B)
Class com.android.build.gradle.internal.ProguardFileType                              : loaded 3 times (x 79B)
Class com.android.ide.common.resources.FileValidity$FileStatus                        : loaded 3 times (x 79B)
Class org.gradle.internal.IoActions                                                   : loaded 3 times (x 71B)
Class com.google.common.collect.NullsLastOrdering                                     : loaded 3 times (x 115B)
Class org.jetbrains.kotlin.cli.common.arguments.CommonCompilerArgumentsConfigurator   : loaded 3 times (x 74B)
Class build_2e7q02hlufd5yutcc5jjyw5f6$_run_closure1$_closure2                         : loaded 3 times (x 139B)
Class com.android.build.gradle.internal.plugins.BasePlugin$apply$1                    : loaded 3 times (x 75B)
Class com.android.ide.common.resources.AssetSet                                       : loaded 3 times (x 115B)
Class com.android.build.gradle.options.ApiStage$Removed                               : loaded 3 times (x 72B)
Class com.android.build.gradle.internal.TaskManager$createVerifyLibraryResTask$1      : loaded 3 times (x 75B)
Class com.android.build.gradle.internal.tasks.BundleLibraryClassesDir                 : loaded 3 times (x 339B)
Class org.jetbrains.kotlin.gradle.plugin.mpp.DefaultKotlinCompilationOutput           : loaded 3 times (x 82B)
Class org.gradle.tooling.internal.adapter.WeakIdentityHashMap                         : loaded 3 times (x 76B)
Class org.jetbrains.kotlin.gradle.plugin.diagnostics.ToolingDiagnosticRenderingOptions$Companion: loaded 3 times (x 71B)
Class org.jetbrains.kotlin.gradle.dsl.KotlinJvmCompilerOptionsHelper                  : loaded 3 times (x 71B)
Class org.jetbrains.kotlin.gradle.tasks.DefaultKotlinJavaToolchain$Companion$wireJvmTargetToToolchain$2: loaded 3 times (x 75B)
Class org.gradle.tooling.GradleConnectionException                                    : loaded 3 times (x 83B)
Class org.jetbrains.kotlin.gradle.plugin.ProjectLocalConfigurations$ProjectLocalDisambiguation: loaded 3 times (x 76B)
Class org.gradle.tooling.internal.adapter.ProtocolToModelAdapter$1                    : loaded 3 times (x 75B)
Class org.jetbrains.kotlin.gradle.internal.properties.PropertiesBuildService$NullableStringGradleProperty: loaded 3 times (x 76B)
Class org.jetbrains.kotlin.gradle.targets.native.KonanPropertiesBuildService          : loaded 3 times (x 76B)
Class org.jetbrains.kotlin.gradle.plugin.KotlinGradleBuildServices$detectKotlinPluginLoadedInMultipleProjects$onRegister$1$1: loaded 3 times (x 75B)
Class org.jetbrains.kotlin.gradle.internal.properties.PropertiesBuildService$Inject_  : loaded 3 times (x 96B)
Class org.jetbrains.kotlin.gradle.plugin.internal.ConfigurationCacheStartParameterAccessor$Factory: loaded 3 times (x 70B)
Class com.android.build.gradle.internal.dependency.AndroidAttributes$toAttributeMapString$$inlined$sortedBy$2: loaded 3 times (x 89B)
Class com.android.build.gradle.internal.dependency.EnumerateClassesTransform$Inject_1 : loaded 3 times (x 109B)
Class com.android.build.gradle.internal.dependency.IdentityTransform$Inject_1         : loaded 3 times (x 109B)
Class com.google.protobuf.GeneratedMessageV3$Builder                                  : loaded 3 times (x 278B)
Class com.google.protobuf.MutabilityOracle                                            : loaded 3 times (x 70B)
Class com.android.build.gradle.internal.variant.DefaultFlavorComparator               : loaded 3 times (x 89B)
Class com.android.tools.utp.gradle.api.UtpDependency$5                                : loaded 3 times (x 127B)
Class com.android.build.gradle.internal.tasks.PerModuleReportDependenciesTask$CreationAction$handleProvider$1: loaded 3 times (x 127B)
Class com.android.build.gradle.tasks.PackageApplication$CreationAction$handleProvider$1: loaded 3 times (x 125B)
Class com.android.build.gradle.internal.scope.InternalArtifactType$MODULE_BUNDLE      : loaded 3 times (x 74B)
Class com.android.build.gradle.internal.tasks.featuresplit.FeatureSetMetadataWriterTask$CreationAction: loaded 3 times (x 90B)
Class com.android.build.api.artifact.MultipleArtifact                                 : loaded 3 times (x 74B)
Class com.android.build.gradle.internal.tasks.ProcessJavaResTask                      : loaded 3 times (x 566B)
Class com.android.build.gradle.internal.tasks.R8ResourceShrinkingParametersKt         : loaded 3 times (x 71B)
Class com.android.build.gradle.tasks.GenerateManifestJarTask$CreationAction$handleProvider$1: loaded 3 times (x 127B)
Class com.android.build.api.component.impl.features.InstrumentationCreationConfigImpl$projectClassesPostInstrumentation$2: loaded 3 times (x 79B)
Class com.android.build.gradle.internal.AndroidTestTaskManager$createMockableJarTask$1: loaded 3 times (x 75B)
Class com.android.tools.analytics.HostData$runtimeBean$2                              : loaded 3 times (x 78B)
Class com.android.build.gradle.internal.variant.BaseVariantData$DiscoverableFilterType: loaded 3 times (x 80B)
Class com.android.build.api.variant.impl.BundleConfigImpl$metadataFiles$1             : loaded 3 times (x 78B)
Class com.android.build.gradle.internal.component.features.PrivacySandboxCreationConfig: loaded 3 times (x 70B)
Class com.android.build.api.variant.DeviceTestBuilder                                 : loaded 3 times (x 70B)
Class com.android.build.gradle.internal.core.dsl.impl.VariantDslInfoImpl              : loaded 3 times (x 148B)
Class com.android.build.gradle.internal.dsl.decorator.DslDecorator$findAbstractProperties$1$3: loaded 3 times (x 78B)
Class org.gradle.tooling.internal.adapter.ProtocolToModelAdapter$ViewDecoration       : loaded 3 times (x 70B)
Class com.android.build.gradle.internal.dsl.DependencySelectionImpl                   : loaded 3 times (x 78B)
Class com.android.build.api.dsl.BundleDeviceGroup                                     : loaded 3 times (x 70B)
Class com.android.build.gradle.api.AnnotationProcessorOptions                         : loaded 3 times (x 70B)
Class com.android.build.api.dsl.ApplicationBaseFlavor                                 : loaded 3 times (x 70B)
Class com.android.build.gradle.internal.dsl.CoreBuildType                             : loaded 3 times (x 70B)
Class com.android.build.gradle.internal.services.FakeDependencyJarBuildService$Params_Decorated: loaded 3 times (x 130B)
Class com.android.builder.model.v2.dsl.BuildType                                      : loaded 3 times (x 70B)
Class com.android.build.gradle.internal.DependencyResourcesComputer$ResourceSourceSetInput_Decorated: loaded 3 times (x 127B)
Class com.android.build.gradle.internal.tasks.LibraryAarJarsTask                      : loaded 3 times (x 334B)
Class com.android.builder.model.v2.models.VariantDependenciesAdjacencyList            : loaded 3 times (x 70B)
Class com.android.build.gradle.internal.res.GenerateApiPublicTxtTask$CreationAction   : loaded 3 times (x 90B)
Class com.android.build.gradle.api.KotlinMultiplatformAndroidPlugin                   : loaded 3 times (x 76B)
Class com.android.build.api.variant.HasDeviceTests                                    : loaded 3 times (x 70B)
Class com.android.prefs.QueryResult                                                   : loaded 3 times (x 82B)
Class org.gradle.tooling.internal.adapter.ProtocolToModelAdapter$ViewKey              : loaded 3 times (x 72B)
Class [Lcom.google.wireless.android.sdk.stats.GradleBuildVariant$VariantType;         : loaded 3 times (x 69B)
Class com.android.build.gradle.internal.dsl.AndroidSourceSetFactory                   : loaded 3 times (x 77B)
Class com.android.builder.model.BaseConfig                                            : loaded 3 times (x 70B)
Class org.jetbrains.kotlin.gradle.plugin.mpp.compilationImpl.factory.KotlinCompilationImplFactory$create$1: loaded 3 times (x 75B)
Class com.android.builder.core.ToolsRevisionUtils                                     : loaded 3 times (x 71B)
Class com.android.build.api.dsl.UnitTestOptions                                       : loaded 3 times (x 70B)
Class com.android.build.gradle.internal.tasks.factory.GlobalTaskCreationConfigImpl$Companion: loaded 3 times (x 71B)
Class com.android.build.gradle.internal.plugins.BasePlugin$variantManager$2$1         : loaded 3 times (x 79B)
Class com.android.build.gradle.internal.dependency.KotlinPlatformCompatibilityRule    : loaded 3 times (x 76B)
Class com.android.build.gradle.internal.scope.AndroidTestBuildFeatureValuesImpl       : loaded 3 times (x 100B)
Class com.android.build.gradle.tasks.ProcessApplicationManifest                       : loaded 3 times (x 354B)
Class com.android.build.gradle.tasks.ProcessApplicationManifest$CreationAction$handleProvider$4: loaded 3 times (x 74B)
Class com.android.build.gradle.internal.component.KmpComponentCreationConfig          : loaded 3 times (x 70B)
Class com.android.build.gradle.internal.tasks.MergeGeneratedProguardFilesCreationAction$Companion: loaded 3 times (x 71B)
Class org.jetbrains.kotlin.gradle.tasks.KotlinJavaToolchain                           : loaded 3 times (x 70B)
Class [Lcom.android.build.gradle.internal.scope.Java8LangSupport;                     : loaded 3 times (x 69B)
Class com.android.build.gradle.internal.scope.InternalArtifactType$NATIVE_SYMBOL_TABLES: loaded 3 times (x 74B)
Class com.android.build.gradle.internal.scope.InternalArtifactType$AAPT_PROGUARD_FILE : loaded 3 times (x 74B)
Class com.android.build.api.artifact.SingleArtifact$OBFUSCATION_MAPPING_FILE          : loaded 3 times (x 74B)
Class com.android.build.gradle.internal.res.ConvertShrunkResourcesToBinaryTask$CreationAction: loaded 3 times (x 91B)
Class com.android.build.api.variant.impl.FileBasedDirectoryEntryImpl                  : loaded 3 times (x 85B)
Class com.android.build.gradle.internal.scope.InternalArtifactType$CODE_COVERAGE      : loaded 3 times (x 74B)
Class com.android.build.gradle.internal.NdkHandlerInput                               : loaded 3 times (x 73B)
Class com.android.build.gradle.internal.dependency.LibrarySymbolTableTransform$Inject_1: loaded 3 times (x 109B)
Class com.android.build.gradle.tasks.CompileLibraryResourcesTask_Decorated            : loaded 3 times (x 387B)
Class com.android.build.gradle.internal.dependency.DexingOutputSplitTransform$DexOutput: loaded 3 times (x 79B)
Class org.jetbrains.kotlin.gradle.plugin.internal.CompatibilityConventionRegistrar    : loaded 3 times (x 70B)
Class com.android.build.gradle.tasks.VerifyLibraryResourcesTask                       : loaded 3 times (x 337B)
Class com.android.build.gradle.tasks.BundleAar$LibraryLocalLintCreationAction$handleProvider$1: loaded 3 times (x 127B)
Class com.android.build.gradle.internal.core.dsl.LibraryVariantDslInfo                : loaded 3 times (x 70B)
Class com.android.build.gradle.internal.scope.InternalArtifactType$FEATURE_NAME       : loaded 3 times (x 74B)
Class com.android.build.gradle.internal.publishing.PublishingSpecs$Companion$3        : loaded 3 times (x 78B)
Class org.jetbrains.kotlin.gradle.plugin.mpp.compilationImpl.KotlinCompilationSourceSetInclusion$DefaultAddSourcesToCompileTask$addSources$1: loaded 3 times (x 79B)
Class org.jetbrains.kotlin.gradle.plugin.VariantImplementationFactoriesConfigurator$Inject_: loaded 3 times (x 96B)
Class org.jetbrains.kotlin.gradle.plugin.KotlinGradleBuildServices$Companion$registerIfAbsent$2$1: loaded 3 times (x 79B)
Class org.jetbrains.kotlin.gradle.plugin.KotlinGradleBuildServices$Inject_            : loaded 3 times (x 100B)
Class org.jetbrains.kotlin.gradle.internal.properties.NativePropertiesLoader$konanDataDirProperty$1: loaded 3 times (x 75B)
Class org.jetbrains.kotlin.tooling.core.ExtrasUtilsKt                                 : loaded 3 times (x 71B)
Class org.jetbrains.kotlin.buildtools.api.ExperimentalBuildToolsApi                   : loaded 3 times (x 70B)
Class org.jetbrains.kotlin.gradle.targets.native.KonanPropertiesBuildService$Companion$registerIfAbsent$2$1$1: loaded 3 times (x 75B)
Class org.jetbrains.kotlin.gradle.utils.ResourceUtilsKt                               : loaded 3 times (x 71B)
Class org.jetbrains.kotlin.gradle.plugin.KotlinPluginWrapperKt$kotlinPluginVersionFromResources$1: loaded 3 times (x 78B)
Class com.android.build.gradle.internal.scope.InternalArtifactType$SUPPORTED_LOCALE_LIST: loaded 3 times (x 74B)
Class com.android.build.gradle.internal.scope.ArtifactPublishingUtil                  : loaded 3 times (x 71B)
Class com.android.build.gradle.internal.dependency.BaseDexingTransform                : loaded 3 times (x 80B)
Class com.android.build.gradle.internal.cxx.logging.ThreadLoggingEnvironment$Companion$loggerStack$1: loaded 3 times (x 74B)
Class com.android.build.gradle.internal.PropertiesValueSource                         : loaded 3 times (x 78B)
Class org.jetbrains.kotlin.konan.target.Family                                        : loaded 3 times (x 79B)
Class com.android.tools.utp.gradle.api.UtpDependency$6                                : loaded 3 times (x 127B)
Class com.android.tools.utp.gradle.api.UtpDependencies                                : loaded 3 times (x 84B)
Class com.android.build.gradle.internal.tasks.MergeStartupProfileTask                 : loaded 3 times (x 328B)
Class com.android.build.gradle.internal.tasks.ExtractNativeDebugMetadataTask$FullCreationAction$handleProvider$1: loaded 3 times (x 127B)
Class com.android.tools.r8.internal.xi4                                               : loaded 3 times (x 73B)
Class com.android.build.api.component.impl.DeviceTestImpl$pseudoLocalesEnabled$2      : loaded 3 times (x 79B)
Class com.android.build.gradle.internal.core.dsl.impl.DslInfoCommonKt                 : loaded 3 times (x 71B)
Class com.android.build.api.variant.impl.ApplicationVariantImpl$signingConfig$2       : loaded 3 times (x 79B)
Class com.android.build.api.variant.impl.VariantOutputList                            : loaded 3 times (x 173B)
Class com.android.build.gradle.internal.services.VariantBuilderServices$Value         : loaded 3 times (x 70B)
Class com.android.build.gradle.internal.variant.VariantPathHelper$renderscriptObjOutputDir$2: loaded 3 times (x 79B)
Class com.android.build.gradle.internal.dsl.PrivacySandboxImpl$AgpDecorated           : loaded 3 times (x 81B)
Class com.android.build.gradle.internal.core.Abi                                      : loaded 3 times (x 79B)
Class com.android.build.gradle.internal.dsl.DataBindingOptions$AgpDecorated_Decorated : loaded 3 times (x 163B)
Class com.android.build.gradle.internal.api.artifact.SourceArtifactType$ML_MODELS     : loaded 3 times (x 74B)
Class org.jetbrains.kotlin.gradle.plugin.AndroidGradlePluginVersion                   : loaded 3 times (x 75B)
Class com.android.build.gradle.internal.scope.InternalArtifactType$JAVA_DOC_JAR       : loaded 3 times (x 74B)
Class com.android.build.gradle.internal.dsl.AgpTestSuiteImpl                          : loaded 3 times (x 102B)
Class com.android.build.gradle.internal.dsl.BundleOptionsAbi                          : loaded 3 times (x 77B)
Class com.android.build.gradle.internal.services.VersionedSdkLoaderService$versionedSdkLoader$2: loaded 3 times (x 79B)
Class com.android.build.gradle.internal.api.InstallableVariantImpl                    : loaded 3 times (x 241B)
Class com.android.build.gradle.internal.services.AndroidLocationsBuildService$AndroidLocations: loaded 3 times (x 82B)
Class com.google.protobuf.CodedInputStream$IterableDirectByteBufferDecoder            : loaded 3 times (x 120B)
Class com.google.protobuf.Internal$DoubleList                                         : loaded 3 times (x 70B)
Class com.android.build.gradle.internal.SdkHandler                                    : loaded 3 times (x 81B)
Class com.android.build.api.variant.impl.FlatSourceDirectoriesForJavaImpl$WhenMappings: loaded 3 times (x 71B)
Class com.android.build.gradle.LibraryPlugin                                          : loaded 3 times (x 76B)
Class com.android.build.gradle.internal.plugins.BasePlugin$globalConfig$2             : loaded 3 times (x 79B)
Class com.android.build.gradle.internal.plugins.BasePlugin$variantApiOperations$2     : loaded 3 times (x 79B)
Class com.android.build.gradle.internal.plugins.AndroidPluginBaseServices$configuratorService$2: loaded 3 times (x 79B)
Class com.android.build.api.variant.GeneratesApk                                      : loaded 3 times (x 70B)
Class com.android.build.gradle.internal.dsl.TestedExtensionImpl                       : loaded 3 times (x 222B)
Class com.android.build.gradle.internal.services.BuildServicesKt                      : loaded 3 times (x 71B)
Class org.jetbrains.kotlin.gradle.internal.CompilerOptionsDslHelpersKt                : loaded 3 times (x 71B)
Class org.gradle.tooling.internal.adapter.ProtocolToModelAdapter$PropertyCachingMethodInvoker: loaded 3 times (x 76B)
Class com.android.build.api.variant.impl.LibraryVariantImpl_Decorated                 : loaded 3 times (x 606B)
Class com.android.build.gradle.internal.res.GenerateApiPublicTxtTask                  : loaded 3 times (x 328B)
Class com.android.build.gradle.tasks.ProcessLibraryArtProfileTask$CreationAction$handleProvider$1: loaded 3 times (x 127B)
Class com.android.build.gradle.internal.tasks.LibraryJniLibsTask                      : loaded 3 times (x 328B)
Class com.android.build.gradle.internal.ide.Utils                                     : loaded 3 times (x 71B)
Class com.android.build.gradle.internal.DependencyResourcesComputer                   : loaded 3 times (x 79B)
Class org.jetbrains.kotlin.cli.common.arguments.CommonCompilerArguments               : loaded 3 times (x 75B)
Class org.gradle.tooling.internal.adapter.ProtocolToModelAdapter$ReflectionMethodInvoker: loaded 3 times (x 76B)
Class com.android.build.gradle.internal.plugins.VersionCheckPlugin$apply$1            : loaded 3 times (x 79B)
Class com.android.utils.Environment$Companion                                         : loaded 3 times (x 71B)
Class org.gradle.tooling.internal.adapter.ProtocolToModelAdapter$InvocationHandlerImpl: loaded 3 times (x 77B)
Class com.android.builder.errors.EvalIssueException                                   : loaded 3 times (x 82B)
Class com.google.common.collect.NullsFirstOrdering                                    : loaded 3 times (x 115B)
Class com.google.protobuf.LazyStringList                                              : loaded 3 times (x 70B)
Class com.android.ide.common.blame.SourcePosition                                     : loaded 3 times (x 71B)
Class [Lcom.android.prefs.VariableType;                                               : loaded 3 times (x 69B)
Class com.android.build.gradle.internal.plugins.BasePlugin$versionedSdkLoaderService$2$1: loaded 3 times (x 79B)
Class com.android.build.gradle.internal.tasks.factory.BootClasspathConfigImpl$androidJar$2$1: loaded 3 times (x 75B)
Class com.android.build.gradle.internal.tasks.BundleLibraryClassesKt                  : loaded 3 times (x 71B)
Class org.bouncycastle.operator.OperatorCreationException                             : loaded 3 times (x 82B)
Class com.android.build.gradle.internal.dsl.BundleOptionsTexture                      : loaded 3 times (x 81B)
Class com.android.build.gradle.internal.api.LibraryVariantImpl                        : loaded 3 times (x 231B)
Class com.android.build.api.dsl.JavaCompileOptions                                    : loaded 3 times (x 70B)
Class com.android.build.gradle.tasks.BundleAar$LibraryLocalLintCreationAction$handleProvider$2: loaded 3 times (x 125B)
Class com.android.build.api.variant.impl.LibraryVariantBuilderImpl$deviceTests$1      : loaded 3 times (x 79B)
Class com.android.build.gradle.internal.dsl.PackagingOptions                          : loaded 3 times (x 111B)
Class com.android.build.api.artifact.ArtifactKind                                     : loaded 3 times (x 72B)
Class org.jetbrains.kotlin.gradle.plugin.mpp.compilationImpl.KotlinCompilationSourceSetInclusion$DefaultAddSourcesToCompileTask$addSources$2: loaded 3 times (x 79B)
Class org.jetbrains.kotlin.gradle.tasks.AbstractKotlinCompile                         : loaded 3 times (x 455B)
Class org.jetbrains.kotlin.gradle.plugin.KotlinCompilationOutput                      : loaded 3 times (x 70B)
Class com.android.build.gradle.internal.dsl.AdbOptions                                : loaded 3 times (x 88B)
Class com.android.build.gradle.internal.dsl.BundleOptionsDensity$AgpDecorated_Decorated: loaded 3 times (x 125B)
Class com.android.build.gradle.internal.services.VariantBuilderServicesImpl           : loaded 3 times (x 88B)
Class com.android.build.gradle.internal.manifest.ManifestValueSource$Params           : loaded 3 times (x 70B)
Class com.android.build.gradle.internal.core.dsl.impl.ComponentDslInfoImpl            : loaded 3 times (x 123B)
Class org.jetbrains.kotlin.gradle.targets.native.KonanPropertiesBuildService$Parameters_Decorated: loaded 3 times (x 130B)
Class org.jetbrains.kotlin.gradle.plugin.KotlinPluginWrapperKt$kotlinPluginVersionFromResources$1$1: loaded 3 times (x 71B)
Class com.android.build.gradle.internal.dependency.AsmClassesTransform$Companion      : loaded 3 times (x 71B)
Class com.android.build.gradle.internal.dependency.AarTransform$Inject_1              : loaded 3 times (x 109B)
Class [Lcom.android.build.gradle.internal.cxx.gradle.generator.NativeProjectPath;     : loaded 3 times (x 69B)
Class com.android.tools.utp.gradle.api.UtpDependency$7                                : loaded 3 times (x 127B)
Class com.android.build.api.variant.impl.FlatSourceDirectoriesForJavaImpl$all$2       : loaded 3 times (x 79B)
Class com.android.build.gradle.tasks.PackageApplication$CreationAction$handleProvider$3: loaded 3 times (x 125B)
Class com.android.build.api.artifact.impl.MultiplePropertyAdapter                     : loaded 3 times (x 78B)
Class com.android.build.gradle.internal.variant.ComponentInfo                         : loaded 3 times (x 72B)
Class com.android.build.gradle.internal.core.ProductFlavor                            : loaded 3 times (x 72B)
Class com.android.build.gradle.internal.variant.VariantPathHelper$directorySegments$2 : loaded 3 times (x 79B)
Class com.android.build.api.attributes.AgpVersionAttr$ImplFactory                     : loaded 3 times (x 75B)
Class com.android.build.gradle.internal.manifest.ManifestValueSource                  : loaded 3 times (x 79B)
Class com.android.build.gradle.internal.utils.AnalyticsEnabledValueSource$Params$Inject_: loaded 3 times (x 106B)
Class com.android.build.gradle.internal.tasks.factory.TaskCreationAction              : loaded 3 times (x 89B)
Class com.android.build.gradle.internal.core.ExecutionProfileOptions                  : loaded 3 times (x 72B)
Class com.google.protobuf.CodedInputStream$StreamDecoder                              : loaded 3 times (x 120B)
Class com.android.build.gradle.internal.dsl.BundleOptionsDeviceTier$AgpDecorated_Decorated: loaded 3 times (x 130B)
Class com.android.build.gradle.internal.dsl.decorator.ApplicationInstallationImpl     : loaded 3 times (x 95B)
Class com.android.build.gradle.internal.services.Aapt2ThreadPoolBuildService$RegistrationAction: loaded 3 times (x 74B)
Class com.android.build.gradle.internal.AvdComponentsBuildService                     : loaded 3 times (x 76B)
Class com.android.build.gradle.internal.dsl.decorator.DslDecorator                    : loaded 3 times (x 72B)
Class com.android.build.api.dsl.PrivacySandbox                                        : loaded 3 times (x 70B)
Class com.android.build.api.dsl.AndroidTest                                           : loaded 3 times (x 70B)
Class com.android.builder.model.DimensionAware                                        : loaded 3 times (x 70B)
Class com.android.build.gradle.internal.res.Aapt2FromMaven$Companion$Aapt2Extractor$Inject_1: loaded 3 times (x 109B)
Class com.android.build.gradle.internal.services.FakeDependencyJarBuildService$Params : loaded 3 times (x 70B)
Class com.android.build.gradle.internal.core.MergedOptimization                       : loaded 3 times (x 76B)
Class org.gradle.internal.time.DefaultCountdownTimer                                  : loaded 3 times (x 88B)
Class com.android.build.api.variant.impl.DeviceTestBuilderImpl$Companion              : loaded 3 times (x 71B)
Class com.android.build.api.attributes.AgpVersionAttr$Companion                       : loaded 3 times (x 71B)
Class com.android.build.gradle.internal.scope.MutableTaskContainer                    : loaded 3 times (x 96B)
Class com.android.build.gradle.internal.variant.TestVariantData                       : loaded 3 times (x 72B)
Class com.android.build.api.component.impl.HostTestImpl$androidResourcesCreationConfig$2: loaded 3 times (x 79B)
Class com.android.build.gradle.internal.ScreenshotTestTaskManager                     : loaded 3 times (x 82B)
Class com.android.build.gradle.internal.scope.InternalArtifactType$APK_IDE_MODEL      : loaded 3 times (x 74B)
Class com.android.build.gradle.tasks.ProcessApplicationManifest$CreationAction$handleProvider$3: loaded 3 times (x 127B)
Class com.android.build.api.variant.impl.SigningConfigImpl$storeType$1                : loaded 3 times (x 75B)
Class com.android.build.gradle.internal.scope.InternalArtifactType$ANDROID_TEST_LINT_PARTIAL_RESULTS: loaded 3 times (x 74B)
Class com.android.build.gradle.internal.SdkLocationSourceSet                          : loaded 3 times (x 72B)
Class com.android.build.gradle.internal.services.Aapt2Input                           : loaded 3 times (x 70B)
Class com.android.build.gradle.internal.dependency.ClassesDirToClassesTransform$Inject_1: loaded 3 times (x 109B)
Class com.android.build.gradle.internal.dependency.ExtractNavigationXmlTransform$Inject_1: loaded 3 times (x 109B)
Class com.android.build.gradle.internal.publishing.PublishingSpecs$Companion$2        : loaded 3 times (x 78B)
Class com.android.builder.model.v2.models.ProjectSyncIssues                           : loaded 3 times (x 70B)
Class com.android.build.gradle.internal.scope.InternalArtifactType$DATA_BINDING_ARTIFACT: loaded 3 times (x 74B)
Class org.jetbrains.kotlin.gradle.plugin.internal.CustomPropertiesFileValueSource     : loaded 3 times (x 82B)
Class org.jetbrains.kotlin.gradle.plugin.VariantImplementationFactories$Inject_       : loaded 3 times (x 106B)
Class org.jetbrains.kotlin.gradle.dsl.DefaultToolchainSupport                         : loaded 3 times (x 76B)
Class org.jetbrains.kotlin.gradle.InternalKotlinGradlePluginApi                       : loaded 3 times (x 70B)
Class org.jetbrains.kotlin.gradle.dsl.KotlinVersion$Companion                         : loaded 3 times (x 71B)
Class org.jetbrains.kotlin.gradle.plugin.mpp.KotlinOnlyTarget                         : loaded 3 times (x 153B)
Class com.android.build.gradle.internal.ide.dependencies.BuildIdentifierMethods       : loaded 3 times (x 71B)
Class com.android.build.gradle.internal.tasks.PrepareLintJarForPublishKt$getPublishedCustomLintChecks$1: loaded 3 times (x 75B)
Class com.android.build.gradle.internal.tasks.PackageRenderscriptTask_Decorated       : loaded 3 times (x 629B)
Class com.android.builder.model.v2.models.Versions$Version                            : loaded 3 times (x 70B)
Class com.android.build.gradle.internal.services.ProjectServices                      : loaded 3 times (x 72B)
Class [Lcom.android.build.gradle.internal.errors.DeprecationReporter$DeprecationTarget;: loaded 3 times (x 69B)
Class com.android.build.gradle.tasks.ExtractDeepLinksTask$BaseCreationAction$configure$1: loaded 3 times (x 79B)
Class com.android.build.gradle.options.FeatureStage$Experimental                      : loaded 3 times (x 72B)
Class org.apache.commons.io.output.NullOutputStream                                   : loaded 3 times (x 85B)
Class com.android.build.api.dsl.JUnitEngineSpec                                       : loaded 3 times (x 70B)
Class com.android.build.gradle.internal.dsl.ApplicationBuildFeaturesImpl_Decorated    : loaded 3 times (x 170B)
Class com.android.build.gradle.internal.dsl.JniLibsPackagingImpl$AgpDecorated_Decorated: loaded 3 times (x 138B)
Class com.android.build.gradle.internal.scope.InternalArtifactType$AAR_MAIN_JAR       : loaded 3 times (x 74B)
Class com.android.build.api.dsl.Prefab                                                : loaded 3 times (x 70B)
Class com.android.build.gradle.api.LibraryVariant                                     : loaded 3 times (x 70B)
Class org.jetbrains.kotlin.tooling.core.Extras$Entry                                  : loaded 3 times (x 72B)
Class org.jetbrains.kotlin.gradle.plugin.sources.InternalKotlinSourceSetKt            : loaded 3 times (x 71B)
Class com.google.gson.internal.bind.TypeAdapters$34$1                                 : loaded 3 times (x 74B)
Class com.google.wireless.android.sdk.stats.GradleBuildMemorySample$1                 : loaded 3 times (x 151B)
Class org.jetbrains.kotlin.gradle.dsl.KotlinJvmCompilerOptionsDefault_Decorated       : loaded 3 times (x 167B)
Class org.jetbrains.kotlin.gradle.plugin.HasKotlinDependencies                        : loaded 3 times (x 70B)
Class org.jetbrains.kotlin.gradle.internal.ClassLoadersCachingBuildService$Parameters_Decorated: loaded 3 times (x 130B)
Class org.jetbrains.kotlin.gradle.targets.native.toolchain.KotlinNativeBundleBuildService$Companion: loaded 3 times (x 71B)
Class com.google.protobuf.Internal$EnumLiteMap                                        : loaded 3 times (x 70B)
Class com.android.builder.internal.StringCachingService                               : loaded 3 times (x 70B)
Class com.android.build.api.dsl.ConfigurableFiles                                     : loaded 3 times (x 70B)
Class com.android.build.api.dsl.ApplicationInstallation                               : loaded 3 times (x 70B)
Class com.android.repository.Revision$Precision                                       : loaded 3 times (x 79B)
Class org.jetbrains.kotlin.gradle.plugin.VariantImplementationFactoriesConfigurator   : loaded 3 times (x 76B)
Class com.android.tools.utp.gradle.api.UtpDependency$8                                : loaded 3 times (x 127B)
Class com.android.build.api.variant.impl.LayeredSourceDirectoriesImpl                 : loaded 3 times (x 92B)
Class com.android.build.api.component.impl.DefaultSourcesProviderImpl                 : loaded 3 times (x 89B)
Class com.android.build.gradle.internal.scope.InternalArtifactType$APP_INTEGRITY_CONFIG: loaded 3 times (x 74B)
Class com.android.build.gradle.internal.tasks.InstallVariantTask                      : loaded 3 times (x 336B)
Class org.jetbrains.kotlin.gradle.internal.Kapt3GradleSubplugin$Kapt3SubpluginContext : loaded 3 times (x 72B)
Class com.android.build.gradle.tasks.GenerateBuildConfig$CreationAction               : loaded 3 times (x 93B)
Class com.android.build.gradle.internal.component.LibraryCreationConfig               : loaded 3 times (x 70B)
Class com.android.build.api.variant.VariantOutput                                     : loaded 3 times (x 70B)
Class com.android.build.gradle.internal.variant.VariantPathHelper$kaptKotlinSourceOutputDir$2: loaded 3 times (x 79B)
Class com.android.build.gradle.internal.variant.VariantPathHelper                     : loaded 3 times (x 72B)
Class com.android.build.gradle.internal.dependency.VariantDependencies$Companion      : loaded 3 times (x 71B)
Class com.android.build.gradle.internal.dsl.Splits$AgpDecorated_Decorated             : loaded 3 times (x 129B)
Class com.android.build.gradle.internal.core.MergedOptions                            : loaded 3 times (x 70B)
Class com.android.build.api.dsl.ApplicationAndroidResources                           : loaded 3 times (x 70B)
Class com.android.build.gradle.internal.api.artifact.SourceArtifactType$BASELINE_PROFILES: loaded 3 times (x 74B)
Class com.android.build.api.dsl.PrivacySandboxSdkExtension                            : loaded 3 times (x 70B)
Class com.android.build.api.dsl.AaptOptions                                           : loaded 3 times (x 70B)
Class com.android.build.api.dsl.LibraryBaseFlavor                                     : loaded 3 times (x 70B)
Class com.android.build.gradle.internal.services.Aapt2ThreadPoolBuildService$Params   : loaded 3 times (x 70B)
Class com.google.protobuf.Internal$ProtobufList                                       : loaded 3 times (x 70B)
Class com.android.build.gradle.internal.dsl.SdkComponentsImpl$ndkDirectory$2          : loaded 3 times (x 79B)
Class com.android.build.gradle.internal.DependencyResolutionChecksKt                  : loaded 3 times (x 71B)
Class com.android.build.gradle.internal.lint.LintFromMaven$Companion                  : loaded 3 times (x 71B)
Class com.android.build.gradle.internal.dsl.DexOptions                                : loaded 3 times (x 103B)
Class com.android.ide.common.blame.SourceFile                                         : loaded 3 times (x 72B)
Class com.android.build.api.artifact.impl.StorageProviderImpl                         : loaded 3 times (x 72B)
Class com.android.build.gradle.internal.plugins.BasePlugin$newExtension$2             : loaded 3 times (x 79B)
Class com.android.build.gradle.internal.services.VersionedSdkLoaderService            : loaded 3 times (x 72B)
Class com.android.build.gradle.internal.tasks.ExtractProguardFiles$CreationAction$handleProvider$1: loaded 3 times (x 127B)
Class org.gradle.tooling.internal.adapter.ProtocolToModelAdapter$AdaptingMethodInvoker: loaded 3 times (x 76B)
Class org.gradle.tooling.internal.gradle.DefaultBuildIdentifier                       : loaded 3 times (x 79B)
Class com.android.build.gradle.internal.core.dsl.impl.ApplicationVariantDslInfoImpl$versionCode$2: loaded 3 times (x 79B)
Class com.android.build.api.variant.VariantOutputConfiguration                        : loaded 3 times (x 70B)
Class com.android.build.gradle.internal.VariantTaskManager$Companion                  : loaded 3 times (x 71B)
Class com.android.build.gradle.internal.tasks.PrepareLintJarForPublish                : loaded 3 times (x 321B)
Class com.android.build.gradle.tasks.ProcessApplicationManifest$CreationAction$handleProvider$2: loaded 3 times (x 127B)
Class com.android.build.gradle.tasks.ProcessMultiApkApplicationManifest$CreationAction: loaded 3 times (x 90B)
Class com.android.build.api.component.impl.features.AndroidResourcesCreationConfigImpl$pseudoLocalesEnabled$2: loaded 3 times (x 79B)
Class com.android.build.gradle.internal.tasks.CompressAssetsTask$CreationAction$handleProvider$1: loaded 3 times (x 127B)
Class com.android.build.api.variant.impl.JniLibsTestedApkPackagingImpl$testOnly$1     : loaded 3 times (x 75B)
Class com.android.build.gradle.internal.publishing.PublishingSpecs$Companion$1        : loaded 3 times (x 78B)
Class com.android.build.gradle.internal.scope.InternalArtifactType$PUBLIC_RES         : loaded 3 times (x 74B)
Class org.jetbrains.kotlin.gradle.plugin.internal.DefaultCompatibilityConventionRegistrar$Factory: loaded 3 times (x 76B)
Class org.jetbrains.kotlin.gradle.plugin.DefaultKotlinBasePlugin$addKotlinCompilerConfiguration$2$1: loaded 3 times (x 75B)
Class org.jetbrains.kotlin.gradle.utils.Completable                                   : loaded 3 times (x 72B)
Class org.jetbrains.kotlin.konan.target.HostManager$Companion$targetAliases$2         : loaded 3 times (x 78B)
Class com.android.build.gradle.tasks.GenerateTestConfig$CreationAction$handleProvider$1: loaded 3 times (x 127B)
Class com.android.build.gradle.internal.tasks.MergeConsumerProguardFilesTask$CreationAction$handleProvider$1: loaded 3 times (x 127B)
Class com.android.builder.model.v2.ide.ApiVersion                                     : loaded 3 times (x 70B)
Class com.android.builder.model.v2.ide.AndroidLibraryData                             : loaded 3 times (x 70B)
Class com.android.build.api.dsl.ApkExtension                                          : loaded 3 times (x 70B)
Class com.android.build.gradle.options.ProjectOptions$OptionValue                     : loaded 3 times (x 72B)
Class com.android.build.gradle.internal.tasks.LintCompile                             : loaded 3 times (x 320B)
Class com.android.build.gradle.tasks.ExtractDeepLinksTask$BaseCreationAction$configure$2: loaded 3 times (x 78B)
Class com.android.build.gradle.internal.scope.InternalArtifactType$SHADER_ASSETS      : loaded 3 times (x 74B)
Class com.android.build.api.component.impl.features.ManifestPlaceholdersCreationConfigImpl$placeholders$2: loaded 3 times (x 79B)
Class com.android.build.gradle.internal.scope.BuildFeatureValues                      : loaded 3 times (x 70B)
Class com.android.build.gradle.internal.manifest.ManifestValueSource$Params_Decorated : loaded 3 times (x 130B)
Class com.android.build.gradle.internal.tasks.PackageRenderscriptTask                 : loaded 3 times (x 566B)
Class com.android.build.gradle.internal.dependency.VariantDependenciesBuilder         : loaded 3 times (x 82B)
Class com.android.build.gradle.internal.res.Aapt2FromMaven$Companion$create$aapt2Directory$1$1: loaded 3 times (x 74B)
Class org.jetbrains.kotlin.gradle.plugin.mpp.compilationImpl.KotlinCompilationSourceSetInclusion$Companion$includedSourceSets$2: loaded 3 times (x 78B)
Class com.google.wireless.android.sdk.stats.GradleBuildMemorySample                   : loaded 3 times (x 203B)
Class com.android.build.gradle.internal.ide.dependencies.LibraryDependencyCacheBuildService$Parameters: loaded 3 times (x 70B)
Class com.android.build.gradle.internal.services.VersionedSdkLoaderService$versionedSdkLoader$2$1: loaded 3 times (x 75B)
Class com.android.build.gradle.internal.dsl.VariantDimensionBinaryCompatibilityFixParent: loaded 3 times (x 70B)
Class org.jetbrains.kotlin.gradle.plugin.KotlinGradleFinishBuildHandler$Companion     : loaded 3 times (x 71B)
Class org.jetbrains.kotlin.gradle.internal.IsInIdeaSyncValueSource                    : loaded 3 times (x 78B)
Class com.android.build.gradle.internal.scope.InternalArtifactType$LIBRARY_ART_PROFILE: loaded 3 times (x 74B)
Class com.android.build.gradle.internal.dependency.DexingRegistration$ComponentAgnosticParameters: loaded 3 times (x 72B)
Class com.android.build.gradle.internal.utils.DesugarLibUtils$getDesugarLibConfigFromTransform$1$1: loaded 3 times (x 74B)
Class com.android.build.gradle.internal.services.Aapt2Input_Decorated                 : loaded 3 times (x 155B)
Class com.android.tools.utp.gradle.api.UtpDependency$10                               : loaded 3 times (x 127B)
Class com.android.tools.utp.gradle.api.UtpDependency$9                                : loaded 3 times (x 127B)
Class com.android.build.gradle.internal.scope.InternalArtifactType$APK_FROM_BUNDLE_IDE_MODEL: loaded 3 times (x 74B)
Class com.android.build.gradle.internal.tasks.ValidateSigningTask                     : loaded 3 times (x 328B)
Class com.android.build.gradle.tasks.PackageApplication$CreationAction$handleProvider$5: loaded 3 times (x 127B)
Class com.android.build.gradle.internal.tasks.ExtractNativeDebugMetadataTask$SymbolTableCreationAction$handleProvider$1: loaded 3 times (x 127B)
Class com.android.builder.dexing.R8Version                                            : loaded 3 times (x 71B)
Class com.android.build.gradle.internal.dependency.VariantDependencies$Companion$computeLocalFileDependencies$dependencies$1: loaded 3 times (x 75B)
Class com.android.build.gradle.internal.dsl.TestOptions$suites$2                      : loaded 3 times (x 79B)
Class com.android.build.gradle.internal.plugins.BasePlugin$globalConfig$2$1           : loaded 3 times (x 79B)
Class com.android.build.gradle.internal.core.dsl.features.AndroidResourcesDslInfo     : loaded 3 times (x 70B)
Class com.android.build.api.variant.VariantOutputConfiguration$OutputType             : loaded 3 times (x 79B)
Class com.android.build.api.variant.TestComponent                                     : loaded 3 times (x 70B)
Class com.android.build.api.attributes.BuildTypeAttr$Companion                        : loaded 3 times (x 71B)
Class com.android.build.api.variant.TestSuiteBuilder                                  : loaded 3 times (x 70B)
Class com.android.build.gradle.internal.crash.CrashReporting$afterEvaluate$1          : loaded 3 times (x 75B)
Class com.android.build.gradle.internal.dsl.MinSdkSpecImpl                            : loaded 3 times (x 81B)
Class com.android.build.api.dsl.Packaging                                             : loaded 3 times (x 70B)
Class com.android.build.gradle.internal.dsl.ProductFlavor                             : loaded 3 times (x 469B)
Class com.android.build.gradle.internal.SdkComponentsBuildService$RegistrationAction  : loaded 3 times (x 74B)
Class com.android.build.gradle.internal.ide.dependencies.LibraryDependencyCacheBuildService: loaded 3 times (x 80B)
Class com.google.wireless.android.sdk.stats.GarbageCollectionStats                    : loaded 3 times (x 201B)
Class com.android.build.api.attributes.AgpVersionAttr                                 : loaded 3 times (x 70B)
Class com.google.protobuf.ExtensionRegistry$ExtensionInfo                             : loaded 3 times (x 72B)
Class com.android.build.gradle.options.Option$Status$Removed                          : loaded 3 times (x 72B)
Class com.android.build.gradle.internal.plugins.AndroidPluginBaseServices$syncIssueReporter$2: loaded 3 times (x 79B)
Class com.android.build.api.variant.CanMinifyCode                                     : loaded 3 times (x 70B)
Class com.android.build.gradle.options.ProjectOptionService                           : loaded 3 times (x 77B)
Class com.android.build.api.artifact.impl.TypedStorageProvider                        : loaded 3 times (x 72B)
Class com.android.build.api.artifact.impl.SinglePropertyAdapter                       : loaded 3 times (x 78B)
Class com.android.build.gradle.internal.lint.AndroidLintGlobalTask$LintFixCreationAction$Companion: loaded 3 times (x 71B)
Class com.android.build.gradle.internal.dsl.TargetSdkSpecImpl$AgpDecorated_Decorated  : loaded 3 times (x 129B)
Class com.android.build.gradle.internal.plugins.DslContainerProvider$lock$6           : loaded 3 times (x 75B)
Class com.android.build.api.variant.impl.GlobalVariantBuilderConfigImpl               : loaded 3 times (x 77B)
Class com.android.build.gradle.internal.VariantManager$getFlavorSelection$2           : loaded 3 times (x 79B)
Class com.android.build.api.variant.DependenciesInfo                                  : loaded 3 times (x 70B)
Class com.android.build.api.instrumentation.FramesComputationMode                     : loaded 3 times (x 79B)
Class com.android.build.gradle.internal.HostTestTaskManager$createTopLevelTasksCore$2 : loaded 3 times (x 75B)
Class com.android.build.gradle.tasks.ProcessApplicationManifest$CreationAction$handleProvider$1: loaded 3 times (x 127B)
Class com.android.build.gradle.internal.res.LinkApplicationAndroidResourcesTask$CreationAction: loaded 3 times (x 96B)
Class com.android.build.gradle.internal.variant.ApkVariantData                        : loaded 3 times (x 72B)
Class com.android.build.gradle.internal.tasks.ListingFileRedirectTask$CreationAction$handleProvider$1: loaded 3 times (x 127B)
Class com.android.build.gradle.internal.scope.InternalArtifactType$SHRUNK_RESOURCES_BINARY_FORMAT: loaded 3 times (x 74B)
Class com.android.build.gradle.internal.tasks.SigningReportTask                       : loaded 3 times (x 314B)
Class com.android.build.gradle.internal.scope.InternalArtifactType$CONSUMER_PROGUARD_DIR: loaded 3 times (x 74B)
Class org.jetbrains.kotlin.gradle.plugin.internal.DefaultProjectIsolationStartParameterAccessor$Factory: loaded 3 times (x 76B)
Class org.jetbrains.kotlin.gradle.plugin.internal.DefaultMavenPublicationComponentAccessor: loaded 3 times (x 75B)
Class org.jetbrains.kotlin.gradle.dsl.KotlinJvmCompilerOptions                        : loaded 3 times (x 70B)
Class org.jetbrains.kotlin.gradle.dsl.JvmDefaultMode                                  : loaded 3 times (x 79B)
Class org.jetbrains.kotlin.gradle.plugin.ProjectLocalConfigurations$ProjectLocalCompatibility: loaded 3 times (x 76B)
Class com.android.build.api.variant.LibraryAndroidComponentsExtension                 : loaded 3 times (x 70B)
Class com.android.build.gradle.internal.dsl.InternalLibraryExtension                  : loaded 3 times (x 70B)
Class com.android.build.gradle.internal.LibraryTaskManager$MergeResourceCallback$handleProvider$1: loaded 3 times (x 127B)
Class com.android.build.gradle.internal.tasks.LibraryJniLibsTask$CreationAction$handleProvider$1: loaded 3 times (x 127B)
Class org.apache.commons.io.StandardLineSeparator                                     : loaded 3 times (x 79B)
Class com.android.build.gradle.internal.dsl.LibraryPublishingImpl$Companion           : loaded 3 times (x 71B)
Class com.android.build.gradle.internal.dsl.LibraryExtensionImpl$buildFeatures$1      : loaded 3 times (x 75B)
Class org.jetbrains.kotlin.cli.common.arguments.K2JVMCompilerArguments                : loaded 3 times (x 76B)
Class org.gradle.tooling.internal.adapter.ViewBuilder                                 : loaded 3 times (x 70B)
Class org.jetbrains.kotlin.gradle.plugin.mpp.compilationImpl.KotlinCompilationRegisterInSourceSetsConfigurator$configure$1: loaded 3 times (x 79B)
Class org.gradle.tooling.model.idea.IdeaModuleDependency                              : loaded 3 times (x 70B)
Class org.gradle.internal.exceptions.NonGradleCauseExceptionsHolder                   : loaded 3 times (x 70B)
Class com.android.build.api.variant.AnnotationProcessor                               : loaded 3 times (x 70B)
Class com.android.build.gradle.internal.services.GlobalServiceRegistrationAction      : loaded 3 times (x 73B)
Class org.jetbrains.kotlin.gradle.plugin.mpp.KotlinUsageContext                       : loaded 3 times (x 70B)
Class org.jetbrains.kotlin.gradle.plugin.KotlinTargetsContainer                       : loaded 3 times (x 70B)
Class com.android.build.gradle.internal.tasks.AppClasspathCheckTask$CreationAction    : loaded 3 times (x 90B)
Class org.jetbrains.kotlin.gradle.utils.ConfigurationsKt                              : loaded 3 times (x 71B)
Class com.android.build.gradle.tasks.ExtractDeepLinksTask$BaseCreationAction          : loaded 3 times (x 93B)
Class org.jetbrains.kotlin.gradle.plugin.statistics.BuildFusService$Parameters        : loaded 3 times (x 70B)
Class org.jetbrains.kotlin.gradle.plugin.diagnostics.DefaultProblemsReporter$Factory  : loaded 3 times (x 76B)
Class com.android.build.gradle.internal.dependency.VariantDependencies$Companion$WhenMappings: loaded 3 times (x 71B)
Class com.android.build.gradle.internal.services.UsesAapt2DaemonBuildService          : loaded 3 times (x 70B)
Class com.android.build.gradle.internal.SdkComponentsBuildService$Inject_             : loaded 3 times (x 100B)
Class com.android.build.gradle.internal.tasks.ModuleMetadataWriterTask$CreationAction$handleProvider$1: loaded 3 times (x 127B)
Class com.android.tools.utp.gradle.api.UtpDependency$11                               : loaded 3 times (x 127B)
Class com.android.build.gradle.internal.tasks.ExtractApksTask                         : loaded 3 times (x 334B)
Class com.android.build.gradle.internal.scope.InternalArtifactType$SIGNING_CONFIG_VERSIONS: loaded 3 times (x 74B)
Class com.android.build.gradle.internal.scope.InternalArtifactType$PACKAGED_DEPENDENCIES: loaded 3 times (x 74B)
Class com.android.build.gradle.internal.TaskManager$createPackagingTask$1             : loaded 3 times (x 75B)
Class com.android.build.gradle.tasks.PackageAndroidArtifact$CreationAction$Companion  : loaded 3 times (x 71B)
Class com.android.build.gradle.internal.tasks.DexFileDependenciesTask                 : loaded 3 times (x 334B)
Class com.android.build.gradle.internal.tasks.DexArchiveBuilderTask                   : loaded 3 times (x 344B)
Class com.android.build.gradle.internal.tasks.creationconfig.JavaCompileCreationConfig: loaded 3 times (x 70B)
Class com.google.gson.TypeAdapter$1                                                   : loaded 3 times (x 74B)
Class com.android.build.api.artifact.impl.InAndOutDirectoryOperationRequestImpl       : loaded 3 times (x 81B)
Class com.android.build.gradle.internal.core.dsl.impl.features.OptimizationDslInfoImpl$postProcessingOptions$2$1: loaded 3 times (x 80B)
Class com.android.build.gradle.internal.dsl.LintImpl$SeverityOverrideSet              : loaded 3 times (x 143B)
Class com.android.builder.model.AdbOptions                                            : loaded 3 times (x 70B)
Class com.android.build.api.dsl.MinSdkVersion                                         : loaded 3 times (x 70B)
Class com.android.build.gradle.tasks.MergeSourceSetFolders$MergeAssetCreationAction   : loaded 3 times (x 91B)
Class com.android.build.api.dsl.CompileSdkSpec                                        : loaded 3 times (x 70B)
Class com.android.builder.model.DataBindingOptions                                    : loaded 3 times (x 70B)
Class com.android.prefs.VariableValue                                                 : loaded 3 times (x 82B)
Class com.android.prefs.AbstractAndroidLocations$Companion                            : loaded 3 times (x 71B)
Class com.android.build.api.variant.impl.JniLibsTestedApkPackagingImpl                : loaded 3 times (x 91B)
Class com.android.build.gradle.internal.tasks.SigningConfigWriterTask$CreationAction$handleProvider$1: loaded 3 times (x 127B)
Class com.google.gson.stream.JsonReader$1                                             : loaded 3 times (x 72B)
Class com.android.ide.common.blame.SourcePositionJsonTypeAdapter                      : loaded 3 times (x 75B)
Class com.android.build.gradle.options.FeatureStage$Removed                           : loaded 3 times (x 72B)
Class com.android.build.gradle.options.Stage                                          : loaded 3 times (x 72B)
Class com.android.build.gradle.internal.tasks.ProguardConfigurableTask$CreationAction$handleProvider$2: loaded 3 times (x 127B)
Class com.android.build.gradle.tasks.ProcessTestManifest$CreationAction$handleProvider$1: loaded 3 times (x 127B)
Class com.android.build.gradle.internal.ManagedDeviceUtilsKt                          : loaded 3 times (x 71B)
Class com.android.build.gradle.internal.plugins.BasePlugin$Companion$createAndroidJdkImageConfiguration$2: loaded 3 times (x 74B)
Class com.android.build.gradle.internal.TaskManager$PreBuildCreationAction            : loaded 3 times (x 91B)
Class com.android.build.gradle.internal.dsl.ApplicationExtensionImpl$AgpDecorated_Decorated: loaded 3 times (x 475B)
Class com.android.build.gradle.internal.dsl.BundleOptionsStoreArchive$AgpDecorated    : loaded 3 times (x 81B)
Class com.android.build.gradle.internal.plugins.DslContainerProvider$lock$5           : loaded 3 times (x 75B)
Class com.android.build.gradle.internal.VariantManager$getLazyManifestParser$1        : loaded 3 times (x 79B)
Class com.android.build.gradle.internal.core.dsl.impl.ComponentDslInfoImpl$androidResourcesDsl$2: loaded 3 times (x 79B)
Class com.android.build.gradle.internal.dsl.ModulePropertyKey                         : loaded 3 times (x 70B)
Class com.android.build.gradle.internal.VariantManager$getFlavorSelection$1           : loaded 3 times (x 78B)
Class org.jetbrains.kotlin.gradle.plugin.KotlinBasePluginWrapper                      : loaded 3 times (x 86B)
Class com.android.build.api.variant.impl.ApplicationVariantImpl$dexing$2              : loaded 3 times (x 79B)
Class com.android.build.gradle.internal.core.MergedExternalNativeBuildOptions         : loaded 3 times (x 87B)
Class com.android.build.gradle.internal.HostTestTaskManager$createTopLevelTasksCore$1 : loaded 3 times (x 75B)
Class com.android.build.gradle.internal.scope.InternalArtifactType$NESTED_RESOURCES_VALIDATION_REPORT: loaded 3 times (x 74B)
Class com.android.build.api.component.impl.features.OptimizationCreationConfigImpl$proguardFiles$2: loaded 3 times (x 79B)
Class com.android.build.api.component.impl.OldVariantApiLegacySupportImpl             : loaded 3 times (x 89B)
Class com.android.build.gradle.internal.scope.InternalArtifactType$CHECK_MANIFEST_RESULT: loaded 3 times (x 74B)
Class com.android.build.gradle.internal.tasks.ProcessNavigationXmlTask                : loaded 3 times (x 331B)
Class com.android.build.gradle.tasks.MergeSourceSetFolders$MergeAssetBaseCreationAction: loaded 3 times (x 91B)
Class com.android.build.gradle.internal.tasks.factory.features.BuildConfigTaskCreationAction: loaded 3 times (x 70B)
Class com.android.build.gradle.internal.tasks.MergeJavaResourceTask                   : loaded 3 times (x 360B)
Class com.android.build.gradle.internal.tasks.CheckDuplicateClassesTask$CreationAction: loaded 3 times (x 90B)
Class com.android.build.gradle.TestAndroidConfig                                      : loaded 3 times (x 70B)
Class com.android.build.gradle.internal.tasks.DexMergingTask$CreationAction$WhenMappings: loaded 3 times (x 71B)
Class com.android.build.gradle.internal.core.dsl.DynamicFeatureVariantDslInfo         : loaded 3 times (x 70B)
Class com.android.build.api.variant.SourceDirectories                                 : loaded 3 times (x 70B)
Class org.jetbrains.kotlin.gradle.targets.js.dsl.KotlinTargetWithNodeJsDsl            : loaded 3 times (x 70B)
Class org.jetbrains.kotlin.gradle.plugin.sources.DefaultKotlinSourceSetKt$defaultSourceSetLanguageSettingsChecker$1: loaded 3 times (x 78B)
Class org.jetbrains.kotlin.gradle.plugin.sources.InternalKotlinSourceSet              : loaded 3 times (x 70B)
Class com.android.build.api.variant.impl.FlatSourceDirectoriesForJavaImpl$internalGenerators$2$1: loaded 3 times (x 76B)
Class com.android.build.gradle.internal.dependency.AarTransform$Companion             : loaded 3 times (x 71B)
Class com.android.build.gradle.internal.dependency.FilterShrinkerRulesTransform$Inject_1: loaded 3 times (x 109B)
Class com.android.build.gradle.internal.scope.InternalArtifactType$AIDL_PARCELABLE    : loaded 3 times (x 74B)
Class org.jetbrains.kotlin.gradle.dsl.KotlinGradlePluginPublicDsl                     : loaded 3 times (x 70B)
Class org.jetbrains.kotlin.gradle.internal.properties.NativeProperties                : loaded 3 times (x 70B)
Class org.jetbrains.kotlin.gradle.report.ReportingSettings                            : loaded 3 times (x 72B)
Class [Lorg.jetbrains.kotlin.gradle.plugin.sources.ConsistencyCheck;                  : loaded 3 times (x 69B)
Class org.jetbrains.kotlin.gradle.plugin.internal.ConfigurationCacheStartParameterAccessor: loaded 3 times (x 70B)
Class org.jetbrains.kotlin.gradle.internal.diagnostics.GradleCompatibilityCheck$DefaultCurrentGradleVersionProvider: loaded 3 times (x 74B)
Class com.android.build.gradle.internal.scope.InternalArtifactType$METADATA_FEATURE_DECLARATION: loaded 3 times (x 74B)
Class org.jetbrains.kotlin.gradle.dsl.KotlinBaseExtension                             : loaded 3 times (x 70B)
Class com.android.build.gradle.internal.VariantTaskManager$createReportTasks$1        : loaded 3 times (x 75B)
Class com.android.build.gradle.LibraryExtension                                       : loaded 3 times (x 448B)
Class com.android.build.gradle.internal.lint.AndroidLintTextOutputTask                : loaded 3 times (x 333B)
Class com.android.tools.utp.gradle.api.UtpDependency$12                               : loaded 3 times (x 127B)
Class com.android.build.gradle.internal.tasks.SigningConfigWriterTask$CreationAction  : loaded 3 times (x 90B)
Class com.android.build.gradle.internal.TaskManager$createPackagingTask$2             : loaded 3 times (x 75B)
Class com.android.build.gradle.internal.tasks.MergeJavaResourcesInputsOutputs         : loaded 3 times (x 70B)
Class com.android.build.gradle.internal.scope.InternalArtifactType$AAR_METADATA_CHECK : loaded 3 times (x 74B)
Class com.android.build.gradle.tasks.CompileNavigationXmlTask                         : loaded 3 times (x 333B)
Class com.android.build.api.artifact.impl.OutOperationRequestImpl                     : loaded 3 times (x 91B)
Class com.android.build.api.artifact.impl.ArtifactOperationRequest                    : loaded 3 times (x 70B)
Class com.android.build.gradle.internal.tasks.ValidateResourcesTask$CreateAction      : loaded 3 times (x 90B)
Class com.android.build.gradle.internal.tasks.factory.TaskManagerConfigImpl           : loaded 3 times (x 76B)
Class com.android.build.api.component.impl.DeviceTestImpl$buildConfigCreationConfig$2 : loaded 3 times (x 79B)
Class com.android.build.gradle.internal.dependency.ConstraintHandler                  : loaded 3 times (x 71B)
Class com.android.build.api.variant.impl.GlobalVariantBuilderConfig                   : loaded 3 times (x 70B)
Class com.android.build.gradle.internal.lint.LintTaskManager                          : loaded 3 times (x 72B)
Class com.android.build.gradle.internal.tasks.ExtractProguardFiles                    : loaded 3 times (x 321B)
Class com.android.build.gradle.internal.tasks.factory.GlobalTaskCreationConfigImpl$platformAttrs$2: loaded 3 times (x 79B)
Class com.android.build.api.variant.ScopedArtifacts                                   : loaded 3 times (x 70B)
Class com.android.build.gradle.internal.services.FakeDependencyJarBuildService$Params$Inject_: loaded 3 times (x 106B)
Class com.android.build.gradle.internal.attribution.CheckJetifierBuildService         : loaded 3 times (x 80B)
Class com.android.build.gradle.internal.dsl.decorator.SupportedPropertyType$Block     : loaded 3 times (x 74B)
Class com.android.build.api.dsl.CompileSdkVersion                                     : loaded 3 times (x 70B)
Class com.android.build.api.dsl.ApplicationDefaultConfig                              : loaded 3 times (x 70B)
Class com.android.build.gradle.internal.dsl.LibraryInstallationImpl$AgpDecorated      : loaded 3 times (x 95B)
Class com.android.build.gradle.internal.plugins.AndroidPluginBaseServices$applyBaseServices$2: loaded 3 times (x 75B)
Class com.google.common.base.Converter$ConverterComposition                           : loaded 3 times (x 90B)
Class com.android.build.gradle.internal.profile.ProjectData                           : loaded 3 times (x 72B)
Class org.jetbrains.kotlin.gradle.plugin.internal.CustomPropertiesFileValueSource$Parameters$Inject_: loaded 3 times (x 106B)
Class com.android.build.gradle.internal.core.dsl.MultiVariantComponentDslInfo         : loaded 3 times (x 70B)
Class com.android.build.gradle.internal.dsl.ModulePropertyKey$OptionalBoolean         : loaded 3 times (x 83B)
Class com.android.build.gradle.internal.lint.CustomLintCheckUtils$getLocalCustomLintChecks$1: loaded 3 times (x 74B)
Class com.android.build.gradle.internal.tasks.ProcessJavaResTaskKt                    : loaded 3 times (x 71B)
Class org.gradle.tooling.internal.adapter.WeakIdentityHashMap$AbsentValueProvider     : loaded 3 times (x 70B)
Class com.android.build.gradle.AssetPackPluginKt                                      : loaded 3 times (x 71B)
Class com.android.build.gradle.internal.plugins.LibraryPlugin                         : loaded 3 times (x 97B)
Class com.android.utils.Environment                                                   : loaded 3 times (x 74B)
Class com.android.build.gradle.internal.scope.InternalArtifactType$FEATURE_SHRUNK_RESOURCES_PROTO_FORMAT: loaded 3 times (x 74B)
Class org.jetbrains.kotlin.gradle.report.BuildReportType                              : loaded 3 times (x 79B)
Class org.jetbrains.kotlin.gradle.targets.native.KonanPropertiesBuildService$Companion$registerIfAbsent$2$1: loaded 3 times (x 79B)
Class org.jetbrains.kotlin.gradle.dsl.KotlinHierarchyDsl                              : loaded 3 times (x 70B)
Class org.jetbrains.kotlin.gradle.utils.MutableObservableSet                          : loaded 3 times (x 70B)
Class [Lcom.android.prefs.LocationValue;                                              : loaded 3 times (x 69B)
Class com.android.build.gradle.internal.plugins.BasePlugin$Companion$createAndroidJdkImageConfiguration$1: loaded 3 times (x 74B)
Class com.android.build.gradle.internal.scope.DelayedActionsExecutor                  : loaded 3 times (x 72B)
Class com.android.build.gradle.internal.core.InternalBaseVariant                      : loaded 3 times (x 70B)
Class com.android.build.api.dsl.CompileSdkReleaseSpec                                 : loaded 3 times (x 70B)
Class com.android.build.gradle.internal.plugins.DslContainerProvider$lock$4           : loaded 3 times (x 75B)
Class com.android.build.api.variant.InternalSources                                   : loaded 3 times (x 70B)
Class com.android.build.api.variant.impl.CodeTransparencyImpl                         : loaded 3 times (x 75B)
Class com.android.build.gradle.internal.dependency.VariantDependencies$WhenMappings   : loaded 3 times (x 71B)
Class com.android.build.api.component.impl.features.OptimizationCreationConfigImpl    : loaded 3 times (x 84B)
Class com.android.build.gradle.internal.scope.InternalArtifactType$GLOBAL_SYNTHETICS_SUBPROJECT: loaded 3 times (x 74B)
Class com.android.build.gradle.internal.dependency.ProvidedClasspathSubtractor$excludes$1: loaded 3 times (x 79B)
Class com.android.build.gradle.internal.api.LibraryVariantOutputImpl                  : loaded 3 times (x 116B)
Class com.android.build.gradle.internal.tasks.LibraryJniLibsTask$ProjectOnlyCreationAction: loaded 3 times (x 90B)
Class com.android.build.gradle.internal.tasks.BundleLibraryClassesJar$CreationAction  : loaded 3 times (x 90B)
Class [Lcom.android.build.gradle.tasks.MergeResources$Flag;                           : loaded 3 times (x 69B)
Class com.android.build.gradle.tasks.MergeResources$CreationAction$handleProvider$6   : loaded 3 times (x 78B)
Class org.jetbrains.kotlin.gradle.plugin.internal.BuildIdService$Companion$registerIfAbsent$1$1: loaded 3 times (x 75B)
Class org.jetbrains.kotlin.gradle.plugin.mpp.KotlinJvmAndroidCompilationKt            : loaded 3 times (x 71B)
Class org.jetbrains.kotlin.gradle.plugin.SubpluginOption                              : loaded 3 times (x 72B)
Class com.android.build.gradle.internal.scope.InternalArtifactType$JAVA_RES           : loaded 3 times (x 74B)
Class com.android.build.api.variant.JniLibsTestedApkPackaging                         : loaded 3 times (x 70B)
Class org.jetbrains.kotlin.gradle.targets.js.dsl.KotlinWasmTargetDsl                  : loaded 3 times (x 70B)
Class com.android.build.gradle.internal.tasks.CheckDuplicateClassesTask               : loaded 3 times (x 326B)
Class org.jetbrains.kotlin.gradle.plugin.sources.ConsistencyCheck                     : loaded 3 times (x 72B)
Class org.jetbrains.kotlin.gradle.plugin.sources.DefaultKotlinSourceSetKt$defaultSourceSetLanguageSettingsChecker$2: loaded 3 times (x 78B)
Class org.jetbrains.kotlin.gradle.plugin.diagnostics.KotlinToolingDiagnosticsCollectorKt$kotlinToolingDiagnosticsCollectorProvider$1$execute$$inlined$variantImplementationFactoryProvider$1: loaded 3 times (x 74B)
Class org.jetbrains.kotlin.gradle.dsl.KotlinCommonToolOptions                         : loaded 3 times (x 70B)
Class com.android.build.gradle.internal.res.ConvertResourcesTask$CreationAction       : loaded 3 times (x 91B)
Class org.jetbrains.kotlin.gradle.tasks.DefaultKotlinJavaToolchain$Companion$wireJvmTargetToJvm$1: loaded 3 times (x 75B)
Class com.android.build.gradle.internal.cxx.configure.NdkLocator                      : loaded 3 times (x 72B)
Class org.jetbrains.kotlin.gradle.dsl.KotlinMultiplatformExtension                    : loaded 3 times (x 603B)
Class com.android.build.gradle.internal.dependency.AarResourcesCompilerTransform$Inject_1: loaded 3 times (x 109B)
Class com.android.build.gradle.internal.utils.DesugarLibUtils                         : loaded 3 times (x 71B)
Class org.jetbrains.kotlin.gradle.plugin.PropertiesProvider$booleanProvider$1         : loaded 3 times (x 74B)
Class com.android.build.gradle.internal.PropertiesValueSource$Params$Inject_          : loaded 3 times (x 106B)
Class com.android.build.gradle.internal.dependency.DexingRegistration$ComponentSpecificParameters: loaded 3 times (x 72B)
Class com.android.tools.utp.gradle.api.UtpDependency$13                               : loaded 3 times (x 127B)
Class com.android.build.gradle.internal.TaskManager$createPackagingTask$3             : loaded 3 times (x 75B)
Class com.android.build.gradle.internal.res.LinkApplicationAndroidResourcesTask$BaseCreationAction: loaded 3 times (x 96B)
Class com.android.build.api.component.impl.features.BuildConfigCreationConfigImpl     : loaded 3 times (x 78B)
Class com.android.build.gradle.internal.scope.InternalArtifactType$FULL_JAR           : loaded 3 times (x 74B)
Class com.android.build.api.variant.impl.VariantImpl$externalExtensions$2             : loaded 3 times (x 79B)
Class com.android.build.gradle.internal.publishing.AndroidArtifacts$ConsumedConfigType: loaded 3 times (x 80B)
Class com.android.build.api.variant.impl.ApplicationAndroidResourcesImpl              : loaded 3 times (x 88B)
Class com.android.build.gradle.internal.dsl.BaseFlavor$targetSdk$1$1                  : loaded 3 times (x 79B)
Class com.android.build.gradle.internal.tasks.factory.PreConfigAction                 : loaded 3 times (x 70B)
Class com.android.build.gradle.internal.plugins.BasePlugin$createVariantModel$1       : loaded 3 times (x 79B)
Class com.android.build.gradle.api.VersionedVariant                                   : loaded 3 times (x 70B)
Class com.android.build.gradle.internal.dsl.ManagedDevices$allDevices$1$1             : loaded 3 times (x 75B)
Class com.android.build.OutputFile                                                    : loaded 3 times (x 70B)
Class com.android.build.gradle.internal.dsl.OptimizationImpl$AgpDecorated             : loaded 3 times (x 90B)
Class org.objectweb.asm.commons.Method                                                : loaded 3 times (x 76B)
Class org.bouncycastle.operator.OperatorException                                     : loaded 3 times (x 82B)
Class com.android.build.gradle.internal.plugins.AndroidPluginBaseServices$applyBaseServices$3: loaded 3 times (x 75B)
Class com.android.build.gradle.internal.services.BuildServicesKt$getBuildService$1    : loaded 3 times (x 75B)
Class com.google.wireless.android.sdk.stats.GarbageCollectionStats$Builder            : loaded 3 times (x 301B)
Class org.jetbrains.kotlin.gradle.utils.ConfigurationCacheOpaqueValueSource           : loaded 3 times (x 79B)
Class org.jetbrains.kotlin.gradle.plugin.mpp.compilationImpl.factory.KotlinCompilationImplFactory$KotlinCompilationSourceSetsContainerFactory: loaded 3 times (x 70B)
Class org.jetbrains.kotlin.gradle.report.UsesBuildMetricsService                      : loaded 3 times (x 70B)
Class com.android.build.gradle.internal.services.R8D8ThreadPoolBuildService           : loaded 3 times (x 80B)
Class [Lcom.android.build.gradle.options.Version;                                     : loaded 3 times (x 69B)
Class com.android.build.api.variant.HasTestSuitesBuilder                              : loaded 3 times (x 70B)
Class com.google.wireless.android.sdk.stats.GradleBuildProject$PluginType             : loaded 3 times (x 87B)
Class com.android.build.gradle.internal.services.BaseServices                         : loaded 3 times (x 70B)
Class com.android.build.api.dsl.TestedExtension                                       : loaded 3 times (x 70B)
Class com.android.build.gradle.internal.BadPluginException                            : loaded 3 times (x 82B)
Class org.gradle.tooling.internal.gradle.GradleProjectIdentity                        : loaded 3 times (x 70B)
Class org.jetbrains.kotlin.gradle.plugin.internal.DefaultConfigurationCacheStartParameterAccessorVariantFactory: loaded 3 times (x 76B)
Class org.jetbrains.kotlin.gradle.internal.properties.PropertiesBuildService$Companion$registerIfAbsent$1: loaded 3 times (x 75B)
Class org.jetbrains.kotlin.gradle.dsl.KotlinCommonCompilerToolOptions                 : loaded 3 times (x 70B)
Class org.jetbrains.kotlin.gradle.plugin.hierarchy.KotlinSourceSetTreeClassifierKt    : loaded 3 times (x 71B)
Class org.jetbrains.kotlin.gradle.plugin.mpp.compilationImpl.factory.DefaultKotlinCompilationDependencyConfigurationsFactory: loaded 3 times (x 75B)
Class org.jetbrains.kotlin.gradle.plugin.mpp.KotlinCompilationFactory$DefaultImpls    : loaded 3 times (x 71B)
Class com.android.build.gradle.internal.LibraryTaskManager$MergeResourceCallback      : loaded 3 times (x 75B)
Class com.android.build.gradle.internal.services.RunOnceBuildService                  : loaded 3 times (x 70B)
Class com.android.build.gradle.internal.services.GlobalServiceRegistrationAction$execute$1: loaded 3 times (x 75B)
Class com.android.build.api.instrumentation.manageddevice.ManagedDeviceRegistry       : loaded 3 times (x 70B)
Class com.android.build.gradle.internal.tasks.ExtractApksTask$CreationAction          : loaded 3 times (x 90B)
Class com.android.build.gradle.internal.services.R8D8ThreadPoolBuildService$Companion : loaded 3 times (x 71B)
Class com.android.build.gradle.internal.scope.InternalArtifactType$BUNDLE_IDE_MODEL   : loaded 3 times (x 74B)
Class com.android.SdkConstants                                                        : loaded 3 times (x 71B)
Class [Lcom.android.tools.analytics.Environment$EnvironmentVariable;                  : loaded 3 times (x 69B)
Class com.google.common.collect.AbstractMapBasedMultimap$WrappedCollection$WrappedIterator: loaded 3 times (x 84B)
Class com.android.build.gradle.internal.tasks.GlobalSyntheticsMergeTask               : loaded 3 times (x 328B)
Class com.android.build.gradle.internal.scope.InternalArtifactType$COMBINED_ART_PROFILE: loaded 3 times (x 74B)
Class com.android.build.gradle.tasks.BundleAar$BaseCreationAction$configure$3         : loaded 3 times (x 74B)
Class com.android.build.gradle.internal.tasks.BundleLibraryClassesDir_Decorated       : loaded 3 times (x 390B)
Class com.android.build.gradle.internal.errors.SyncIssueReporterImpl$WhenMappings     : loaded 3 times (x 71B)
Class [Lcom.android.build.gradle.internal.dsl.decorator.SupportedPropertyType;        : loaded 3 times (x 69B)
Class com.android.build.api.dsl.MaxSdkVersion                                         : loaded 3 times (x 70B)
Class com.android.build.api.dsl.AgpTestSuite                                          : loaded 3 times (x 70B)
Class com.android.build.gradle.internal.dsl.PrivacySandboxSdkOptimizationImpl         : loaded 3 times (x 75B)
Class com.android.build.gradle.internal.dsl.decorator.annotation.RuntimeGuardedExperimentalApi: loaded 3 times (x 70B)
Class com.android.build.gradle.internal.api.artifact.SourceArtifactType               : loaded 3 times (x 74B)
Class com.android.build.gradle.internal.tasks.ListingFileRedirectTask$CreationAction  : loaded 3 times (x 92B)
Class com.android.build.gradle.internal.plugins.DslContainerProvider$lock$3           : loaded 3 times (x 74B)
Class com.android.build.gradle.internal.dependency.VariantDependencies                : loaded 3 times (x 76B)
Class com.android.build.api.variant.impl.VariantOutputConfigurationImplKt$WhenMappings: loaded 3 times (x 71B)
Class com.android.build.gradle.internal.scope.ArtifactTypeUtil                        : loaded 3 times (x 71B)
Class com.android.build.gradle.internal.core.dsl.AndroidTestComponentDslInfo          : loaded 3 times (x 70B)
Class com.android.build.api.variant.VariantExtensionConfig                            : loaded 3 times (x 70B)
Class com.android.build.api.component.impl.MutableListBackedUpWithListProperty        : loaded 3 times (x 205B)
Class com.android.build.gradle.tasks.MergeResources$CreationAction$handleProvider$5   : loaded 3 times (x 78B)
Class com.android.build.gradle.internal.scope.InternalArtifactType$ANDROID_RES_SOURCE_SET_PATH_MAP: loaded 3 times (x 74B)
Class org.jetbrains.kotlin.gradle.plugin.sources.FragmentConsistencyChecks$unstableFeaturesCheck$1: loaded 3 times (x 79B)
Class org.jetbrains.kotlin.gradle.plugin.sources.DefaultKotlinSourceSet               : loaded 3 times (x 141B)
Class org.jetbrains.kotlin.gradle.plugin.diagnostics.KotlinToolingDiagnosticsCollector$Parameter_Decorated: loaded 3 times (x 130B)
Class com.android.build.gradle.internal.tasks.MergeNativeLibsTaskKt                   : loaded 3 times (x 71B)
Class org.jetbrains.kotlin.gradle.utils.ConfigurationsKt$sam$org_gradle_api_Action$0  : loaded 3 times (x 75B)
Class org.jetbrains.kotlin.gradle.plugin.diagnostics.ProblemsReporter                 : loaded 3 times (x 70B)
Class org.jetbrains.kotlin.gradle.plugin.VariantImplementationFactories$Parameters    : loaded 3 times (x 70B)
Class org.jetbrains.kotlin.gradle.plugin.internal.JavaExecTaskParametersCompatibility$Factory: loaded 3 times (x 70B)
Class com.android.build.gradle.internal.publishing.ProcessedArtifactUtils             : loaded 3 times (x 71B)
Class com.android.build.gradle.internal.cxx.gradle.generator.CxxConfigurationModelKt  : loaded 3 times (x 71B)
Class com.android.build.api.variant.impl.DexPackagingOptionsImpl                      : loaded 3 times (x 75B)
Class com.android.build.gradle.internal.lint.AndroidLintTextOutputTask$VariantCreationAction: loaded 3 times (x 92B)
Class com.android.build.gradle.internal.publishing.AndroidArtifactsUtilKt             : loaded 3 times (x 71B)
Class com.android.build.gradle.internal.core.dsl.impl.InstrumentedTestDslInfoImpl$testLabel$1: loaded 3 times (x 74B)
Class com.android.build.gradle.internal.core.dsl.TestComponentDslInfo                 : loaded 3 times (x 70B)
Class com.android.build.gradle.internal.core.dsl.impl.ApplicationVariantDslInfoImpl$versionName$2$versionNameFromFlavors$1: loaded 3 times (x 78B)
Class com.android.build.api.variant.CodeTransparency                                  : loaded 3 times (x 70B)
Class com.android.build.gradle.internal.variant.VariantPathHelper$buildConfigSourceOutputDir$2: loaded 3 times (x 79B)
Class com.android.build.api.variant.impl.VariantBuilderImpl$registeredExtensionDelegate$1: loaded 3 times (x 78B)
Class com.android.build.gradle.internal.plugins.AndroidPluginBaseServices$applyBaseServices$4: loaded 3 times (x 75B)
Class com.android.build.gradle.internal.plugins.BasePlugin$createVariantModel$2       : loaded 3 times (x 79B)
Class com.android.build.gradle.internal.dsl.DexPackagingImpl$AgpDecorated_Decorated   : loaded 3 times (x 127B)
Class com.android.build.gradle.internal.dsl.ManagedDevices$allDevices$1$2             : loaded 3 times (x 75B)
Class com.android.build.gradle.internal.dsl.ApplicationAndroidResourcesImpl$AgpDecorated_Decorated: loaded 3 times (x 180B)
Class com.android.build.gradle.internal.dependency.SourceSetManager$createConfigurationsForSourceSet$2: loaded 3 times (x 75B)
Class com.android.build.gradle.tasks.CompatibleScreensManifest$CreationAction         : loaded 3 times (x 90B)
Class com.android.build.api.variant.ResValue                                          : loaded 3 times (x 72B)
Class com.android.build.gradle.internal.dsl.LibraryKeepRulesImpl                      : loaded 3 times (x 88B)
Class com.android.build.gradle.internal.dsl.BundleOptionsCodeTransparency             : loaded 3 times (x 77B)
Class com.android.build.gradle.internal.scope.InternalArtifactType$COMPILE_APP_CLASSES_JAR: loaded 3 times (x 74B)
Class com.android.prefs.PathLocator$singlePathOf$values$1                             : loaded 3 times (x 79B)
Class com.android.tools.analytics.AnalyticsSettings$optedIn$1                         : loaded 3 times (x 78B)
Class com.android.sdklib.AndroidApiLevel                                              : loaded 3 times (x 74B)
Class com.android.build.gradle.options.Option$Status$EXPERIMENTAL                     : loaded 3 times (x 71B)
Class com.android.build.gradle.internal.services.ServiceRegistrationAction            : loaded 3 times (x 74B)
Class com.android.build.gradle.internal.scope.InternalArtifactType$EXTERNAL_FILE_LIB_DEX_ARCHIVES: loaded 3 times (x 74B)
Class com.android.build.gradle.internal.tasks.ExtractNativeDebugMetadataTask          : loaded 3 times (x 332B)
Class com.google.common.collect.ImmutableMultimap$Keys                                : loaded 3 times (x 166B)
Class com.android.builder.model.v2.ide.JavaArtifact                                   : loaded 3 times (x 70B)
Class com.android.build.gradle.tasks.ProcessTestManifest                              : loaded 3 times (x 351B)
Class com.android.build.api.variant.impl.ResSourceDirectoriesImpl                     : loaded 3 times (x 92B)
Class com.android.build.gradle.internal.scope.InternalArtifactType$UNIT_TEST_CONFIG_DIRECTORY: loaded 3 times (x 74B)
Class com.android.build.gradle.internal.cxx.gradle.generator.CxxConfigurationModelKt$ENABLE_CHECK_CONFIG_TIME_CONSTRUCTION$2: loaded 3 times (x 78B)
Class com.android.build.gradle.internal.dependency.IdentityTransform$Parameters_Decorated: loaded 3 times (x 135B)
Class com.android.build.gradle.internal.scope.InternalArtifactType$LINT_VITAL_LINT_MODEL: loaded 3 times (x 74B)
Class org.jetbrains.kotlin.gradle.utils.FileUtilsKt                                   : loaded 3 times (x 71B)
Class org.jetbrains.kotlin.tooling.core.MutableExtrasImpl                             : loaded 3 times (x 165B)
Class org.jetbrains.kotlin.gradle.plugin.diagnostics.KotlinToolingDiagnosticsCollector: loaded 3 times (x 76B)
Class org.jetbrains.kotlin.compose.compiler.gradle.ComposeCompilerGradleSubplugin$applyToCompilation$allPluginProperties$1$9: loaded 3 times (x 76B)
Class com.android.build.gradle.internal.tasks.LibraryJniLibsTask$ProjectAndLocalJarsCreationAction: loaded 3 times (x 90B)
Class com.android.build.gradle.tasks.BundleAar$Companion                              : loaded 3 times (x 71B)
Class com.android.build.gradle.tasks.MergeResources$CreationAction$configure$2        : loaded 3 times (x 75B)
Class [Lcom.android.builder.model.v2.ide.BytecodeTransformation;                      : loaded 3 times (x 69B)
Class com.android.builder.model.v2.ide.AaptOptions                                    : loaded 3 times (x 70B)
Class com.android.build.gradle.internal.variant.VariantFactory                        : loaded 3 times (x 70B)
Class com.android.build.gradle.internal.core.dsl.VariantDslInfo                       : loaded 3 times (x 70B)
Class com.android.build.gradle.internal.variant.DimensionCombination                  : loaded 3 times (x 70B)
Class com.android.build.gradle.internal.core.dsl.ApplicationVariantDslInfo            : loaded 3 times (x 70B)
Class com.android.build.gradle.internal.core.dsl.impl.features.ManifestPlaceholdersDslInfoImpl$placeholders$2: loaded 3 times (x 79B)
Class com.android.build.gradle.internal.plugins.AndroidPluginBaseServices$optionService$2$1: loaded 3 times (x 78B)
Class com.google.gson.InstanceCreator                                                 : loaded 3 times (x 70B)
Class org.apache.commons.io.IOUtils                                                   : loaded 3 times (x 71B)
Class com.android.build.api.variant.impl.SigningConfigImpl                            : loaded 3 times (x 79B)
Class com.android.build.gradle.internal.utils.KgpUtils$configureKotlinCompileTasks$1  : loaded 3 times (x 75B)
Class org.jetbrains.kotlin.gradle.plugin.KotlinCompilation$DefaultImpls               : loaded 3 times (x 71B)
Class org.jetbrains.kotlin.gradle.utils.ProviderApiUtilsKt$providerWithLazyConvention$1: loaded 3 times (x 74B)
Class org.jetbrains.kotlin.konan.target.KonanTarget$Companion$predefinedTargets$2     : loaded 3 times (x 78B)
Class org.jetbrains.kotlin.gradle.plugin.sources.FragmentConsistencyChecks$unstableFeaturesCheck$2: loaded 3 times (x 78B)
Class com.android.build.api.variant.impl.ApplicationVariantImpl                       : loaded 3 times (x 628B)
Class com.android.tools.analytics.AnalyticsSettingsData$Companion                     : loaded 3 times (x 71B)
Class com.android.build.api.attributes.AgpVersionAttr$Impl                            : loaded 3 times (x 88B)
Class com.android.build.gradle.internal.dsl.TestOptions$suites$2$AgpTestSuiteFactory  : loaded 3 times (x 75B)
Class com.android.builder.profile.ThreadRecorder                                      : loaded 3 times (x 76B)
Class org.jetbrains.kotlin.gradle.dsl.KotlinCommonCompilerOptionsDefault              : loaded 3 times (x 96B)
Class org.jetbrains.kotlin.gradle.dsl.KotlinCommonCompilerToolOptionsDefault          : loaded 3 times (x 84B)
Class org.jetbrains.kotlin.gradle.internal.properties.NativePropertiesLoader$isUseXcodeMessageStyleEnabled$1: loaded 3 times (x 75B)
Class org.jetbrains.kotlin.gradle.internal.ClassLoadersCachingBuildService$Companion$registerIfAbsent$2$1: loaded 3 times (x 79B)
Class [Lcom.android.builder.errors.IssueReporter$Type;                                : loaded 3 times (x 69B)
Class com.android.build.api.dsl.BundleCodeTransparency                                : loaded 3 times (x 70B)
Class org.jetbrains.kotlin.gradle.report.BuildReportMode$Companion                    : loaded 3 times (x 71B)
Class org.jetbrains.kotlin.gradle.plugin.VariantImplementationFactories$VariantImplementationFactory: loaded 3 times (x 70B)
Class com.android.build.gradle.internal.dependency.DexingOutputSplitTransformKt$registerTransformWithOutputType$1: loaded 3 times (x 75B)
Class com.android.build.gradle.internal.DependencyConfigurator$configureGeneralTransforms$7$1: loaded 3 times (x 74B)
Class com.android.build.gradle.internal.dependency.AarTransform$Parameters_Decorated  : loaded 3 times (x 141B)
Class com.android.build.gradle.internal.dependency.PlatformAttrTransform              : loaded 3 times (x 78B)
Class com.android.build.gradle.internal.scope.InternalArtifactType$LINT_PARTIAL_RESULTS: loaded 3 times (x 74B)
Class com.android.build.gradle.internal.tasks.DeviceProviderInstrumentTestTask        : loaded 3 times (x 355B)
Class com.android.build.api.variant.impl.LayeredSourceDirectoriesImpl$all$1           : loaded 3 times (x 74B)
Class com.android.build.gradle.internal.tasks.PackageBundleTask                       : loaded 3 times (x 348B)
Class com.android.build.gradle.tasks.PackageAndroidArtifact$CreationAction            : loaded 3 times (x 92B)
Class com.android.build.api.variant.impl.SigningConfigImpl$storePassword$1            : loaded 3 times (x 75B)
Class com.android.build.gradle.internal.tasks.MergeGeneratedProguardFilesCreationAction: loaded 3 times (x 90B)
Class com.android.build.gradle.internal.component.DynamicFeatureCreationConfig        : loaded 3 times (x 70B)
Class com.android.build.api.variant.Sources                                           : loaded 3 times (x 70B)
Class com.android.build.gradle.internal.variant.TestedVariantData                     : loaded 3 times (x 70B)
Class com.android.build.api.dsl.BundleStoreArchive                                    : loaded 3 times (x 70B)
Class com.android.build.gradle.internal.plugins.BasePlugin$createVariantModel$3       : loaded 3 times (x 79B)
Class com.android.build.gradle.internal.attribution.BuildAnalyzerIssueReporter        : loaded 3 times (x 72B)
Class com.android.build.api.variant.impl.DeferredActionManager                        : loaded 3 times (x 72B)
Class com.android.build.gradle.internal.dsl.DataBindingOptions$AgpDecorated           : loaded 3 times (x 112B)
Class com.android.build.gradle.internal.DefaultConfigData                             : loaded 3 times (x 72B)
Class com.android.build.gradle.internal.dsl.VectorDrawablesOptions_Decorated          : loaded 3 times (x 132B)
Class com.android.build.gradle.internal.dsl.decorator.annotation.WithLazyInitialization: loaded 3 times (x 70B)
Class com.android.build.api.dsl.ResourcesPackaging                                    : loaded 3 times (x 70B)
Class com.android.build.gradle.internal.model.CoreNdkBuildOptions                     : loaded 3 times (x 70B)
Class com.android.prefs.PathLocator$singlePathOf$values$2                             : loaded 3 times (x 78B)
Class com.android.build.gradle.internal.services.StringCachingBuildService            : loaded 3 times (x 84B)
Class com.android.build.gradle.internal.errors.AndroidProblemReporterProvider$reporter$1: loaded 3 times (x 74B)
Class com.android.build.gradle.internal.component.ComponentCreationConfig             : loaded 3 times (x 70B)
Class com.android.build.gradle.internal.variant.VariantModel                          : loaded 3 times (x 70B)
Class com.android.build.api.dsl.Ndk                                                   : loaded 3 times (x 70B)
Class com.android.build.gradle.internal.core.dsl.impl.ComponentDslInfoImpl$mergedFlavor$2: loaded 3 times (x 79B)
Class com.android.build.gradle.internal.TaskManager$Companion$createCoreLibraryDesugaringConfig$1: loaded 3 times (x 74B)
Class com.android.build.gradle.internal.dsl.DeviceGroupFactory                        : loaded 3 times (x 75B)
Class com.android.build.gradle.internal.dsl.ExternalNativeBuild$AgpDecorated_Decorated: loaded 3 times (x 144B)
Class com.android.builder.testing.api.DeviceProvider                                  : loaded 3 times (x 77B)
Class com.android.build.gradle.internal.cxx.configure.NativeModelBuilderOutcomeOrBuilder: loaded 3 times (x 70B)
Class com.android.build.gradle.ProguardFiles$ProguardFile                             : loaded 3 times (x 79B)
Class com.android.build.api.artifact.impl.PropertyAdapter                             : loaded 3 times (x 70B)
Class com.android.build.gradle.internal.plugins.DslContainerProvider$lock$2           : loaded 3 times (x 74B)
Class com.android.build.gradle.internal.core.dsl.impl.DslInfoBuilder                  : loaded 3 times (x 72B)
Class com.android.build.gradle.internal.core.InternalBaseVariant$MergedFlavor         : loaded 3 times (x 70B)
Class com.android.build.gradle.internal.TaskManager$Companion                         : loaded 3 times (x 71B)
Class com.android.build.api.variant.TestedComponentPackaging                          : loaded 3 times (x 70B)
Class com.android.build.gradle.internal.component.NestedComponentCreationConfig       : loaded 3 times (x 70B)
Class com.android.build.gradle.tasks.MergeResources$CreationAction$handleProvider$4   : loaded 3 times (x 78B)
Class com.android.build.api.dsl.NdkBuild                                              : loaded 3 times (x 70B)
Class com.android.build.gradle.internal.test.AbstractTestDataImpl$testCoverageEnabled$1: loaded 3 times (x 79B)
Class com.android.build.gradle.internal.attribution.CheckJetifierBuildService$Parameters: loaded 3 times (x 70B)
Class com.android.build.gradle.internal.dependency.DexingOutputSplitTransformKt       : loaded 3 times (x 71B)
Class org.jetbrains.kotlin.gradle.plugin.BuildFinishedListenerService$Companion$registerIfAbsent$1$1$1: loaded 3 times (x 75B)
Class org.jetbrains.kotlin.gradle.internal.properties.PropertiesBuildService          : loaded 3 times (x 76B)
Class org.jetbrains.kotlin.gradle.internal.properties.PropertiesBuildService$Params$Inject_: loaded 3 times (x 106B)
Class org.jetbrains.kotlin.gradle.plugin.GradleUtilsKt                                : loaded 3 times (x 71B)
Class org.jetbrains.kotlin.gradle.dsl.KotlinTargetContainerWithWasmPresetFunctions    : loaded 3 times (x 70B)
Class org.jetbrains.kotlin.gradle.internal.IdeaKt$isInIdeaEnvironment$2               : loaded 3 times (x 74B)
Class com.android.build.gradle.internal.tasks.PackageForHostTest$CreationAction$handleProvider$1: loaded 3 times (x 127B)
Class [Lorg.jetbrains.kotlin.gradle.plugin.mpp.compilationImpl.DefaultKotlinCompilationFriendPathsResolver$FriendArtifactResolver;: loaded 3 times (x 69B)
Class com.android.build.gradle.tasks.ZipMergingTask_Decorated                         : loaded 3 times (x 377B)
Class com.android.build.gradle.internal.scope.InternalArtifactType$GLOBAL_SYNTHETICS_EXTERNAL_LIBS_ARTIFACT_TRANSFORM: loaded 3 times (x 74B)
Class com.android.build.api.variant.impl.TestedComponentPackagingImpl                 : loaded 3 times (x 83B)
Class com.android.build.gradle.internal.tasks.BundleLibraryClassesInputs              : loaded 3 times (x 70B)
Class com.android.build.api.variant.impl.LibraryVariantBuilderImpl_Decorated          : loaded 3 times (x 234B)
Class org.jetbrains.kotlin.gradle.plugin.mpp.compilationImpl.KotlinCompilationCompilerOptionsFromTargetConfigurator: loaded 3 times (x 74B)
Class org.jetbrains.kotlin.gradle.tasks.configuration.BaseKotlinCompileConfig$configureCommonParameters$2: loaded 3 times (x 75B)
Class org.jetbrains.kotlin.compilerRunner.CompilerSystemPropertiesService             : loaded 3 times (x 80B)
Class org.jetbrains.kotlin.gradle.plugin.mpp.compilationImpl.KotlinCompilationImpl$1  : loaded 3 times (x 79B)
Class org.jetbrains.kotlin.gradle.plugin.mpp.compilationImpl.factory.KotlinJvmCompilerOptionsFactory: loaded 3 times (x 74B)
Class com.android.build.gradle.tasks.GenerateTestConfig                               : loaded 3 times (x 326B)
Class org.jetbrains.kotlin.compose.compiler.gradle.ComposeCompilerGradleSubplugin$applyToCompilation$allPluginProperties$1$8: loaded 3 times (x 76B)
Class com.android.build.gradle.internal.core.dsl.impl.LibraryVariantDslInfoImpl$isAndroidTestMultiDexEnabled$2$3: loaded 3 times (x 79B)
Class org.jetbrains.kotlin.konan.target.KonanTarget$LINUX_X64                         : loaded 3 times (x 78B)
Class [Lorg.jetbrains.kotlin.konan.target.Architecture;                               : loaded 3 times (x 69B)
Class com.android.build.api.component.impl.features.OptimizationCreationConfigImpl$proguardFiles$2$1: loaded 3 times (x 79B)
Class com.android.build.gradle.tasks.MergeResources$CreationAction$configure$1        : loaded 3 times (x 75B)
Class org.jetbrains.kotlin.gradle.plugin.mpp.KotlinUsages$KotlinCinteropCompatibility : loaded 3 times (x 77B)
Class org.jetbrains.kotlin.gradle.plugin.mpp.KotlinUsages$KotlinUsagesCompatibility   : loaded 3 times (x 76B)
Class org.jetbrains.kotlin.gradle.dsl.ExplicitApiMode                                 : loaded 3 times (x 79B)
Class org.jetbrains.kotlin.gradle.plugin.VariantImplementationFactories$Parameters$Inject_: loaded 3 times (x 106B)
Class org.jetbrains.kotlin.gradle.plugin.VariantImplementationFactories$Companion     : loaded 3 times (x 71B)
Class org.jetbrains.kotlin.gradle.plugin.internal.CustomPropertiesFileValueSource$Parameters_Decorated: loaded 3 times (x 130B)
Class com.android.build.gradle.internal.scope.InternalArtifactType$TEST_FIXTURES_LINT_MODEL: loaded 3 times (x 74B)
Class org.jetbrains.kotlin.gradle.dsl.KotlinTopLevelExtensionConfig                   : loaded 3 times (x 70B)
Class com.android.build.gradle.internal.scope.BootClasspathBuilder                    : loaded 3 times (x 71B)
Class org.gradle.api.Action                                                           : loaded 3 times (x 70B)
Class com.android.build.api.variant.impl.SourcesImpl$manifestOverlayFiles$1           : loaded 3 times (x 74B)
Class com.android.build.api.artifact.SingleArtifact$METADATA_LIBRARY_DEPENDENCIES_REPORT: loaded 3 times (x 74B)
Class com.android.build.gradle.internal.tasks.FinalizeBundleTask$CreationAction$handleProvider$1: loaded 3 times (x 127B)
Class com.android.build.gradle.internal.tasks.SigningConfigVersionsWriterTask         : loaded 3 times (x 332B)
Class com.android.build.gradle.internal.tasks.featuresplit.PackagedDependenciesWriterTask$CreationAction$handleProvider$1: loaded 3 times (x 127B)
Class com.android.build.gradle.internal.scope.InternalArtifactType$MIXED_SCOPE_DEX_ARCHIVE: loaded 3 times (x 74B)
Class com.android.build.gradle.internal.tasks.MergeJavaResourceTask$CreationAction$handleProvider$1: loaded 3 times (x 127B)
Class com.android.build.gradle.internal.scope.InternalArtifactType$MANIFEST_MERGE_REPORT: loaded 3 times (x 74B)
Class com.android.build.gradle.internal.tasks.PrepareLintJarForPublish$CreationAction : loaded 3 times (x 90B)
Class com.android.build.gradle.internal.tasks.CheckMultiApkLibrariesTask$CreationAction: loaded 3 times (x 90B)
Class android.databinding.tool.DataBindingBuilder                                     : loaded 3 times (x 79B)
Class com.android.build.gradle.internal.component.InstrumentedTestCreationConfig      : loaded 3 times (x 70B)
Class org.gradle.internal.Cast                                                        : loaded 3 times (x 71B)
Class com.android.build.api.component.impl.ComponentImpl$builtInKotlinSupportMode$2   : loaded 3 times (x 79B)
Class com.android.build.gradle.internal.publishing.AarOrJarTypeToConsume              : loaded 3 times (x 72B)
Class com.android.build.api.dsl.BundleAiModelVersion                                  : loaded 3 times (x 70B)
Class com.android.build.gradle.internal.plugins.BasePlugin$createVariantModel$4       : loaded 3 times (x 79B)
Class com.android.build.api.variant.VariantFilter                                     : loaded 3 times (x 70B)
Class com.android.build.gradle.internal.tasks.factory.BootClasspathConfigImpl$bootClasspath$2: loaded 3 times (x 79B)
Class com.android.build.gradle.internal.dsl.ExternalNativeBuild$AgpDecorated          : loaded 3 times (x 96B)
Class com.android.build.gradle.internal.dsl.ResourcesPackagingImpl$AgpDecorated       : loaded 3 times (x 86B)
Class [Lcom.android.builder.model.TestOptions$Execution;                              : loaded 3 times (x 69B)
Class com.android.build.gradle.internal.dsl.LintOptions                               : loaded 3 times (x 201B)
Class com.android.build.gradle.internal.api.DefaultAndroidSourceDirectorySet$directories$1: loaded 3 times (x 143B)
Class com.android.build.api.dsl.Cmake                                                 : loaded 3 times (x 70B)
Class com.android.build.api.dsl.AarMetadata                                           : loaded 3 times (x 70B)
Class com.android.build.gradle.internal.dsl.decorator.SupportedPropertyType$Var$File  : loaded 3 times (x 74B)
Class com.google.protobuf.UnknownFieldSet$Parser                                      : loaded 3 times (x 150B)
Class com.android.build.gradle.internal.dependency.GenericTransformParameters_Decorated: loaded 3 times (x 130B)
Class com.android.build.api.dsl.TestBaseFlavor                                        : loaded 3 times (x 70B)
Class com.google.common.collect.AbstractBiMap                                         : loaded 3 times (x 159B)
Class com.android.build.api.dsl.LibraryBuildType                                      : loaded 3 times (x 70B)
Class [Lcom.android.build.gradle.options.SyncOptions$ErrorFormatMode;                 : loaded 3 times (x 69B)
Class com.android.build.api.dsl.VariantDimension                                      : loaded 3 times (x 70B)
Class [Lcom.android.build.gradle.options.HasFutureStage;                              : loaded 3 times (x 69B)
Class com.android.build.gradle.internal.utils.GradlePluginUtils                       : loaded 3 times (x 71B)
Class org.gradle.tooling.model.idea.IdeaDependency                                    : loaded 3 times (x 70B)
Class org.jetbrains.kotlin.cli.common.arguments.K2JVMCompilerArgumentsConfigurator    : loaded 3 times (x 74B)
Class com.android.build.api.variant.AndroidComponentsExtension                        : loaded 3 times (x 70B)
Class com.android.builder.model.v2.dsl.SigningConfig                                  : loaded 3 times (x 70B)
Class com.android.build.gradle.internal.plugins.AppPlugin$3                           : loaded 3 times (x 86B)
Class com.android.build.gradle.internal.plugins.AndroidPluginBaseServices$optionService$2: loaded 3 times (x 79B)
Class com.android.prefs.AndroidLocationsException                                     : loaded 3 times (x 82B)
Class com.google.common.base.Converter$FunctionBasedConverter                         : loaded 3 times (x 90B)
Class com.google.protobuf.ExtensionRegistryLite                                       : loaded 3 times (x 74B)
Class com.android.prefs.AbstractAndroidLocations                                      : loaded 3 times (x 82B)
Class com.android.build.gradle.internal.dependency.SourceSetManager                   : loaded 3 times (x 72B)
Class com.android.builder.model.v2.models.AndroidProject                              : loaded 3 times (x 70B)
Class com.google.protobuf.CodedInputStream                                            : loaded 3 times (x 119B)
Class com.google.common.util.concurrent.AbstractFuture$Waiter                         : loaded 3 times (x 72B)
Class com.android.build.gradle.internal.api.DefaultAndroidSourceSet                   : loaded 3 times (x 230B)
Class com.android.build.gradle.internal.dsl.LintImpl$AgpDecorated                     : loaded 3 times (x 223B)
Class com.android.builder.core.DexOptions                                             : loaded 3 times (x 70B)
Class com.android.build.gradle.internal.tasks.factory.TaskFactory                     : loaded 3 times (x 70B)
Class com.android.build.gradle.internal.dsl.ValidationUtilKt                          : loaded 3 times (x 71B)
Class com.android.build.gradle.internal.plugins.DslContainerProvider$lock$1           : loaded 3 times (x 74B)
Class com.android.build.gradle.internal.core.dsl.impl.VariantDslInfoImpl$applicationId$2: loaded 3 times (x 79B)
Class com.android.build.api.variant.DependenciesInfoBuilder                           : loaded 3 times (x 70B)
Class org.jetbrains.kotlin.gradle.plugin.DefaultKotlinBasePlugin                      : loaded 3 times (x 82B)
Class com.android.build.gradle.internal.attributes.VariantAttr$ImplFactory            : loaded 3 times (x 75B)
Class com.android.build.gradle.internal.UsesSdkComponentsBuildService                 : loaded 3 times (x 70B)
Class com.android.build.gradle.tasks.MergeResources$CreationAction$handleProvider$3   : loaded 3 times (x 78B)
Class com.android.build.gradle.internal.scope.InternalArtifactType$NAVIGATION_JSON_FOR_AAR: loaded 3 times (x 74B)
Class com.android.build.api.variant.impl.ResourcesApkPackagingImpl$excludes$1         : loaded 3 times (x 75B)
Class org.jetbrains.kotlin.gradle.plugin.mpp.compilationImpl.KotlinCompilationImpl$2  : loaded 3 times (x 79B)
Class com.android.build.gradle.internal.scope.Java8LangSupport                        : loaded 3 times (x 79B)
Class com.android.build.gradle.internal.dependency.SubtractingArtifactCollection$SubtractingArtifactResult$artifactResults$1: loaded 3 times (x 79B)
Class com.android.build.gradle.internal.utils.D8BackportedMethodsGenerator$Parameters : loaded 3 times (x 70B)
Class com.android.build.gradle.internal.ApiObjectFactory                              : loaded 3 times (x 73B)
Class com.android.build.gradle.internal.api.BaseVariantOutputImpl                     : loaded 3 times (x 112B)
Class org.jetbrains.kotlin.gradle.dsl.KotlinJvmCompilerOptionsDefault                 : loaded 3 times (x 108B)
Class org.jetbrains.kotlin.gradle.internal.UsesClassLoadersCachingBuildService        : loaded 3 times (x 70B)
Class com.android.build.api.component.impl.OldVariantApiLegacySupportImpl$getVariantOutputs$1: loaded 3 times (x 75B)
Class com.android.build.gradle.internal.TaskManager$configureTestData$1               : loaded 3 times (x 127B)
Class com.android.build.api.variant.impl.FlatSourceDirectoriesForJavaImpl             : loaded 3 times (x 93B)
Class com.android.build.gradle.internal.scope.InternalArtifactType$STRIPPED_NATIVE_LIBS: loaded 3 times (x 74B)
Class org.jetbrains.kotlin.gradle.utils.SingleActionPerProject                        : loaded 3 times (x 73B)
Class com.android.build.api.artifact.SingleArtifact$MERGED_NATIVE_LIBS                : loaded 3 times (x 74B)
Class com.android.build.gradle.tasks.MapSourceSetPathsTask$CreateAction$handleProvider$1: loaded 3 times (x 127B)
Class com.android.build.gradle.internal.tasks.CheckManifest                           : loaded 3 times (x 326B)
Class com.android.build.gradle.internal.core.dsl.impl.features.NativeBuildDslInfoImpl : loaded 3 times (x 81B)
Class com.android.build.api.variant.TestedApkPackaging                                : loaded 3 times (x 70B)
Class com.google.wireless.android.sdk.stats.GradleBuildProfileSpan                    : loaded 3 times (x 216B)
Class com.android.build.api.variant.impl.ApplicationVariantBuilderImpl_Decorated      : loaded 3 times (x 269B)
Class com.android.build.gradle.internal.plugins.BasePlugin$createVariantModel$5       : loaded 3 times (x 79B)
Class com.android.build.gradle.internal.dsl.decorator.LockableList                    : loaded 3 times (x 208B)
Class com.android.build.gradle.internal.dsl.decorator.SupportedPropertyType$Var$Int   : loaded 3 times (x 74B)
Class com.android.build.gradle.internal.dsl.decorator.SupportedPropertyType$Var$NullableBoolean: loaded 3 times (x 74B)
Class com.android.builder.model.ProductFlavor                                         : loaded 3 times (x 70B)
Class com.android.build.gradle.internal.services.ConfigPhaseFileCreator$Params        : loaded 3 times (x 70B)
Class com.android.tools.analytics.HostData$classLoadingBean$2                         : loaded 3 times (x 78B)
Class org.jetbrains.kotlin.gradle.dsl.DefaultToolchainSupport$wireToolchainToTasks$1$1: loaded 3 times (x 75B)
Class com.google.protobuf.MessageLite                                                 : loaded 3 times (x 70B)
Class com.android.build.gradle.internal.core.dsl.PublishableComponentDslInfo          : loaded 3 times (x 70B)
Class com.android.build.gradle.TestedAndroidConfig                                    : loaded 3 times (x 70B)
Class [Lorg.jetbrains.kotlin.tooling.core.HasExtras;                                  : loaded 3 times (x 69B)
Class org.jetbrains.kotlin.gradle.internal.IdeaKt$isInIdeaEnvironment$1               : loaded 3 times (x 74B)
Class org.jetbrains.kotlin.gradle.plugin.mpp.compilationImpl.DefaultKotlinCompilationPostConfigureKt: loaded 3 times (x 71B)
Class org.jetbrains.kotlin.gradle.plugin.mpp.compilationImpl.factory.ConfigurationNaming: loaded 3 times (x 70B)
Class org.jetbrains.kotlin.gradle.tasks.configuration.BaseKotlinCompileConfig$configureCommonParameters$1: loaded 3 times (x 74B)
Class org.jetbrains.kotlin.compose.compiler.gradle.ComposeCompilerGradleSubplugin$applyToCompilation$allPluginProperties$1$7: loaded 3 times (x 74B)
Class com.android.build.gradle.internal.core.dsl.impl.LibraryVariantDslInfoImpl$isAndroidTestMultiDexEnabled$2$2: loaded 3 times (x 78B)
Class com.android.build.gradle.internal.tasks.ProcessJavaResTaskKt$getProjectJavaRes$1: loaded 3 times (x 75B)
Class com.android.build.gradle.internal.DependencyResourcesComputer_Decorated         : loaded 3 times (x 141B)
Class [Lcom.android.builder.model.v2.ide.AaptOptions$Namespacing;                     : loaded 3 times (x 69B)
Class org.gradle.tooling.internal.adapter.ProtocolToModelAdapter$ViewGraphDetails$1   : loaded 3 times (x 77B)
Class com.android.build.gradle.internal.dsl.InternalTestedExtension                   : loaded 3 times (x 70B)
Class com.android.build.gradle.internal.plugins.AppPlugin$2                           : loaded 3 times (x 86B)
Class com.android.build.gradle.internal.errors.SyncIssueReporter                      : loaded 3 times (x 76B)
Class com.android.build.gradle.options.SyncOptions$ErrorFormatMode                    : loaded 3 times (x 79B)
Class com.android.build.gradle.internal.res.Aapt2FromMaven$Companion$DefaultAapt2Version$BUILD_NUMBER$2: loaded 3 times (x 78B)
Class org.gradle.tooling.internal.adapter.MethodInvoker                               : loaded 3 times (x 70B)
Class com.android.tools.analytics.HostData$memoryBean$2                               : loaded 3 times (x 78B)
Class com.android.build.gradle.internal.services.Aapt2ThreadPoolBuildServiceKt        : loaded 3 times (x 71B)
Class com.android.build.gradle.internal.dsl.PrivacySandboxImpl                        : loaded 3 times (x 78B)
Class com.google.common.collect.LexicographicalOrdering                               : loaded 3 times (x 115B)
Class com.android.build.gradle.internal.variant.LegacyVariantInputManager$6           : loaded 3 times (x 74B)
Class com.android.build.gradle.internal.api.TestedVariant                             : loaded 3 times (x 70B)
Class com.android.build.gradle.internal.ide.v2.ModelBuilder$Companion                 : loaded 3 times (x 71B)
Class com.android.build.gradle.internal.lint.AndroidLintGlobalTask$UpdateBaselineCreationAction: loaded 3 times (x 91B)
Class com.android.build.gradle.internal.plugins.BasePlugin$createAndroidTasks$3       : loaded 3 times (x 79B)
Class com.android.build.gradle.tasks.BundleAar$1                                      : loaded 3 times (x 74B)
Class com.android.build.api.variant.GeneratesTestApkBuilder                           : loaded 3 times (x 70B)
Class com.android.build.gradle.internal.scope.InternalArtifactType$MERGED_CONSUMER_PROGUARD_FILE: loaded 3 times (x 74B)
Class com.android.build.gradle.internal.core.dsl.impl.VariantDslInfoImpl$initApplicationId$1: loaded 3 times (x 75B)
Class com.android.build.api.component.impl.DeviceTestImpl$signingConfig$2             : loaded 3 times (x 79B)
Class org.jetbrains.kotlin.gradle.tasks.KotlinCompile                                 : loaded 3 times (x 499B)
Class com.android.build.api.component.impl.DeviceTestImpl$renderscript$2              : loaded 3 times (x 79B)
Class org.jetbrains.kotlin.konan.target.KonanTarget$MINGW_X64                         : loaded 3 times (x 78B)
Class com.android.build.api.component.impl.HostTestImpl$buildConfigCreationConfig$2   : loaded 3 times (x 79B)
Class org.jetbrains.kotlin.gradle.utils.ObservableSet                                 : loaded 3 times (x 70B)
Class org.jetbrains.kotlin.gradle.plugin.diagnostics.KotlinToolingDiagnosticsCollectorKt: loaded 3 times (x 71B)
Class org.jetbrains.kotlin.gradle.plugin.mpp.HierarchyAttributeContainer              : loaded 3 times (x 85B)
Class org.jetbrains.kotlin.gradle.tasks.UsesKotlinJavaToolchain                       : loaded 3 times (x 70B)
Class org.jetbrains.kotlin.gradle.plugin.DefaultKotlinBasePlugin$apply$1              : loaded 3 times (x 75B)
Class com.android.build.gradle.internal.plugins.AndroidPluginBaseServices             : loaded 3 times (x 78B)
Class org.jetbrains.kotlin.gradle.internal.properties.PropertiesBuildService$Params_Decorated: loaded 3 times (x 130B)
Class com.android.builder.dexing.DependencyGraphUpdater                               : loaded 3 times (x 70B)
Class com.android.build.gradle.tasks.AnalyzeDependenciesTask$CreationAction           : loaded 3 times (x 90B)
Class com.android.build.gradle.internal.tasks.DexMergingAction                        : loaded 3 times (x 79B)
Class com.android.build.gradle.internal.tasks.DeviceProviderInstrumentTestTask$CreationAction: loaded 3 times (x 91B)
Class [Lcom.android.build.api.variant.impl.DirectoryEntry;                            : loaded 3 times (x 69B)
Class com.android.build.gradle.internal.scope.InternalArtifactType$APKS_FROM_BUNDLE   : loaded 3 times (x 74B)
Class com.android.build.gradle.internal.tasks.MergeStartupProfileTask$CreationAction  : loaded 3 times (x 90B)
Class com.android.build.gradle.internal.tasks.ApkZipPackagingTask$CreationAction$handleProvider$1: loaded 3 times (x 127B)
Class com.android.build.gradle.tasks.PackageAndroidArtifact                           : loaded 3 times (x 364B)
Class com.android.build.gradle.internal.scope.InternalArtifactType$PACKAGED_RES       : loaded 3 times (x 74B)
Class com.android.build.gradle.internal.component.HostTestCreationConfig              : loaded 3 times (x 70B)
Class com.android.build.gradle.internal.component.TestCreationConfig                  : loaded 3 times (x 70B)
Class com.android.build.api.attributes.BuildTypeAttr                                  : loaded 3 times (x 70B)
Class com.android.build.gradle.internal.core.dsl.impl.features.OptimizationDslInfoImpl$postProcessingOptions$2: loaded 3 times (x 79B)
Class com.android.build.api.variant.impl.DeviceTestBuilderImpl                        : loaded 3 times (x 102B)
Class com.android.build.api.variant.impl.MutableAndroidVersion                        : loaded 3 times (x 76B)
Class com.android.build.gradle.internal.scope.BuildFeatureValuesImpl                  : loaded 3 times (x 100B)
Class com.android.build.gradle.internal.dsl.CompileSdkVersionImpl                     : loaded 3 times (x 80B)
Class com.android.build.gradle.internal.tasks.factory.GlobalTaskNames                 : loaded 3 times (x 70B)
Class com.android.build.api.artifact.impl.ArtifactsImpl$2$1                           : loaded 3 times (x 80B)
Class com.android.build.api.dsl.PublishingOptions                                     : loaded 3 times (x 70B)
Class com.android.build.gradle.internal.dsl.ExternalNativeCmakeOptions                : loaded 3 times (x 108B)
Class com.android.build.gradle.internal.ClasspathVerifier                             : loaded 3 times (x 71B)
Class com.google.common.util.concurrent.AbstractFuture$AtomicHelper                   : loaded 3 times (x 78B)
Class com.android.build.gradle.internal.dsl.NdkBuildOptions                           : loaded 3 times (x 92B)
Class com.android.build.gradle.internal.dsl.DataBindingOptions                        : loaded 3 times (x 108B)
Class com.android.build.gradle.internal.services.AndroidLocationsBuildService$AndroidDirectoryCreator: loaded 3 times (x 80B)
Class com.google.gson.internal.JsonReaderInternalAccess                               : loaded 3 times (x 72B)
Class com.android.build.gradle.internal.res.Aapt2FromMaven$Companion$create$1         : loaded 3 times (x 75B)
Class com.android.sdklib.AndroidApiLevel$Companion                                    : loaded 3 times (x 71B)
Class com.android.build.gradle.options.Option$Status                                  : loaded 3 times (x 71B)
Class com.android.prefs.AndroidLocationsProvider                                      : loaded 3 times (x 70B)
Class com.android.build.api.variant.ApplicationVariant                                : loaded 3 times (x 70B)
Class com.android.build.gradle.internal.tasks.ApplicationTaskManager$doCreateTasksForVariant$r8DexStartupOptimizationEnabled$1: loaded 3 times (x 74B)
Class com.android.build.gradle.internal.tasks.BundleToApkTask                         : loaded 3 times (x 330B)
Class com.android.build.gradle.internal.tasks.MergeNativeDebugMetadataTask            : loaded 3 times (x 327B)
Class com.android.build.gradle.tasks.MergeResources$CreationAction$handleProvider$2   : loaded 3 times (x 78B)
Class com.android.build.gradle.internal.tasks.R8Task$CreationAction$handleProvider$5  : loaded 3 times (x 78B)
Class com.android.build.gradle.internal.tasks.CheckJetifierTask$CreationAction        : loaded 3 times (x 90B)
Class com.android.build.gradle.internal.cxx.logging.ThreadLoggingEnvironment          : loaded 3 times (x 82B)
Class com.android.build.gradle.internal.dependency.MockableJarTransform               : loaded 3 times (x 78B)
Class com.android.build.gradle.internal.utils.DesugarLibUtils$registerDesugarLibConfigExtractorTransformIfAbsent$1: loaded 3 times (x 74B)
Class com.android.build.gradle.internal.dependency.DexingRegistration$ComponentSpecificParameters$Companion: loaded 3 times (x 71B)
Class org.jetbrains.kotlin.cli.common.arguments.Freezable                             : loaded 3 times (x 72B)
Class com.android.build.gradle.internal.dependency.DesugarGraph                       : loaded 3 times (x 75B)
Class com.android.build.gradle.internal.dependency.ModelArtifactCompatibilityRule     : loaded 3 times (x 76B)
Class com.android.build.gradle.internal.api.AndroidArtifactVariantImpl                : loaded 3 times (x 230B)
Class org.jetbrains.kotlin.gradle.plugin.KotlinSourceSetContainer                     : loaded 3 times (x 70B)
Class com.android.build.gradle.internal.scope.BuildArtifactType                       : loaded 3 times (x 74B)
Class org.jetbrains.kotlin.gradle.utils.StoredPropertyStorage                         : loaded 3 times (x 72B)
Class org.jetbrains.kotlin.gradle.targets.js.dsl.KotlinWasmSubTargetContainerDsl      : loaded 3 times (x 70B)
Class org.jetbrains.kotlin.gradle.plugin.internal.BuildIdService$Companion            : loaded 3 times (x 71B)
Class org.jetbrains.kotlin.compose.compiler.gradle.ComposeCompilerGradleSubplugin$applyToCompilation$allPluginProperties$1$6: loaded 3 times (x 74B)
Class com.android.build.gradle.internal.core.dsl.impl.LibraryVariantDslInfoImpl$isAndroidTestMultiDexEnabled$2$1: loaded 3 times (x 78B)
Class com.android.build.gradle.internal.scope.InternalArtifactType$ANNOTATIONS_TYPEDEF_FILE: loaded 3 times (x 74B)
Class com.android.build.gradle.tasks.ProcessLibraryArtProfileTask_Decorated           : loaded 3 times (x 377B)
Class com.android.ide.common.resources.FileValidity                                   : loaded 3 times (x 76B)
Class [Lcom.google.gson.ReflectionAccessFilter$FilterResult;                          : loaded 3 times (x 69B)
Class com.google.common.collect.ImmutableMultisetGwtSerializationDependencies         : loaded 3 times (x 125B)
Class org.gradle.tooling.internal.adapter.ProtocolToModelAdapter$DefaultViewBuilder   : loaded 3 times (x 80B)
Class com.android.build.gradle.internal.plugins.AppPlugin$1                           : loaded 3 times (x 86B)
Class com.android.build.gradle.internal.plugins.BasePlugin$versionedSdkLoaderService$2: loaded 3 times (x 79B)
Class com.android.build.gradle.options.Version                                        : loaded 3 times (x 80B)
Class com.android.build.gradle.internal.plugins.BasePlugin$dslServices$2              : loaded 3 times (x 79B)
Class com.android.build.gradle.internal.errors.AndroidProblemReporterProvider$Parameters$Inject_: loaded 3 times (x 106B)
Class com.android.build.gradle.tasks.BundleAar$2                                      : loaded 3 times (x 74B)
Class com.android.build.gradle.internal.scope.InternalMultipleArtifactType$EXTERNAL_LIBS_DEX: loaded 3 times (x 74B)
Class com.android.build.gradle.internal.scope.InternalArtifactType$AIDL_SOURCE_OUTPUT_DIR: loaded 3 times (x 74B)
Class com.android.build.api.variant.ScopedArtifactsOperation                          : loaded 3 times (x 70B)
Class com.android.tools.analytics.CommonMetricsData$GarbageCollectionStatsDiffs       : loaded 3 times (x 71B)
Class com.android.build.gradle.internal.tasks.BundleLibraryClassesDir$CreationAction  : loaded 3 times (x 90B)
Class org.jetbrains.kotlin.gradle.incremental.UsesIncrementalModuleInfoBuildService   : loaded 3 times (x 70B)
Class com.android.build.gradle.internal.errors.AndroidProblemReporterProvider$Inject_ : loaded 3 times (x 96B)
Class com.android.build.api.dsl.LibraryDefaultConfig                                  : loaded 3 times (x 70B)
Class com.android.build.api.dsl.Split                                                 : loaded 3 times (x 70B)
Class com.android.build.gradle.api.ViewBindingOptions                                 : loaded 3 times (x 70B)
Class com.google.protobuf.MapField                                                    : loaded 3 times (x 89B)
Class org.jetbrains.kotlin.gradle.utils.CompilerOptionsKt$configureExperimentalTryNext$1$1: loaded 3 times (x 78B)
Class org.jetbrains.kotlin.gradle.utils.CompilerOptionsKt                             : loaded 3 times (x 71B)
Class org.jetbrains.kotlin.gradle.plugin.PropertiesProvider$Companion                 : loaded 3 times (x 71B)
Class org.jetbrains.kotlin.gradle.utils.SingleAction                                  : loaded 3 times (x 73B)
Class com.android.build.gradle.internal.scope.BuildArtifactSpec$Companion             : loaded 3 times (x 71B)
Class com.android.build.gradle.internal.dependency.ExtractJniTransform                : loaded 3 times (x 78B)
Class com.android.builder.profile.NameAnonymizer                                      : loaded 3 times (x 72B)
Class com.android.build.gradle.internal.variant.LegacyVariantInputManager$5           : loaded 3 times (x 75B)
Class com.android.build.gradle.internal.scope.InternalArtifactType$SHRUNK_RESOURCES_PROTO_FORMAT: loaded 3 times (x 74B)
Class com.android.build.gradle.tasks.JavaCompileCreationAction$handleProvider$1       : loaded 3 times (x 78B)
Class com.android.build.api.component.impl.DeviceTestImpl$androidResources$2          : loaded 3 times (x 79B)
Class com.android.build.api.variant.impl.ApplicationVariantImpl$dependenciesInfo$2    : loaded 3 times (x 79B)
Class com.android.build.gradle.internal.dsl.TestOptions_Decorated                     : loaded 3 times (x 171B)
Class com.android.build.api.dsl.Device                                                : loaded 3 times (x 70B)
Class com.google.protobuf.CodedInputStream$UnsafeDirectNioDecoder                     : loaded 3 times (x 120B)
Class com.android.build.gradle.internal.dsl.VectorDrawablesOptions                    : loaded 3 times (x 87B)
Class com.google.wireless.android.sdk.stats.JavaProcessStats$Builder                  : loaded 3 times (x 307B)
Class com.android.build.api.dsl.DynamicFeatureVariantDimension                        : loaded 3 times (x 70B)
Class com.google.wireless.android.sdk.stats.GradleBuildVariant$Builder                : loaded 3 times (x 382B)
Class [Lcom.google.common.base.CaseFormat;                                            : loaded 3 times (x 69B)
Class com.android.build.gradle.internal.profile.NoOpAnalyticsService$RegistrationAction: loaded 3 times (x 74B)
Class com.android.build.gradle.internal.dsl.decorator.SupportedPropertyType$Collection$Set: loaded 3 times (x 74B)
Class com.android.build.gradle.internal.dsl.ConsumerKeepRulesImpl                     : loaded 3 times (x 92B)
Class com.android.build.gradle.internal.errors.AndroidProblemReporterProvider         : loaded 3 times (x 76B)
Class com.android.build.gradle.internal.dsl.VcsInfoImpl                               : loaded 3 times (x 77B)
Class com.android.build.gradle.internal.tasks.factory.BootClasspathConfigImpl         : loaded 3 times (x 79B)
Class com.android.build.gradle.internal.tasks.factory.GlobalTaskCreationConfig        : loaded 3 times (x 70B)
Class com.android.build.gradle.internal.tasks.factory.BootClasspathConfig             : loaded 3 times (x 70B)
Class com.android.build.gradle.internal.dsl.EmulatorControl                           : loaded 3 times (x 83B)
Class com.android.build.gradle.internal.dsl.BundleOptionsDeviceGroup$AgpDecorated     : loaded 3 times (x 85B)
Class org.gradle.tooling.model.Model                                                  : loaded 3 times (x 70B)
Class com.android.build.gradle.internal.tasks.factory.BootClasspathConfigImpl$fullBootClasspath$2: loaded 3 times (x 79B)
Class com.android.build.api.variant.Aidl                                              : loaded 3 times (x 70B)
Class com.android.build.api.variant.GeneratesAar                                      : loaded 3 times (x 70B)
Class com.android.build.api.variant.impl.ApplicationVariantImpl$targetSdk$2           : loaded 3 times (x 79B)
Class com.android.build.gradle.internal.variant.VariantComponentInfo                  : loaded 3 times (x 72B)
Class com.android.builder.model.v2.ide.Variant                                        : loaded 3 times (x 70B)
Class com.android.build.gradle.internal.core.dsl.impl.SigningConfigResolver$Companion : loaded 3 times (x 71B)
Class com.android.build.gradle.tasks.MergeResources$CreationAction                    : loaded 3 times (x 94B)
Class com.android.build.gradle.tasks.MergeResources$CreationAction$handleProvider$1   : loaded 3 times (x 78B)
Class com.android.build.gradle.internal.tasks.CheckAarMetadataTask$CreationAction     : loaded 3 times (x 90B)
Class com.android.build.gradle.internal.scope.InternalArtifactType$LOCAL_ONLY_SYMBOL_LIST: loaded 3 times (x 74B)
Class com.android.build.gradle.internal.dependency.ShrinkerVersion                    : loaded 3 times (x 75B)
Class com.android.build.gradle.internal.tasks.R8Task$CreationAction$handleProvider$4  : loaded 3 times (x 127B)
Class com.android.build.gradle.internal.tasks.R8Task$CreationAction$handleProvider$13 : loaded 3 times (x 127B)
Class com.android.build.gradle.internal.tasks.ExpandArtProfileWildcardsTask$CreationAction$handleProvider$1: loaded 3 times (x 127B)
Class com.android.build.gradle.internal.SdkComponentsBuildService$VersionedSdkLoader  : loaded 3 times (x 72B)
Class org.jetbrains.kotlin.gradle.plugin.VariantImplementationFactoriesConfigurator$Companion: loaded 3 times (x 71B)
Class org.jetbrains.kotlin.gradle.plugin.internal.DefaultJavaExecTaskParametersCompatibility$Factory: loaded 3 times (x 76B)
Class org.jetbrains.kotlin.gradle.internal.ClassLoadersCachingBuildService            : loaded 3 times (x 76B)
Class org.jetbrains.kotlin.gradle.dsl.JvmTarget                                       : loaded 3 times (x 79B)
Class org.jetbrains.kotlin.gradle.plugin.diagnostics.ToolingDiagnostic$Severity       : loaded 3 times (x 79B)
Class org.jetbrains.kotlin.gradle.tasks.configuration.TaskConfigAction$configureTask$1: loaded 3 times (x 79B)
Class com.android.build.gradle.internal.tasks.AarMetadataTask$Companion               : loaded 3 times (x 71B)
Class com.android.build.gradle.internal.VariantTaskManager$configureKotlinPluginTasksIfNecessary$2: loaded 3 times (x 79B)
Class org.jetbrains.kotlin.compose.compiler.gradle.ComposeCompilerGradleSubplugin$applyToCompilation$allPluginProperties$1$5: loaded 3 times (x 74B)
Class com.android.build.api.variant.CanProduceConsumerProguardFiles                   : loaded 3 times (x 70B)
Class com.android.build.gradle.LibraryPluginKt                                        : loaded 3 times (x 71B)
Class com.android.build.gradle.internal.core.dsl.impl.LibraryVariantDslInfoImpl$isAndroidTestMultiDexEnabled$2: loaded 3 times (x 79B)
Class com.android.build.api.variant.impl.JniLibsTestedComponentPackagingImpl          : loaded 3 times (x 83B)
Class com.android.build.gradle.internal.variant.BaseVariantData$getGeneratedBytecode$1: loaded 3 times (x 74B)
Class org.jetbrains.kotlin.tooling.core.ExtrasPropertyKt$extrasLazyProperty$1         : loaded 3 times (x 94B)
Class com.android.build.api.variant.Component                                         : loaded 3 times (x 70B)
Class com.android.build.gradle.internal.crash.CrashReporting                          : loaded 3 times (x 71B)
Class com.android.build.gradle.options.ApiStage$Stable                                : loaded 3 times (x 72B)
Class org.jetbrains.kotlin.gradle.plugin.diagnostics.UsesKotlinToolingDiagnostics     : loaded 3 times (x 70B)
Class com.android.build.gradle.internal.dsl.CompileSdkSpecImpl                        : loaded 3 times (x 86B)
Class org.jetbrains.kotlin.gradle.utils.ForEachAndroidVariantKt                       : loaded 3 times (x 71B)
Class com.android.build.gradle.internal.dsl.CoreExternalNativeCmakeOptions            : loaded 3 times (x 70B)
Class com.android.build.gradle.internal.errors.DeprecationReporter                    : loaded 3 times (x 70B)
Class com.android.tools.analytics.Environment                                         : loaded 3 times (x 73B)
Class com.android.build.api.dsl.AndroidSourceFile                                     : loaded 3 times (x 70B)
Class com.android.build.gradle.internal.publishing.TestFixturesVariantSpecBuilder     : loaded 3 times (x 90B)
Class com.android.build.gradle.internal.dependency.DexingOutputSplitTransformKt$registerTransformWithOutputType$1$WhenMappings: loaded 3 times (x 71B)
Class com.android.build.gradle.internal.dependency.ExtractJniTransform$Inject_1       : loaded 3 times (x 109B)
Class [Lcom.android.build.gradle.internal.tasks.DexMergingAction;                     : loaded 3 times (x 69B)
Class com.android.build.gradle.internal.tasks.ClassesClasspathUtils                   : loaded 3 times (x 72B)
Class com.android.build.gradle.tasks.JavaCompileCreationAction$handleProvider$2       : loaded 3 times (x 78B)
Class com.android.build.gradle.internal.scope.InternalArtifactType$LINKED_RESOURCES_FOR_BUNDLE_PROTO_FORMAT: loaded 3 times (x 74B)
Class com.android.build.gradle.internal.scope.InternalArtifactType$LINKED_RESOURCES_BINARY_FORMAT: loaded 3 times (x 74B)
Class com.android.build.gradle.internal.tasks.ProcessNavigationXmlTask$CreationAction$handleProvider$1: loaded 3 times (x 127B)
Class com.android.build.gradle.internal.tasks.AndroidTestTask                         : loaded 3 times (x 70B)
Class com.android.build.gradle.internal.tasks.ExtractNativeDebugMetadataTask$SymbolTableCreationAction: loaded 3 times (x 91B)
Class com.android.build.gradle.internal.services.BuiltInKaptSupportMode$NotSupported  : loaded 3 times (x 71B)
Class [Lcom.android.build.gradle.internal.variant.BaseVariantData$DiscoverableFilterType;: loaded 3 times (x 69B)
Class com.android.build.gradle.internal.tasks.SigningConfigUtils$Companion            : loaded 3 times (x 71B)
Class com.android.build.gradle.api.AndroidSourceDirectorySet                          : loaded 3 times (x 70B)
Class com.android.build.gradle.internal.dsl.BaseFlavor$minSdkDelegate$1               : loaded 3 times (x 79B)
Class com.android.build.gradle.internal.dsl.NdkOptions                                : loaded 3 times (x 116B)
Class com.android.build.api.dsl.CompileOptions                                        : loaded 3 times (x 70B)
Class com.android.build.gradle.internal.dsl.ManagedDevices                            : loaded 3 times (x 80B)
Class com.google.protobuf.GeneratedMessageV3                                          : loaded 3 times (x 178B)
Class com.android.prefs.VariableType                                                  : loaded 3 times (x 79B)
Class com.android.build.gradle.internal.dsl.CmakeOptions$AgpDecorated_Decorated       : loaded 3 times (x 146B)
Class com.android.build.gradle.options.OptionParsers                                  : loaded 3 times (x 71B)
Class com.android.build.gradle.internal.dsl.SdkComponentsImpl_Decorated               : loaded 3 times (x 130B)
Class com.android.build.gradle.internal.services.FakeDependencyJarBuildService$FakeDependencyJarCreator$Params: loaded 3 times (x 70B)
Class com.android.build.gradle.options.FeatureStage$Deprecated                        : loaded 3 times (x 72B)
Class com.android.build.gradle.internal.services.AndroidLocationsBuildService         : loaded 3 times (x 90B)
Class com.android.build.api.variant.Variant                                           : loaded 3 times (x 70B)
Class com.android.build.api.dsl.ApplicationExtension                                  : loaded 3 times (x 70B)
Class com.android.builder.model.v2.ide.SyncIssue                                      : loaded 3 times (x 70B)
Class com.android.build.gradle.internal.tasks.SigningConfigUtils$Companion$gson$2     : loaded 3 times (x 78B)
Class com.android.build.gradle.internal.dsl.decorator.DslDecorator$ManagedProperty    : loaded 3 times (x 72B)
Class com.android.build.gradle.internal.dsl.NdkOptions_Decorated                      : loaded 3 times (x 166B)
Class com.android.build.gradle.internal.api.artifact.SourceArtifactType$RENDERSCRIPT  : loaded 3 times (x 74B)
Class com.android.build.gradle.internal.variant.LegacyVariantInputManager$4           : loaded 3 times (x 74B)
Class com.android.build.gradle.internal.dsl.ResourcesPackagingImpl$AgpDecorated_Decorated: loaded 3 times (x 129B)
Class com.android.build.gradle.api.ApkVariant                                         : loaded 3 times (x 70B)
Class com.android.builder.core.DefaultDexOptions                                      : loaded 3 times (x 99B)
Class com.android.build.gradle.ProguardFiles                                          : loaded 3 times (x 71B)
Class com.android.build.gradle.internal.lint.AndroidLintGlobalTask$BaseGlobalCreationAction: loaded 3 times (x 91B)
Class com.android.build.gradle.internal.lint.AndroidLintGlobalTask$LintFixCreationAction: loaded 3 times (x 91B)
Class com.android.build.gradle.internal.plugins.BasePlugin$createAndroidTasks$1       : loaded 3 times (x 77B)
Class com.android.build.gradle.internal.component.TestFixturesCreationConfig          : loaded 3 times (x 70B)
Class com.android.build.api.variant.impl.VariantImpl$renderscriptCreationConfig$2     : loaded 3 times (x 79B)
Class com.android.build.gradle.internal.AndroidTestTaskManager$createTopLevelTasks$4  : loaded 3 times (x 75B)
Class com.android.build.api.component.impl.features.OptimizationCreationConfigImpl$consumerProguardFilePaths$2: loaded 3 times (x 79B)
Class com.android.build.gradle.internal.scope.InternalArtifactType$MANIFEST_METADATA  : loaded 3 times (x 74B)
Class com.android.build.gradle.internal.TaskManager$MergeType$MERGE                   : loaded 3 times (x 80B)
Class com.android.build.gradle.internal.res.GenerateLibraryRFileTask$CreationAction$handleProvider$3: loaded 3 times (x 127B)
Class org.jetbrains.kotlin.gradle.internal.Kapt3GradleSubplugin$Companion             : loaded 3 times (x 71B)
Class com.android.build.gradle.internal.tasks.creationconfig.BaseJavaPreCompileTaskCreationConfig: loaded 3 times (x 98B)
Class com.android.build.gradle.internal.tasks.creationconfig.JavaCompileCreationConfigKt: loaded 3 times (x 71B)
Class com.android.build.gradle.tasks.BundleAar$Companion$prependToCopyPath$1          : loaded 3 times (x 75B)
Class com.android.build.gradle.internal.TaskManager$basicCreateMergeResourcesTask$mergedNotCompiledDir$1: loaded 3 times (x 75B)
Class com.android.build.gradle.internal.tasks.R8Task$CreationAction$handleProvider$3  : loaded 3 times (x 127B)
Class com.android.build.gradle.internal.scope.InternalArtifactType$GLOBAL_SYNTHETICS_EXTERNAL_LIB: loaded 3 times (x 74B)
Class com.android.build.gradle.internal.tasks.MergeConsumerProguardFilesTask$CreationAction: loaded 3 times (x 93B)
Class com.android.build.gradle.internal.tasks.R8Task$CreationAction$handleProvider$12 : loaded 3 times (x 127B)
Class org.jetbrains.kotlin.gradle.plugin.mpp.compilationImpl.DefaultKotlinCompilationSourceSetsContainer$allKotlinSourceSetsImpl$1$1: loaded 3 times (x 80B)
Class org.jetbrains.kotlin.gradle.plugin.mpp.compilationImpl.DefaultKotlinCompilationSourceSetsContainer: loaded 3 times (x 78B)
Class com.android.build.gradle.internal.cxx.logging.LoggingEnvironment                : loaded 3 times (x 70B)
Class org.jetbrains.kotlin.konan.target.KonanTarget$Companion                         : loaded 3 times (x 71B)
Class com.android.build.gradle.internal.dependency.MockableJarTransform$Parameters    : loaded 3 times (x 70B)
Class com.android.build.gradle.internal.utils.DesugarLibConfigExtractor$Inject_1      : loaded 3 times (x 109B)
Class com.android.build.gradle.internal.dependency.DexingOutputSplitTransformKt$registerTransformWithOutputType$1$1: loaded 3 times (x 75B)
Class org.jetbrains.kotlin.gradle.utils.StoredPropertyKt$projectStoredProperty$1      : loaded 3 times (x 78B)
Class org.jetbrains.kotlin.tooling.core.AbstractExtras                                : loaded 3 times (x 141B)
Class org.jetbrains.kotlin.gradle.internal.properties.PropertiesBuildService$GradleProperty: loaded 3 times (x 70B)
Class org.jetbrains.kotlin.gradle.fus.BuildUidService$Companion$registerIfAbsent$1    : loaded 3 times (x 74B)
Class org.jetbrains.kotlin.gradle.internal.diagnostics.AgpCompatibilityCheck$AndroidGradlePluginVersionProvider: loaded 3 times (x 70B)
Class com.android.build.gradle.internal.scope.InternalArtifactType$LOCAL_AAR_FOR_LINT : loaded 3 times (x 74B)
Class com.android.build.gradle.internal.dependency.ExtractProGuardRulesTransform      : loaded 3 times (x 78B)
Class com.android.build.gradle.internal.PropertiesValueSource$Inject_                 : loaded 3 times (x 109B)
Class com.android.build.gradle.internal.scope.InternalArtifactType$CONNECTED_ANDROID_TEST_ADDITIONAL_OUTPUT: loaded 3 times (x 74B)
Class com.android.build.api.variant.impl.ResourcesPackagingImpl$merges$1              : loaded 3 times (x 75B)
Class com.android.build.gradle.internal.scope.InternalArtifactType$DATA_BINDING_LAYOUT_INFO_TYPE_PACKAGE: loaded 3 times (x 74B)
Class com.android.build.api.artifact.TaskBasedOperation                               : loaded 3 times (x 70B)
Class com.android.build.gradle.internal.scope.InternalArtifactType$BUNDLE_MANIFEST    : loaded 3 times (x 74B)
Class com.android.build.gradle.tasks.ProcessManifestForBundleTask                     : loaded 3 times (x 328B)
Class com.android.build.gradle.internal.dependency.ProvidedClasspath                  : loaded 3 times (x 71B)
Class com.android.build.gradle.internal.core.dsl.impl.ApplicationVariantDslInfoImpl$versionName$2$2: loaded 3 times (x 75B)
Class com.android.build.gradle.internal.tasks.NewIncrementalTask                      : loaded 3 times (x 328B)
Class com.android.build.gradle.internal.lint.AndroidLintGlobalTask                    : loaded 3 times (x 318B)
Class com.android.build.gradle.internal.dsl.BuildType$Companion                       : loaded 3 times (x 71B)
Class com.android.build.api.artifact.Artifacts                                        : loaded 3 times (x 70B)
Class com.android.build.gradle.internal.services.FakeDependencyJarBuildService$lazyCachedFakeJar$1: loaded 3 times (x 75B)
Class com.android.build.gradle.internal.dsl.SdkComponentsImpl$aapt2$2                 : loaded 3 times (x 79B)
Class com.android.build.gradle.internal.dsl.JavaCompileOptions$AgpDecorated_Decorated : loaded 3 times (x 130B)
Class com.android.build.gradle.internal.dsl.BaseFlavor$minSdkDelegate$2               : loaded 3 times (x 79B)
Class com.android.build.gradle.internal.dsl.BundleOptionsLanguage                     : loaded 3 times (x 77B)
Class com.android.build.gradle.internal.dsl.BundleOptionsCountrySet                   : loaded 3 times (x 81B)
Class com.android.build.api.dsl.DynamicFeatureProductFlavor                           : loaded 3 times (x 70B)
Class com.android.builder.model.Named                                                 : loaded 3 times (x 70B)
Class com.android.build.api.artifact.impl.SingleInitialProviderRequestImpl$on$2       : loaded 3 times (x 75B)
Class com.google.protobuf.MessageLite$Builder                                         : loaded 3 times (x 70B)
Class com.android.build.gradle.options.ApiStage$Experimental                          : loaded 3 times (x 72B)
Class com.android.build.gradle.internal.core.dsl.ApkProducingComponentDslInfo         : loaded 3 times (x 70B)
Class com.android.build.api.extension.impl.AndroidComponentsExtensionImpl             : loaded 3 times (x 112B)
Class org.jetbrains.kotlin.gradle.plugin.mpp.KotlinCompilationsKt$addSourcesToKotlinCompileTask$1: loaded 3 times (x 75B)
Class org.gradle.tooling.internal.adapter.ProtocolToModelAdapter$MethodInvocationCache: loaded 3 times (x 73B)
Class org.jetbrains.kotlin.compilerRunner.CompilerSystemPropertiesService$Companion$registerIfAbsent$2$1: loaded 3 times (x 79B)
Class com.android.builder.model.v2.ide.Library                                        : loaded 3 times (x 70B)
Class com.android.builder.model.v2.ide.ArtifactDependenciesAdjacencyList              : loaded 3 times (x 70B)
Class org.jetbrains.kotlin.gradle.plugin.diagnostics.TransformActionUsingKotlinToolingDiagnostics$Parameters: loaded 3 times (x 70B)
Class org.jetbrains.kotlin.gradle.plugin.mpp.KotlinCompilationsKt$moduleNameForCompilation$1: loaded 3 times (x 75B)
Class com.android.build.gradle.internal.VariantTaskManager$configureKotlinPluginTasksIfNecessary$1: loaded 3 times (x 79B)
Class org.jetbrains.kotlin.compose.compiler.gradle.ComposeCompilerGradleSubplugin$applyToCompilation$allPluginProperties$1$4: loaded 3 times (x 74B)
Class com.android.build.api.variant.AarMetadata_Decorated                             : loaded 3 times (x 136B)
Class com.android.build.gradle.internal.scope.InternalArtifactType$GLOBAL_SYNTHETICS_MIXED_SCOPE: loaded 3 times (x 74B)
Class com.android.build.gradle.internal.lint.CustomLintCheckUtils$getLocalCustomLintChecks$1$1: loaded 3 times (x 74B)
Class com.android.build.gradle.tasks.ExtractDeepLinksTask_Decorated                   : loaded 3 times (x 383B)
Class com.android.build.gradle.internal.plugins.AndroidPluginBaseServices$settingsExtension$2: loaded 3 times (x 79B)
Class com.android.build.gradle.internal.plugins.BasePlugin$bootClasspathConfig$2      : loaded 3 times (x 79B)
Class com.android.build.gradle.internal.dsl.CompileSdkDelegate$compileSdk$1           : loaded 3 times (x 79B)
Class com.android.builder.model.v2.models.Versions                                    : loaded 3 times (x 70B)
Class com.android.build.gradle.internal.tasks.MergeFileTask$Companion                 : loaded 3 times (x 71B)
Class com.android.build.api.annotations.ReplacedByIncubating                          : loaded 3 times (x 70B)
Class com.android.build.gradle.internal.attributes.VariantAttr                        : loaded 3 times (x 70B)
Class com.android.build.gradle.internal.tasks.LibraryAarJarsTask$CreationAction$handleProvider$1: loaded 3 times (x 127B)
Class com.google.common.base.CharMatcher$Ascii                                        : loaded 3 times (x 112B)
Class com.android.build.gradle.tasks.ResourceException                                : loaded 3 times (x 82B)
Class com.android.build.gradle.internal.tasks.PrepareLintJarForPublishKt              : loaded 3 times (x 71B)
Class com.google.protobuf.AbstractMessage$BuilderParent                               : loaded 3 times (x 70B)
Class com.android.build.gradle.internal.dsl.decorator.AndroidPluginDslDecoratorKt     : loaded 3 times (x 71B)
Class com.android.build.gradle.internal.dsl.CoreNdkOptions                            : loaded 3 times (x 70B)
Class com.android.build.gradle.tasks.ExtractSupportedLocalesTask                      : loaded 3 times (x 330B)
Class com.android.build.gradle.tasks.CompileLibraryResourcesTask$CreationAction       : loaded 3 times (x 93B)
Class com.android.build.gradle.internal.dsl.AarMetadataImpl$AgpDecorated_Decorated    : loaded 3 times (x 137B)
Class org.jetbrains.kotlin.compose.compiler.gradle.internal.ComposeWithAgpConfig$AgpVersionProvider$Default: loaded 3 times (x 74B)
Class com.android.build.gradle.internal.variant.LegacyVariantInputManager$3           : loaded 3 times (x 75B)
Class com.android.build.gradle.internal.dsl.CompileSdkDelegate                        : loaded 3 times (x 89B)
Class org.jetbrains.kotlin.gradle.plugin.diagnostics.TransformActionUsingKotlinToolingDiagnostics: loaded 3 times (x 70B)
Class org.jetbrains.kotlin.gradle.plugin.mpp.compilationImpl.factory.DefaultProcessResourcesTaskNameFactory: loaded 3 times (x 74B)
Class com.android.build.gradle.internal.scope.InternalArtifactType$APK_FOR_LOCAL_TEST : loaded 3 times (x 74B)
Class com.android.build.gradle.internal.scope.InternalArtifactType$METADATA_FEATURE_MANIFEST: loaded 3 times (x 74B)
Class com.android.build.api.dsl.EmulatorControl                                       : loaded 3 times (x 70B)
Class com.android.build.gradle.internal.dsl.PackagingOptions$AgpDecorated             : loaded 3 times (x 115B)
Class com.android.build.api.artifact.impl.ArtifactsImpl$lookupProjectScopedArtifactsContainer$1: loaded 3 times (x 79B)
Class org.jetbrains.kotlin.gradle.plugin.sources.DefaultKotlinSourceSet_Decorated     : loaded 3 times (x 188B)
Class org.jetbrains.kotlin.gradle.plugin.mpp.KotlinCompilationsKt                     : loaded 3 times (x 71B)
Class org.jetbrains.kotlin.gradle.targets.native.KonanPropertiesBuildService$Companion: loaded 3 times (x 71B)
Class com.android.build.gradle.tasks.MergeSourceSetFolders                            : loaded 3 times (x 337B)
Class org.jetbrains.kotlin.gradle.plugin.AbstractKotlinAndroidPluginWrapper           : loaded 3 times (x 86B)
Class com.android.build.gradle.internal.dependency.SourceTypeAttributeKt              : loaded 3 times (x 71B)
Class org.jetbrains.kotlin.gradle.utils.GradleUtilsKt$registerClassLoaderScopedBuildService$1: loaded 3 times (x 74B)
Class org.jetbrains.kotlin.gradle.internal.diagnostics.AgpCompatibilityCheck$AndroidGradlePluginVersionProvider$Default: loaded 3 times (x 74B)
Class com.android.build.gradle.internal.scope.InternalArtifactType$MODULE_AND_RUNTIME_DEPS_CLASSES: loaded 3 times (x 74B)
Class com.android.build.gradle.internal.dependency.ModelArtifactCompatibilityRule$Companion: loaded 3 times (x 71B)
Class com.android.builder.files.SerializableFileChanges                               : loaded 3 times (x 72B)
Class com.android.build.gradle.internal.dependency.AarToClassTransform$Params         : loaded 3 times (x 70B)
Class com.android.build.gradle.internal.DependencyConfigurator                        : loaded 3 times (x 72B)
Class com.android.build.gradle.internal.scope.InternalArtifactType$SDK_DEPENDENCY_DATA: loaded 3 times (x 74B)
Class com.android.build.gradle.internal.scope.InternalArtifactType$BUNDLE_DEPENDENCY_REPORT: loaded 3 times (x 74B)
Class com.android.build.gradle.internal.scope.InternalArtifactType$MERGED_NOT_COMPILED_RES: loaded 3 times (x 74B)
Class com.android.build.gradle.internal.component.features.NativeBuildCreationConfig  : loaded 3 times (x 70B)
Class com.android.build.api.variant.Packaging                                         : loaded 3 times (x 70B)
Class com.android.build.gradle.internal.core.dsl.impl.ConsumableComponentDslInfoImpl$shadersDslInfo$2: loaded 3 times (x 79B)
Class org.jetbrains.kotlin.compose.compiler.gradle.ComposeCompilerGradleSubplugin     : loaded 3 times (x 83B)
Class com.android.build.gradle.internal.res.LinkApplicationAndroidResourcesTask       : loaded 3 times (x 375B)
Class com.android.build.gradle.internal.tasks.factory.BootClasspathConfigImpl$fullBootClasspathProvider$2: loaded 3 times (x 79B)
Class com.android.tools.lint.model.LintModelSeverity$Companion                        : loaded 3 times (x 71B)
Class com.android.build.gradle.internal.dsl.ApplicationExtensionImpl$dataBinding$1    : loaded 3 times (x 75B)
Class com.android.build.api.artifact.Artifact                                         : loaded 3 times (x 74B)
Class com.android.build.gradle.internal.api.LazyAndroidSourceSet$sourceSet$1          : loaded 3 times (x 79B)
Class com.android.build.gradle.internal.scope.InternalArtifactType$COMPILE_AND_RUNTIME_R_CLASS_JAR: loaded 3 times (x 74B)
Class com.android.build.gradle.internal.dsl.ExternalNativeCmakeOptions_Decorated      : loaded 3 times (x 152B)
Class com.android.build.gradle.internal.tasks.UninstallTask                           : loaded 3 times (x 330B)
Class com.android.build.api.dsl.MaxSdkSpec                                            : loaded 3 times (x 70B)
Class com.android.builder.core.AbstractBuildType                                      : loaded 3 times (x 153B)
Class com.android.builder.profile.Recorder                                            : loaded 3 times (x 70B)
Class com.android.build.gradle.internal.tasks.BundleToStandaloneApkTask               : loaded 3 times (x 328B)
Class com.google.wireless.android.sdk.stats.GradleBuildProfileSpanOrBuilder           : loaded 3 times (x 70B)
Class com.google.protobuf.Parser                                                      : loaded 3 times (x 70B)
Class com.android.build.api.variant.impl.VariantImpl$buildConfigCreationConfig$2      : loaded 3 times (x 79B)
Class com.android.build.gradle.internal.tasks.ProguardConfigurableTask$CreationAction$handleProvider$1: loaded 3 times (x 127B)
Class com.android.build.gradle.internal.dependency.SubtractingArtifactCollection$SubtractingArtifactResult$initFileCollection$1: loaded 3 times (x 75B)
Class com.android.build.gradle.internal.services.UsesAapt2ThreadPoolBuildService      : loaded 3 times (x 70B)
Class com.android.build.gradle.internal.publishing.OutputSpecImpl                     : loaded 3 times (x 78B)
Class com.google.common.util.concurrent.DirectExecutor                                : loaded 3 times (x 82B)
Class com.android.build.gradle.internal.scope.HostTestBuildFeaturesValuesImpl         : loaded 3 times (x 100B)
Class com.android.build.gradle.internal.res.GenerateLibraryRFileTask$CreationAction$handleProvider$2: loaded 3 times (x 127B)
Class com.android.build.gradle.tasks.JavaCompileCreationAction                        : loaded 3 times (x 90B)
Class com.android.build.gradle.internal.tasks.PerModuleBundleTask$CreationAction$handleProvider$1: loaded 3 times (x 127B)
Class com.android.build.gradle.internal.tasks.R8Task$CreationAction$handleProvider$2  : loaded 3 times (x 127B)
Class com.android.build.gradle.internal.tasks.R8Task$CreationAction$handleProvider$11 : loaded 3 times (x 127B)
Class com.android.build.gradle.internal.HostTestTaskManager$setupJavaCompilationTasks$1: loaded 3 times (x 75B)
Class com.android.build.gradle.internal.dependency.RecalculateStackFramesTransform$Inject_1: loaded 3 times (x 110B)
Class com.android.build.gradle.internal.tasks.UnsafeOutputsTask                       : loaded 3 times (x 325B)
Class com.android.build.gradle.internal.AndroidTestTaskManager$createTopLevelTasks$3  : loaded 3 times (x 74B)
Class [Lorg.jetbrains.kotlin.gradle.report.BuildReportMode;                           : loaded 3 times (x 69B)
Class org.jetbrains.kotlin.konan.util.Named                                           : loaded 3 times (x 70B)
Class org.jetbrains.kotlin.gradle.plugin.KotlinSourceSet$Companion                    : loaded 3 times (x 71B)
Class org.jetbrains.kotlin.konan.target.KonanTarget$MACOS_X64                         : loaded 3 times (x 78B)
Class [Lorg.jetbrains.kotlin.gradle.plugin.mpp.compilationImpl.factory.KotlinCompilationImplFactory$PostConfigure;: loaded 3 times (x 69B)
Class org.jetbrains.kotlin.gradle.plugin.mpp.compilationImpl.KotlinCompilationImpl    : loaded 3 times (x 140B)
Class org.jetbrains.kotlin.compose.compiler.gradle.internal.ComposeWithAgpConfig$AgpConfigurationProvider: loaded 3 times (x 70B)
Class org.jetbrains.kotlin.compose.compiler.gradle.ComposeCompilerGradleSubplugin$applyToCompilation$allPluginProperties$1$3: loaded 3 times (x 75B)
Class com.android.build.gradle.tasks.ProcessLibraryManifest$CreationAction            : loaded 3 times (x 90B)
Class com.android.build.gradle.tasks.CompileLibraryResourcesTask                      : loaded 3 times (x 335B)
Class com.android.build.gradle.internal.tasks.BundleLibraryClassesDir$CreationAction$handleProvider$1: loaded 3 times (x 127B)
Class com.android.build.gradle.internal.tasks.MergeJavaResourceTask$Companion$predicate$1: loaded 3 times (x 80B)
Class com.android.build.gradle.tasks.ProcessLibraryArtProfileTask$CreationAction$configure$2: loaded 3 times (x 79B)
Class com.android.build.gradle.internal.tasks.DexArchiveBuilderTask$CreationAction$handleProvider$13: loaded 3 times (x 78B)
Class org.apache.commons.io.output.NullWriter                                         : loaded 3 times (x 99B)
Class com.android.build.gradle.internal.dsl.ModulePropertyKey$OptionalBoolean$Companion: loaded 3 times (x 71B)
Class com.android.build.gradle.tasks.ExtractDeepLinksTask$AarCreationAction           : loaded 3 times (x 93B)
Class com.android.build.gradle.internal.tasks.ProcessJavaResTaskKt$getProjectJavaRes$2$3: loaded 3 times (x 75B)
Class com.android.build.gradle.tasks.ExtractDeepLinksTask$BaseCreationAction$configure$1$2: loaded 3 times (x 74B)
Class com.android.builder.model.v2.ide.SourceProvider                                 : loaded 3 times (x 70B)
Class com.android.builder.model.v2.ide.BundleInfo                                     : loaded 3 times (x 70B)
Class org.jetbrains.kotlin.gradle.utils.ConfigurationCacheOpaqueValue                 : loaded 3 times (x 72B)
Class com.google.common.collect.Maps$UnmodifiableBiMap                                : loaded 3 times (x 153B)
Class com.google.protobuf.Reader                                                      : loaded 3 times (x 70B)
Class com.android.build.gradle.internal.dsl.BundleOptionsStoreArchive                 : loaded 3 times (x 77B)
Class com.android.build.api.dsl.Splits                                                : loaded 3 times (x 70B)
Class org.jetbrains.kotlin.gradle.plugin.mpp.KotlinUsages                             : loaded 3 times (x 71B)
Class org.jetbrains.kotlin.gradle.dsl.KotlinAndroidProjectExtension_Decorated         : loaded 3 times (x 185B)
Class org.jetbrains.kotlin.gradle.internal.properties.NativePropertiesLoader$Companion: loaded 3 times (x 71B)
Class [Lorg.jetbrains.kotlin.build.report.metrics.GradleBuildPerformanceMetric;       : loaded 3 times (x 69B)
Class com.android.build.gradle.internal.dsl.PrivacySandboxSdkBundleImpl               : loaded 3 times (x 92B)
Class org.jetbrains.kotlin.gradle.plugin.statistics.BuildFusService$Companion         : loaded 3 times (x 71B)
Class com.android.build.gradle.internal.scope.InternalArtifactType$COMPILE_LIBRARY_CLASSES_JAR: loaded 3 times (x 74B)
Class com.android.build.gradle.internal.dependency.DexingRegistration$registerTransform$1: loaded 3 times (x 75B)
Class com.android.build.gradle.internal.dependency.CollectClassesTransform            : loaded 3 times (x 78B)
Class com.android.build.gradle.internal.HostTestTaskManager$createRunHostTestTask$1   : loaded 3 times (x 75B)
Class com.android.build.gradle.internal.scope.InternalArtifactType$APK_ZIP            : loaded 3 times (x 74B)
Class com.android.build.gradle.internal.tasks.ListingFileRedirectTask                 : loaded 3 times (x 327B)
Class [Lcom.android.build.gradle.internal.publishing.ArtifactCategory;                : loaded 3 times (x 69B)
Class [Lcom.android.build.gradle.internal.publishing.AndroidArtifacts$ArtifactScope;  : loaded 3 times (x 69B)
Class com.android.build.gradle.internal.dsl.InstrumentationImpl                       : loaded 3 times (x 77B)
Class com.android.build.api.component.impl.DeviceTestImpl$optimizationCreationConfig$2: loaded 3 times (x 79B)
Class com.android.build.gradle.internal.core.MergedFlavor$Companion                   : loaded 3 times (x 71B)
Class com.android.build.gradle.internal.dsl.MinSdkSpecImpl$AgpDecorated_Decorated     : loaded 3 times (x 129B)
Class [Lcom.android.build.api.artifact.impl.InternalScopedArtifacts$InternalScope;    : loaded 3 times (x 69B)
Class com.android.build.gradle.internal.services.FakeDependencyJarBuildService$FakeDependencyJarCreator$Inject_: loaded 3 times (x 111B)
Class com.android.build.api.variant.impl.ArtifactMetadataProcessor$Companion$handleFinalizedByForType$1$1$1: loaded 3 times (x 75B)
Class com.android.build.gradle.internal.dsl.ComposeOptionsImpl_Decorated              : loaded 3 times (x 128B)
Class org.jetbrains.kotlin.gradle.plugin.internal.ConfigurationCacheStartParameterAccessorKt: loaded 3 times (x 71B)
Class com.android.build.gradle.internal.dsl.decorator.DslDecorator$cache$1            : loaded 3 times (x 75B)
Class com.android.build.api.dsl.AndroidResources                                      : loaded 3 times (x 70B)
Class com.google.wireless.android.sdk.stats.GradleBuildVariant$VariantType            : loaded 3 times (x 87B)
Class com.android.ProgressManagerAdapter                                              : loaded 3 times (x 73B)
Class com.google.protobuf.Descriptors$GenericDescriptor                               : loaded 3 times (x 75B)
Class org.jetbrains.kotlin.gradle.plugin.KotlinPlatformType$Companion                 : loaded 3 times (x 71B)
Class com.android.ide.common.blame.MessageJsonSerializer                              : loaded 3 times (x 76B)
Class org.jetbrains.kotlin.gradle.plugin.KotlinPlatformType$DisambiguationRule        : loaded 3 times (x 76B)
Class com.android.build.gradle.internal.tasks.LibraryAarJarsTask$CreationAction       : loaded 3 times (x 90B)
Class org.jetbrains.kotlin.gradle.plugin.KotlinCompilation$Companion                  : loaded 3 times (x 71B)
Class com.android.build.gradle.internal.plugins.FusedLibraryPlugin                    : loaded 3 times (x 81B)
Class com.android.build.gradle.internal.services.RunOnceBuildServiceImpl$Inject_      : loaded 3 times (x 102B)
Class org.jetbrains.kotlin.konan.target.KonanTarget$MACOS_ARM64                       : loaded 3 times (x 78B)
Class org.gradle.tooling.internal.adapter.ObjectGraphAdapter                          : loaded 3 times (x 70B)
Class com.android.build.gradle.internal.variant.LegacyVariantInputManager$2           : loaded 3 times (x 74B)
Class com.android.build.gradle.internal.services.FakeDependencyJarBuildService$Inject_: loaded 3 times (x 102B)
Class com.android.build.gradle.internal.tasks.factory.GlobalTaskNamesImpl             : loaded 3 times (x 81B)
Class com.android.build.gradle.api.SourceKind                                         : loaded 3 times (x 79B)
Class com.android.build.gradle.internal.core.dsl.features.UnitTestOptionsDslInfo      : loaded 3 times (x 70B)
Class com.android.build.api.component.impl.ComponentIdentityImpl                      : loaded 3 times (x 78B)
Class com.android.build.gradle.internal.core.dsl.impl.ApplicationVariantDslInfoImpl$versionCode$2$versionCodeFromFlavors$1: loaded 3 times (x 78B)
Class com.android.build.gradle.internal.AndroidTestTaskManager$createTopLevelTasks$2  : loaded 3 times (x 75B)
Class com.android.build.api.artifact.impl.OperationRequestsImplKt                     : loaded 3 times (x 71B)
Class com.android.build.gradle.internal.res.GenerateLibraryRFileTask$CreationAction$handleProvider$1: loaded 3 times (x 127B)
Class com.android.build.gradle.internal.scope.InternalArtifactType$JAVAC              : loaded 3 times (x 74B)
Class com.android.build.api.artifact.SingleArtifact$VERSION_CONTROL_INFO_FILE         : loaded 3 times (x 74B)
Class [Lcom.android.build.gradle.internal.tasks.DeviceProviderInstrumentTestTask$CreationAction$Type;: loaded 3 times (x 69B)
Class com.android.build.gradle.tasks.factory.AndroidUnitTest                          : loaded 3 times (x 564B)
Class com.android.build.gradle.internal.scope.BuildArtifactType$JAVA_COMPILE_CLASSPATH: loaded 3 times (x 74B)
Class org.jetbrains.kotlin.gradle.plugin.internal.DefaultMavenPublicationComponentAccessorFactory: loaded 3 times (x 76B)
Class org.jetbrains.kotlin.gradle.internal.properties.PropertiesBuildService$MemoizedCallable: loaded 3 times (x 75B)
Class [Lorg.jetbrains.kotlin.build.report.metrics.GradleBuildTime;                    : loaded 3 times (x 69B)
Class org.jetbrains.kotlin.gradle.plugin.KotlinJsCompilerTypeHolder                   : loaded 3 times (x 70B)
Class org.jetbrains.kotlin.gradle.dsl.KotlinCommonCompilerOptions                     : loaded 3 times (x 70B)
Class org.jetbrains.kotlin.gradle.dsl.DefaultToolchainSupport$wireToolchainToTasks$1  : loaded 3 times (x 75B)
Class com.android.build.gradle.internal.scope.InternalArtifactType$BUILT_IN_KOTLINC   : loaded 3 times (x 74B)
Class org.jetbrains.kotlin.gradle.tasks.KotlinTasksProvider                           : loaded 3 times (x 72B)
Class org.jetbrains.kotlin.gradle.utils.MutableObservableSetImpl                      : loaded 3 times (x 163B)
Class com.android.build.gradle.internal.tasks.BundleLibraryClassesJar                 : loaded 3 times (x 336B)
Class com.android.build.gradle.internal.dsl.LibraryExtensionImpl$lintOptions$2        : loaded 3 times (x 79B)
Class org.jetbrains.kotlin.gradle.plugin.HasCompilerOptions                           : loaded 3 times (x 70B)
Class org.jetbrains.kotlin.gradle.plugin.mpp.compilationImpl.DefaultKotlinCompilationFriendPathsResolver$FriendArtifactResolver: loaded 3 times (x 70B)
Class [Lorg.jetbrains.kotlin.gradle.plugin.HasProject;                                : loaded 3 times (x 69B)
Class org.jetbrains.kotlin.konan.target.Architecture                                  : loaded 3 times (x 79B)
Class org.jetbrains.kotlin.gradle.plugin.mpp.compilationImpl.KotlinCompilationSourceSetInclusion$AddSourcesToCompileTask: loaded 3 times (x 70B)
Class org.jetbrains.kotlin.gradle.targets.js.ir.KotlinJsIrTarget                      : loaded 3 times (x 254B)
Class org.jetbrains.kotlin.gradle.plugin.mpp.DefaultKotlinUsageContext                : loaded 3 times (x 93B)
Class org.jetbrains.kotlin.compose.compiler.gradle.ComposeCompilerGradleSubplugin$applyToCompilation$allPluginProperties$1$2: loaded 3 times (x 74B)
Class org.jetbrains.kotlin.gradle.dsl.KotlinJvmExtension                              : loaded 3 times (x 70B)
Class com.android.build.gradle.internal.core.dsl.impl.InstrumentedTestDslInfoImpl$getInstrumentationRunner$1: loaded 3 times (x 75B)
Class com.android.build.gradle.internal.tasks.DexArchiveBuilderTask$CreationAction$handleProvider$12: loaded 3 times (x 78B)
Class org.jetbrains.kotlin.gradle.internal.properties.PropertiesBuildService$Companion: loaded 3 times (x 71B)
Class com.android.build.gradle.internal.VariantTaskManager$addBindingDependenciesIfNecessary$viewBindingEnabled$1: loaded 3 times (x 80B)
Class org.jetbrains.kotlin.gradle.plugin.KotlinMultiplatformPluginWrapper             : loaded 3 times (x 86B)
Class com.android.build.gradle.internal.dependency.LibrarySymbolTableTransform        : loaded 3 times (x 78B)
Class com.android.build.gradle.internal.attribution.CheckJetifierBuildService$Parameters_Decorated: loaded 3 times (x 130B)
Class com.android.build.api.variant.impl.FileBasedFileEntry                           : loaded 3 times (x 79B)
Class com.android.build.gradle.internal.test.AbstractTestDataImpl$animationsDisabled$1: loaded 3 times (x 78B)
Class com.android.build.gradle.internal.tasks.AppMetadataTaskKt                       : loaded 3 times (x 71B)
Class com.android.build.gradle.internal.tasks.DexMergingTask$CreationAction           : loaded 3 times (x 93B)
Class com.android.build.api.artifact.impl.OperationRequestsImplKt$toTransform$1       : loaded 3 times (x 75B)
Class com.android.build.api.artifact.InAndOutFileOperationRequest                     : loaded 3 times (x 70B)
Class com.android.build.gradle.internal.scope.InternalArtifactType$DUPLICATE_CLASSES_CHECK: loaded 3 times (x 74B)
Class com.android.build.gradle.internal.services.BuiltInKotlinSupportMode$SupportedForTestFixturesAndScreenshotTest: loaded 3 times (x 71B)
Class com.android.build.gradle.internal.scope.InternalArtifactType$MERGED_TEST_ONLY_NATIVE_LIBS: loaded 3 times (x 74B)
Class com.android.build.gradle.internal.scope.InternalArtifactType$MERGED_JNI_LIBS    : loaded 3 times (x 74B)
Class com.android.build.gradle.internal.tasks.CompressAssetsTask                      : loaded 3 times (x 332B)
Class com.android.build.api.artifact.ArtifactTransformationRequest                    : loaded 3 times (x 70B)
Class com.android.build.api.artifact.ScopedArtifact$CLASSES                           : loaded 3 times (x 74B)
Class [Lcom.android.build.api.instrumentation.FramesComputationMode;                  : loaded 3 times (x 69B)
Class com.android.build.gradle.internal.tasks.ProcessNavigationXmlTask$ApplicationCreationAction: loaded 3 times (x 91B)
Class com.android.build.api.component.impl.ComponentImpl                              : loaded 3 times (x 208B)
Class com.android.build.gradle.internal.dsl.ModulePropertyKey$BooleanWithDefault      : loaded 3 times (x 84B)
Class com.android.build.api.variant.impl.HostTestBuilderImpl                          : loaded 3 times (x 89B)
Class com.android.build.gradle.internal.core.dsl.impl.VariantDslInfoImpl$nativeBuildDslInfo$2: loaded 3 times (x 79B)
Class com.android.build.gradle.internal.core.MergedAnnotationProcessorOptions         : loaded 3 times (x 107B)
Class com.android.build.api.artifact.Artifact$Replaceable                             : loaded 3 times (x 70B)
Class com.android.build.gradle.internal.services.TaskCreationServices                 : loaded 3 times (x 70B)
Class com.android.builder.model.SourceProvider                                        : loaded 3 times (x 70B)
Class com.google.common.util.concurrent.AbstractFuture$UnsafeAtomicHelper             : loaded 3 times (x 78B)
Class com.android.build.api.dsl.ProductFlavor                                         : loaded 3 times (x 70B)
Class com.android.build.api.dsl.BaseFlavor                                            : loaded 3 times (x 70B)
Class com.android.build.gradle.internal.services.AndroidLocationsBuildService$AndroidDirectoryCreator$Params: loaded 3 times (x 70B)
Class com.android.build.gradle.internal.services.Aapt2DaemonBuildService$RegistrationAction: loaded 3 times (x 74B)
Class com.android.build.gradle.internal.ide.dependencies.LibraryDependencyCacheBuildService$Parameters_Decorated: loaded 3 times (x 130B)
Class org.jetbrains.kotlin.gradle.dsl.ToolchainSupport$Companion                      : loaded 3 times (x 71B)
Class com.google.protobuf.AbstractMessageLite                                         : loaded 3 times (x 101B)
Class com.android.utils.HelpfulEnumConverter                                          : loaded 3 times (x 92B)
Class org.jetbrains.kotlin.gradle.plugin.KotlinSourceSet                              : loaded 3 times (x 70B)
Class com.android.build.gradle.internal.scope.ArtifactPublishingUtil$publishIntermediateArtifact$2: loaded 3 times (x 79B)
Class com.android.build.gradle.internal.dependency.CollectResourceSymbolsTransform$Inject_1: loaded 3 times (x 109B)
Class com.android.build.gradle.options.ReplacedOption                                 : loaded 3 times (x 85B)
Class [Lcom.android.build.gradle.options.OptionalBooleanOption;                       : loaded 3 times (x 69B)
Class com.android.build.api.variant.CanMinifyAndroidResourcesBuilder                  : loaded 3 times (x 70B)
Class com.android.build.gradle.internal.dsl.Lockable                                  : loaded 3 times (x 70B)
Class com.android.build.gradle.internal.databinding.DataBindingExcludeDelegateKt      : loaded 3 times (x 71B)
Class com.google.common.collect.ImmutableMultimap$Values                              : loaded 3 times (x 126B)
Class com.android.builder.model.v2.ide.Installation                                   : loaded 3 times (x 70B)
Class com.android.build.gradle.internal.lint.CustomLintCheckUtils                     : loaded 3 times (x 71B)
Class com.android.ide.common.resources.DataMap                                        : loaded 3 times (x 70B)
Class com.android.build.gradle.internal.tasks.ProcessJavaResTaskKt$getProjectJavaRes$2$2: loaded 3 times (x 74B)
Class com.android.build.gradle.tasks.ExtractDeepLinksTask$BaseCreationAction$configure$1$1: loaded 3 times (x 74B)
Class com.android.build.gradle.internal.DependencyResourcesComputer$ResourceSourceSetInput: loaded 3 times (x 72B)
Class com.android.builder.model.v2.ide.BasicVariant                                   : loaded 3 times (x 70B)
Class [Lcom.android.builder.model.v2.ide.AndroidGradlePluginProjectFlags$BooleanFlag; : loaded 3 times (x 69B)
Class com.android.builder.model.v2.ide.AndroidGradlePluginProjectFlags                : loaded 3 times (x 70B)
Class com.android.build.gradle.internal.variant.AbstractAppVariantFactory             : loaded 3 times (x 106B)
Class com.android.build.gradle.internal.core.dsl.TestedVariantDslInfo                 : loaded 3 times (x 70B)
Class com.android.build.gradle.internal.plugins.BasePlugin$sdkComponentsBuildService$2: loaded 3 times (x 79B)
Class com.android.build.gradle.internal.errors.DeprecationReporter$DeprecationTarget  : loaded 3 times (x 79B)
Class com.android.build.gradle.internal.scope.InternalArtifactType$MERGED_NATIVE_DEBUG_METADATA: loaded 3 times (x 74B)
Class com.android.build.gradle.internal.scope.InternalArtifactType$AAPT_FRIENDLY_MERGED_MANIFESTS: loaded 3 times (x 74B)
Class com.android.build.gradle.internal.tasks.MergeGeneratedProguardFilesCreationAction$handleProvider$1: loaded 3 times (x 127B)
Class com.android.builder.internal.BaseConfigImpl$Companion                           : loaded 3 times (x 71B)
Class com.android.build.gradle.internal.variant.LegacyVariantInputManager$1           : loaded 3 times (x 75B)
Class com.android.build.gradle.internal.dsl.BundleOptionsAiModelVersion$AgpDecorated_Decorated: loaded 3 times (x 130B)
Class com.android.build.gradle.internal.scope.InternalArtifactType$GENERATED_BUILD_CONFIG_JAVA: loaded 3 times (x 74B)
Class com.android.build.gradle.internal.tasks.ExtractProguardFiles$CreationAction     : loaded 3 times (x 90B)
Class com.android.build.gradle.internal.core.dsl.impl.DslInfoUtilsKt$computeMergedOptions$1: loaded 3 times (x 79B)
Class com.android.build.gradle.internal.core.dsl.impl.ApplicationVariantDslInfoImpl$signingConfigResolver$2: loaded 3 times (x 79B)
Class com.android.build.api.variant.impl.HasTestFixtures                              : loaded 3 times (x 70B)
Class com.android.build.gradle.internal.publishing.AndroidArtifacts$ArtifactType      : loaded 3 times (x 79B)
Class com.android.build.gradle.tasks.BundleAar$LibraryCreationAction                  : loaded 3 times (x 91B)
Class org.jetbrains.kotlin.gradle.plugin.mpp.compilationImpl.KotlinCompilationConfigurationsContainer: loaded 3 times (x 70B)
Class com.android.build.gradle.internal.HostTestTaskManager$setupCompilationTaskDependencies$1: loaded 3 times (x 75B)
Class com.android.build.api.component.impl.DeviceTestImpl$manifestPlaceholdersCreationConfig$2: loaded 3 times (x 79B)
Class com.android.build.gradle.internal.tasks.CompressAssetsTask$CreationAction       : loaded 3 times (x 90B)
Class com.android.build.gradle.tasks.CompileNavigationXmlTask$CreationAction          : loaded 3 times (x 91B)
Class com.android.build.gradle.internal.dependency.AndroidAttributes                  : loaded 3 times (x 72B)
Class org.jetbrains.kotlin.gradle.plugin.sources.KotlinSourceSetFactory$Companion     : loaded 3 times (x 71B)
Class org.jetbrains.kotlin.gradle.dsl.KotlinMultiplatformSourceSetConventions         : loaded 3 times (x 70B)
Class com.android.build.api.artifact.SingleArtifact$ASSETS                            : loaded 3 times (x 74B)
Class com.android.build.gradle.internal.dependency.SubtractingArtifactCollection      : loaded 3 times (x 84B)
Class com.android.build.gradle.internal.services.R8MaxParallelTasksBuildService$RegistrationAction: loaded 3 times (x 74B)
Class com.android.build.gradle.internal.tasks.CompileArtProfileTask$CreationAction    : loaded 3 times (x 90B)
Class com.android.build.gradle.internal.utils.VariantPostCreationChecksKt             : loaded 3 times (x 71B)
Class com.android.build.gradle.internal.tasks.CheckAarMetadataTask$CreationAction$handleProvider$1: loaded 3 times (x 127B)
Class com.android.build.api.variant.FilterConfiguration                               : loaded 3 times (x 70B)
Class com.android.build.gradle.internal.tasks.IncrementalTask                         : loaded 3 times (x 70B)
Class com.android.build.gradle.internal.dsl.CompileSdkProperties                      : loaded 3 times (x 70B)
Class com.android.build.gradle.internal.dsl.decorator.DslDecorator$Companion$privateLookupInMethod$2: loaded 3 times (x 78B)
Class com.android.build.gradle.internal.dsl.TestOptions                               : loaded 3 times (x 118B)
Class com.android.build.gradle.internal.CompileOptions                                : loaded 3 times (x 94B)
Class com.android.build.gradle.internal.dsl.BundleOptionsDeviceTier                   : loaded 3 times (x 81B)
Class [Lcom.android.prefs.Global;                                                     : loaded 3 times (x 69B)
Class com.android.build.gradle.internal.services.ConfigPhaseFileCreator               : loaded 3 times (x 70B)
Class com.android.build.gradle.internal.services.Aapt2ThreadPoolBuildService$Params_Decorated: loaded 3 times (x 130B)
Class com.google.wireless.android.sdk.stats.GradleBuildProfile$1                      : loaded 3 times (x 151B)
Class com.android.build.gradle.internal.tasks.PrepareLintJarForPublish$Companion      : loaded 3 times (x 71B)
Class com.android.build.gradle.tasks.BundleAar$BaseCreationAction$configure$2         : loaded 3 times (x 75B)
Class com.android.ide.common.resources.ResourcePreprocessor                           : loaded 3 times (x 70B)
Class com.android.build.api.variant.HasTestFixtures                                   : loaded 3 times (x 70B)
Class com.android.build.api.variant.DexPackagingOptions                               : loaded 3 times (x 70B)
Class com.android.build.api.variant.impl.JniLibsApkPackagingImpl                      : loaded 3 times (x 86B)
Class com.android.ide.common.gradle.DEV                                               : loaded 3 times (x 77B)
Class com.android.builder.model.v2.models.ModelBuilderParameter                       : loaded 3 times (x 70B)
Class com.android.build.gradle.tasks.PackageApplication$CreationAction$handleProvider$operationRequest$2: loaded 3 times (x 127B)
Class com.android.build.gradle.internal.scope.InternalArtifactType$FEATURE_SHRUNK_JAVA_RES: loaded 3 times (x 74B)
Class com.android.build.gradle.internal.BaseProceedTestManifestCreationConfig         : loaded 3 times (x 132B)
Class com.android.tools.utp.gradle.api.UtpDependency                                  : loaded 3 times (x 79B)
Class com.android.build.gradle.internal.SdkComponentsBuildService$sdkHandlerDelegate$1: loaded 3 times (x 79B)
Class com.android.build.gradle.internal.dependency.ExtractProGuardRulesTransform$Parameters_Decorated: loaded 3 times (x 135B)
Class com.android.build.gradle.internal.DependencyConfigurator$configureVariantTransforms$5: loaded 3 times (x 75B)
Class com.android.build.gradle.internal.api.TestVariantImpl                           : loaded 3 times (x 262B)
Class com.android.build.gradle.internal.scope.InternalArtifactType$PREFAB_PACKAGE_CONFIGURATION: loaded 3 times (x 74B)
Class [Lcom.android.build.gradle.internal.scope.InternalArtifactType;                 : loaded 3 times (x 69B)
Class com.android.build.gradle.internal.AndroidTestTaskManager$createTopLevelTasks$1  : loaded 3 times (x 74B)
Class org.jetbrains.kotlin.gradle.plugin.KotlinGradleBuildServices$Parameters         : loaded 3 times (x 70B)
Class org.jetbrains.kotlin.gradle.plugin.KotlinSourceSetTree$Companion                : loaded 3 times (x 71B)
Class org.jetbrains.kotlin.gradle.utils.ProjectExtensionsKt                           : loaded 3 times (x 71B)
Class org.jetbrains.kotlin.gradle.plugin.mpp.KotlinNativeTarget                       : loaded 3 times (x 167B)
Class org.jetbrains.kotlin.gradle.plugin.mpp.compilationImpl.KotlinCompilationAssociator: loaded 3 times (x 70B)
Class org.jetbrains.kotlin.gradle.plugin.hierarchy.KotlinSourceSetTreeClassifier      : loaded 3 times (x 70B)
Class org.jetbrains.kotlin.compose.compiler.gradle.ComposeCompilerGradleSubplugin$applyToCompilation$allPluginProperties$1$1: loaded 3 times (x 74B)
Class com.android.build.gradle.internal.variant.LibraryVariantFactory                 : loaded 3 times (x 106B)
Class com.android.build.gradle.internal.api.LibraryVariantOutputImpl_Decorated        : loaded 3 times (x 161B)
Class com.android.build.gradle.internal.tasks.DexArchiveBuilderTask$CreationAction$handleProvider$11: loaded 3 times (x 78B)
Class com.android.build.gradle.internal.res.GenerateLibraryRFileTask_Decorated        : loaded 3 times (x 401B)
Class com.android.build.gradle.internal.tasks.ProcessJavaResTaskKt$getProjectJavaRes$2$1: loaded 3 times (x 74B)
Class com.android.build.api.component.impl.features.DexingImpl                        : loaded 3 times (x 87B)
Class com.google.protobuf.MessageOrBuilder                                            : loaded 3 times (x 70B)
Class com.google.wireless.android.sdk.stats.GradleBuildProfile                        : loaded 3 times (x 248B)
Class com.google.protobuf.Extension                                                   : loaded 3 times (x 85B)
Class com.android.build.gradle.internal.core.dsl.impl.features.OptimizationDslInfoImpl$WhenMappings: loaded 3 times (x 71B)
Class com.android.build.gradle.internal.ide.dependencies.MavenCoordinatesCacheBuildService$Parameters: loaded 3 times (x 70B)
Class com.android.build.gradle.internal.VariantManager$createVariant$mappingScopePolicy$1: loaded 3 times (x 78B)
Class org.jetbrains.kotlin.gradle.plugin.mpp.compilationImpl.factory.CompositePostConfigure: loaded 3 times (x 75B)
Class com.android.build.gradle.internal.HostTestTaskManager$setupCompilationTaskDependencies$2: loaded 3 times (x 75B)
Class com.android.build.gradle.internal.ide.v2.GlobalSyncService$RegistrationAction   : loaded 3 times (x 74B)
Class com.android.build.gradle.internal.services.AndroidLocationsBuildService$AndroidDirectoryCreator$Params_Decorated: loaded 3 times (x 132B)
Class com.android.build.gradle.internal.errors.OptionInfo                             : loaded 3 times (x 72B)
Class org.jetbrains.kotlin.build.report.metrics.GradleBuildTime$Companion             : loaded 3 times (x 71B)
Class com.google.wireless.android.sdk.stats.GradleBuildVariant$VariantType$1          : loaded 3 times (x 76B)
Class org.jetbrains.kotlin.gradle.plugin.AndroidGradlePluginVersion$Companion         : loaded 3 times (x 71B)
Class com.android.build.gradle.internal.cxx.gradle.generator.NativeProjectPath        : loaded 3 times (x 72B)
Class com.android.build.gradle.internal.cxx.logging.IssueReporterLoggingEnvironment   : loaded 3 times (x 83B)
Class com.android.build.gradle.internal.cxx.configure.CxxCreateGradleTasksKt          : loaded 3 times (x 71B)
Class com.android.build.api.variant.impl.HasTestSuitesCreationConfig                  : loaded 3 times (x 70B)
Class com.android.build.gradle.internal.scope.InternalArtifactType$COMPRESSED_ASSETS  : loaded 3 times (x 74B)
Class com.android.build.gradle.internal.scope.InternalArtifactType$GENERATED_PNGS_RES : loaded 3 times (x 74B)
Class com.android.build.api.artifact.SingleArtifact$APK                               : loaded 3 times (x 74B)
Class com.android.build.api.artifact.SingleArtifact                                   : loaded 3 times (x 74B)
Class com.android.build.gradle.internal.dependency.VariantDependencies$Companion$computeLocalFileDependencies$2: loaded 3 times (x 75B)
Class com.android.build.gradle.internal.dependency.VariantDependencies$computeArtifactCollection$attributesAction$1: loaded 3 times (x 75B)
Class com.android.build.gradle.internal.TaskManager$createAssembleTask$1              : loaded 3 times (x 75B)
Class android.databinding.tool.DataBindingBuilder$GradleFileWriter                    : loaded 3 times (x 75B)
Class com.android.build.api.component.impl.DeviceTestImpl$packaging$2                 : loaded 3 times (x 79B)
Class com.android.build.api.component.impl.TestComponentImpl                          : loaded 3 times (x 360B)
Class com.android.build.gradle.internal.core.MergedExternalNativeNdkBuildOptions      : loaded 3 times (x 86B)
Class com.android.build.gradle.internal.core.MergedNdkConfig                          : loaded 3 times (x 95B)
Class com.android.build.gradle.internal.variant.VariantPathHelper$aarLocation$2       : loaded 3 times (x 79B)
Class com.android.build.gradle.internal.publishing.PublishedConfigSpec                : loaded 3 times (x 72B)
Class com.android.build.gradle.internal.ProguardFilesProvider                         : loaded 3 times (x 70B)
Class com.android.build.gradle.internal.dsl.ApplicationBuildFeaturesImpl              : loaded 3 times (x 120B)
Class [Lcom.android.build.api.artifact.Artifact$Category;                             : loaded 3 times (x 69B)
Class com.android.build.gradle.internal.dsl.KeepRulesImpl$AgpDecorated                : loaded 3 times (x 91B)
Class com.android.build.gradle.internal.variant.VariantPathHelper$targetFilterConfigurations$2: loaded 3 times (x 79B)
Class com.android.build.gradle.internal.core.dsl.impl.ConsumableComponentDslInfoImpl$manifestPlaceholdersDslInfo$2: loaded 3 times (x 79B)
Class com.android.build.api.dsl.ApplicationPublishing                                 : loaded 3 times (x 70B)
Class com.android.build.gradle.internal.errors.SyncIssueKey                           : loaded 3 times (x 72B)
Class com.android.build.gradle.internal.utils.PublishingUtils                         : loaded 3 times (x 71B)
Class com.android.build.gradle.internal.manifest.LazyManifestParser                   : loaded 3 times (x 76B)
Class com.android.build.gradle.internal.tasks.factory.TaskFactoryImpl                 : loaded 3 times (x 83B)
Class com.android.build.gradle.internal.tasks.factory.GlobalTaskCreationConfigImpl$localCustomLintChecks$2: loaded 3 times (x 79B)
Class com.android.build.api.artifact.impl.ArtifactsImpl$3$1                           : loaded 3 times (x 80B)
Class com.android.build.gradle.internal.dsl.DependenciesInfoImpl$AgpDecorated_Decorated: loaded 3 times (x 130B)
Class com.android.builder.errors.IssueReporter                                        : loaded 3 times (x 73B)
Class com.android.build.gradle.internal.dsl.CmakeOptions                              : loaded 3 times (x 98B)
Class com.android.build.api.dsl.PrivacySandboxSdkBundle                               : loaded 3 times (x 70B)
Class com.android.build.gradle.internal.dsl.ExternalNativeNdkBuildOptions             : loaded 3 times (x 109B)
Class com.android.build.gradle.internal.dsl.BuildFeaturesImpl                         : loaded 3 times (x 110B)
Class com.android.build.gradle.internal.dsl.BundleOptions$AgpDecorated_Decorated      : loaded 3 times (x 195B)
Class com.android.build.gradle.internal.dsl.AbiSplitOptions$AgpDecorated_Decorated    : loaded 3 times (x 144B)
Class com.android.build.gradle.internal.CompileOptions$AgpDecorated                   : loaded 3 times (x 97B)
Class com.android.build.api.variant.ScopedArtifacts$Scope                             : loaded 3 times (x 79B)
Class com.android.build.gradle.internal.core.dsl.impl.ComponentDslInfoImpl$2          : loaded 3 times (x 78B)
Class com.android.build.gradle.internal.component.legacy.OldVariantApiLegacySupport   : loaded 3 times (x 70B)
Class com.android.build.api.variant.impl.VariantImpl$resValues$2                      : loaded 3 times (x 79B)
Class com.android.build.api.variant.impl.ApplicationVariantImpl$addVariantOutput$1    : loaded 3 times (x 75B)
Class com.android.build.gradle.internal.core.dsl.impl.DslInfoCommonKt$getTestComponentNamespace$2$1: loaded 3 times (x 75B)
Class com.android.build.gradle.internal.tasks.ModuleMetadataWriterTask$CreationAction : loaded 3 times (x 90B)
Class com.android.build.gradle.internal.VariantTaskManager$createTasks$1              : loaded 3 times (x 75B)
Class com.android.build.gradle.internal.scope.InternalArtifactType$COMPILED_NAVIGATION_RES: loaded 3 times (x 74B)
Class com.android.build.gradle.tasks.MergeSourceSetFolders$MergeAssetCreationAction$handleProvider$1: loaded 3 times (x 127B)
Class com.android.build.gradle.internal.tasks.factory.features.DexingTaskCreationAction: loaded 3 times (x 70B)
Class com.android.build.api.variant.impl.SigningConfigImpl$storeFile$1                : loaded 3 times (x 75B)
Class com.android.build.gradle.tasks.PackageApplication$CreationAction$handleProvider$operationRequest$1: loaded 3 times (x 127B)
Class com.android.build.gradle.internal.tasks.featuresplit.FeatureSetMetadataWriterTask$CreationAction$handleProvider$1: loaded 3 times (x 127B)
Class com.android.build.gradle.internal.tasks.MergeStartupProfileTask$CreationAction$handleProvider$1: loaded 3 times (x 127B)
Class com.android.build.gradle.internal.tasks.R8Task$CreationAction                   : loaded 3 times (x 99B)
Class com.android.build.gradle.internal.res.ConvertShrunkResourcesToBinaryTask$CreationAction$handleProvider$2: loaded 3 times (x 127B)
Class com.android.build.gradle.internal.tasks.TestPreBuildTask                        : loaded 3 times (x 328B)
Class org.jetbrains.kotlin.gradle.plugin.KotlinPluginWrapperKt$kotlinToolingVersion$2 : loaded 3 times (x 78B)
Class org.jetbrains.kotlin.gradle.internal.properties.PropertiesBuildService$property$1$valueFromGradleAndLocalProperties$1: loaded 3 times (x 75B)
Class org.jetbrains.kotlin.gradle.dsl.KotlinCommonCompilerOptionsHelper               : loaded 3 times (x 71B)
Class com.android.build.gradle.internal.tasks.LibraryJniLibsTask_Decorated            : loaded 3 times (x 377B)
Class org.jetbrains.kotlin.gradle.plugin.hierarchy.KotlinSourceSetTreeClassifier$Property: loaded 3 times (x 72B)
Class com.android.build.gradle.internal.tasks.MergeConsumerProguardFilesTask          : loaded 3 times (x 330B)
Class com.android.build.gradle.internal.dsl.LibraryAndroidResourcesImpl$AgpDecorated  : loaded 3 times (x 127B)
Class com.android.build.gradle.internal.dsl.LibraryBuildFeaturesImpl                  : loaded 3 times (x 128B)
Class com.android.build.gradle.internal.tasks.DexArchiveBuilderTask$CreationAction$handleProvider$10: loaded 3 times (x 78B)
Class com.android.build.gradle.tasks.MergeResources$Companion                         : loaded 3 times (x 71B)
Class com.google.common.collect.EnumHashBiMap                                         : loaded 3 times (x 159B)
Class [Lorg.jetbrains.kotlin.tooling.core.HasMutableExtras;                           : loaded 3 times (x 69B)
Class com.google.protobuf.InvalidProtocolBufferException                              : loaded 3 times (x 88B)
Class com.android.utils.EnvironmentProvider                                           : loaded 3 times (x 70B)
Class com.android.build.gradle.internal.services.FakeDependencyJarBuildService$RegistrationAction: loaded 3 times (x 74B)
Class com.android.build.api.dsl.LibraryVariantDimension                               : loaded 3 times (x 70B)
Class org.jetbrains.kotlin.gradle.plugin.mpp.KotlinAndroidTarget                      : loaded 3 times (x 159B)
Class org.jetbrains.kotlin.gradle.plugin.DefaultKotlinBasePlugin$addKotlinCompilerConfiguration$1: loaded 3 times (x 75B)
Class com.android.build.api.dsl.AbiSplit                                              : loaded 3 times (x 70B)
Class org.jetbrains.kotlin.gradle.plugin.internal.DefaultCompatibilityConventionRegistrar: loaded 3 times (x 74B)
Class org.jetbrains.kotlin.gradle.plugin.PropertiesProvider                           : loaded 3 times (x 73B)
Class com.android.build.gradle.internal.api.ApplicationVariantImpl_Decorated          : loaded 3 times (x 309B)
Class com.android.build.gradle.internal.dependency.AarTransform                       : loaded 3 times (x 78B)
Class com.android.build.gradle.internal.PropertiesValueSource$Params_Decorated        : loaded 3 times (x 130B)
Class com.android.build.gradle.internal.VariantTaskManager$createReportTasks$signingReportComponents$1: loaded 3 times (x 80B)
Class com.android.build.api.dsl.TestOptions                                           : loaded 3 times (x 70B)
Class com.android.build.gradle.internal.tasks.OptimizeResourcesTask$CreateAction$handleProvider$1: loaded 3 times (x 127B)
Class com.android.build.gradle.internal.scope.InternalArtifactType$LINKED_RESOURCES_PROTO_FORMAT: loaded 3 times (x 74B)
Class com.android.build.gradle.internal.tasks.MergeNativeDebugMetadataTask$CreationAction: loaded 3 times (x 90B)
Class com.android.build.gradle.internal.tasks.ValidateSigningTask$CreationAction$handleProvider$1: loaded 3 times (x 127B)
Class com.android.build.gradle.internal.tasks.ProcessJavaResTask$CreationAction       : loaded 3 times (x 90B)
Class com.android.build.gradle.tasks.CompatibleScreensManifest                        : loaded 3 times (x 330B)
Class com.android.build.api.component.impl.features.InstrumentationCreationConfigImpl : loaded 3 times (x 83B)
Class com.android.build.gradle.internal.TaskManager$createAssembleTask$2              : loaded 3 times (x 75B)
Class com.android.build.api.component.impl.HostTestImpl$manifestPlaceholdersCreationConfig$2: loaded 3 times (x 79B)
Class com.android.build.api.component.UnitTest                                        : loaded 3 times (x 70B)
Class com.android.build.api.variant.impl.DependenciesInfoBuilderImpl_Decorated        : loaded 3 times (x 138B)
Class com.android.build.gradle.internal.VariantManager$createVariant$mappingScopePolicy$2: loaded 3 times (x 78B)
Class com.android.build.api.attributes.ProductFlavorAttr                              : loaded 3 times (x 70B)
Class com.android.build.gradle.internal.core.MergedFlavor                             : loaded 3 times (x 202B)
Class com.android.build.gradle.internal.dsl.CompileSdkDelegate$compileSdk$2$1         : loaded 3 times (x 79B)
Class com.android.build.gradle.internal.services.FakeDependencyJarBuildService$FakeDependencyJarCreator$Params$Inject_: loaded 3 times (x 108B)
Class com.android.build.gradle.internal.dsl.SdkComponentsImpl$sdkDirectory$1          : loaded 3 times (x 75B)
Class com.android.build.gradle.api.AndroidArtifactVariant                             : loaded 3 times (x 70B)
Class com.android.build.gradle.internal.dsl.TestFixturesImpl                          : loaded 3 times (x 81B)
Class com.android.build.api.dsl.Installation                                          : loaded 3 times (x 70B)
Class com.android.build.gradle.internal.dsl.DependenciesInfoImpl$AgpDecorated         : loaded 3 times (x 84B)
Class com.android.build.gradle.internal.dsl.PrivacySandboxImpl$AgpDecorated_Decorated : loaded 3 times (x 126B)
Class com.android.builder.errors.IssueReporter$Severity                               : loaded 3 times (x 79B)
Class com.android.build.gradle.internal.services.Aapt2DaemonBuildService$Parameters   : loaded 3 times (x 72B)
Class com.android.build.gradle.internal.coverage.JacocoOptions_Decorated              : loaded 3 times (x 130B)
Class com.android.build.gradle.internal.api.artifact.SourceArtifactType$SHADERS       : loaded 3 times (x 74B)
Class com.android.builder.core.AbstractProductFlavor$Companion                        : loaded 3 times (x 71B)
Class com.android.build.api.dsl.VcsInfo                                               : loaded 3 times (x 70B)
Class com.android.build.gradle.internal.model.CoreCmakeOptions                        : loaded 3 times (x 70B)
Class com.android.build.gradle.internal.plugins.AndroidPluginBaseServices$androidProblemReporterProviderService$2$1: loaded 3 times (x 79B)
Class com.android.build.gradle.internal.dsl.decorator.SupportedPropertyType$Collection: loaded 3 times (x 74B)
Class com.android.builder.model.v2.ide.ViewBindingOptions                             : loaded 3 times (x 70B)
Class com.android.build.gradle.BaseExtension                                          : loaded 3 times (x 195B)
Class com.android.build.gradle.internal.plugins.VersionCheckPlugin$Companion          : loaded 3 times (x 71B)
Class com.android.build.api.dsl.PrivacySandboxSdkOptimization                         : loaded 3 times (x 70B)
Class com.google.common.util.concurrent.AbstractFuture$SynchronizedHelper             : loaded 3 times (x 78B)
Class com.android.builder.core.ComponentType                                          : loaded 3 times (x 70B)
Class com.android.build.api.variant.HasUnitTestBuilder                                : loaded 3 times (x 70B)
Class com.android.build.api.artifact.ArtifactKind$DIRECTORY                           : loaded 3 times (x 72B)
Class [Lcom.android.builder.model.v2.ide.CodeShrinker;                                : loaded 3 times (x 69B)
Class com.android.build.gradle.internal.coverage.JacocoOptions                        : loaded 3 times (x 85B)
Class com.android.build.api.dsl.SdkComponents                                         : loaded 3 times (x 70B)
Class com.android.build.gradle.internal.dsl.TestFixturesImpl_Decorated                : loaded 3 times (x 127B)
Class com.android.build.api.dsl.ManagedVirtualDevice                                  : loaded 3 times (x 70B)
Class com.android.build.gradle.internal.dsl.BundleOptionsTexture$AgpDecorated         : loaded 3 times (x 85B)
Class com.android.build.gradle.internal.api.VariantFilter                             : loaded 3 times (x 80B)
Class com.android.build.gradle.internal.lint.AndroidLintGlobalTask$GlobalCreationAction: loaded 3 times (x 91B)
Class com.android.build.gradle.internal.utils.SdkUtilsKt                              : loaded 3 times (x 71B)
Class org.gradle.kotlin.dsl.Accessors7t09xqv4rp34sow31xff10e9cKt                      : loaded 3 times (x 71B)
Class com.android.build.gradle.internal.core.dsl.impl.ComponentDslInfoImpl$1          : loaded 3 times (x 78B)
Class com.android.build.gradle.internal.core.dsl.impl.ApplicationVariantDslInfoImpl$versionName$2: loaded 3 times (x 79B)
Class com.android.builder.core.DefaultApiVersion                                      : loaded 3 times (x 77B)
Class com.android.build.gradle.options.ApiStage$Deprecated                            : loaded 3 times (x 72B)
Class com.android.build.gradle.internal.core.dsl.features.OptimizationDslInfo         : loaded 3 times (x 70B)
Class com.android.build.api.component.impl.ComponentImpl$builtInKaptSupportMode$2     : loaded 3 times (x 79B)
Class com.android.build.api.variant.impl.VariantImpl$buildConfigFields$2              : loaded 3 times (x 79B)
Class com.android.build.api.variant.impl.ApplicationVariantImpl$packaging$2           : loaded 3 times (x 79B)
Class com.android.build.api.component.impl.features.AndroidResourcesCreationConfigImpl: loaded 3 times (x 90B)
Class com.android.build.gradle.internal.scope.InternalArtifactType$STABLE_RESOURCE_IDS_FILE: loaded 3 times (x 74B)
Class com.android.build.gradle.internal.dependency.ShrinkerVersion$Companion$R8$2     : loaded 3 times (x 78B)
Class com.android.build.gradle.internal.tasks.FinalizeBundleTask                      : loaded 3 times (x 328B)
Class com.android.build.gradle.internal.tasks.BundleToApkTask$CreationAction$handleProvider$1: loaded 3 times (x 127B)
Class com.android.build.gradle.internal.res.ConvertLinkedResourcesToBinaryTask$CreationAction: loaded 3 times (x 91B)
Class com.android.build.gradle.internal.tasks.OptimizeResourcesTask                   : loaded 3 times (x 332B)
Class com.android.build.gradle.tasks.CompileLibraryResourcesTask$CreationAction$handleProvider$1: loaded 3 times (x 127B)
Class org.jetbrains.kotlin.gradle.plugin.mpp.compilationImpl.factory.KotlinCompilationImplFactory$KotlinCompilationOutputFactory: loaded 3 times (x 70B)
Class org.jetbrains.kotlin.gradle.plugin.mpp.compilationImpl.DefaultKotlinCompilationFriendPathsResolver$AdditionalAndroidFriendArtifactResolver: loaded 3 times (x 74B)
Class org.jetbrains.kotlin.konan.target.TargetSupportException                        : loaded 3 times (x 82B)
Class org.jetbrains.kotlin.gradle.internal.IsInIdeaEnvironmentValueSource             : loaded 3 times (x 80B)
Class com.android.build.gradle.internal.res.ConvertShrunkResourcesToBinaryTask$CreationAction$handleProvider$1: loaded 3 times (x 127B)
Class org.jetbrains.kotlin.gradle.plugin.KotlinCompilationToRunnableFiles             : loaded 3 times (x 70B)
Class org.jetbrains.kotlin.gradle.plugin.mpp.KotlinAndroidTargetKt                    : loaded 3 times (x 71B)
Class com.android.build.gradle.internal.AndroidTestTaskManager$createVariantPreBuildTask$1: loaded 3 times (x 74B)
Class org.jetbrains.kotlin.gradle.plugin.ProjectLocalConfigurations$setupAttributesMatchingStrategy$1$1: loaded 3 times (x 74B)
Class org.jetbrains.kotlin.gradle.targets.native.toolchain.KotlinNativeBundleBuildService$Companion$registerIfAbsent$2$1$1: loaded 3 times (x 75B)
Class com.android.build.gradle.internal.cxx.logging.IssueReporterLoggingEnvironmentKt : loaded 3 times (x 71B)
Class org.jetbrains.kotlin.gradle.plugin.diagnostics.ProblemsReporter$Factory         : loaded 3 times (x 70B)
Class com.android.build.gradle.internal.DependencyConfigurator$registerTransform$1    : loaded 3 times (x 75B)
Class com.android.build.gradle.internal.VariantTaskManager$createReportTasks$signingReportComponents$2: loaded 3 times (x 78B)
Class com.android.build.gradle.internal.utils.D8BackportedMethodsGenerator            : loaded 3 times (x 78B)
Class com.android.build.gradle.internal.variant.BuildAuthorSpecifiedDefaultsFlavorComparator: loaded 3 times (x 90B)
Class com.android.build.gradle.internal.testing.TestData                              : loaded 3 times (x 70B)
Class com.android.build.gradle.internal.scope.InternalArtifactType$OPTIMIZED_PROCESSED_RES: loaded 3 times (x 74B)
Class com.android.build.gradle.internal.tasks.AnchorTaskNames                         : loaded 3 times (x 71B)
Class com.android.build.gradle.internal.tasks.BundleToStandaloneApkTask$CreationAction: loaded 3 times (x 90B)
Class com.android.build.gradle.tasks.PackageAndroidArtifact$Companion$THROW_ON_ERROR_ISSUE_REPORTER$1: loaded 3 times (x 73B)
Class com.android.build.gradle.internal.tasks.StripDebugSymbolsTask$CreationAction$handleProvider$1: loaded 3 times (x 127B)
Class com.android.build.gradle.internal.scope.InternalMultipleArtifactType$DEX        : loaded 3 times (x 74B)
Class com.android.build.gradle.internal.tasks.MergeNativeLibsTask                     : loaded 3 times (x 337B)
Class com.android.build.gradle.internal.res.LinkAndroidResForBundleTask$CreationAction: loaded 3 times (x 93B)
Class com.android.build.gradle.internal.tasks.CheckAarMetadataTask                    : loaded 3 times (x 337B)
Class com.android.build.gradle.internal.TaskManager$MergeType                         : loaded 3 times (x 80B)
Class com.android.build.api.artifact.Artifact$ContainsMany                            : loaded 3 times (x 70B)
Class com.android.build.gradle.internal.tasks.ExtractProfilerNativeDependenciesTask$CreationAction: loaded 3 times (x 90B)
Class com.android.build.api.component.impl.ComponentImpl$compileClasspath$2           : loaded 3 times (x 79B)
Class com.android.build.api.variant.AndroidTest                                       : loaded 3 times (x 70B)
Class com.android.build.gradle.internal.scope.TaskContainer                           : loaded 3 times (x 70B)
Class [Lcom.android.build.gradle.internal.core.dsl.ComponentDslInfo$DslDefinedHostTest;: loaded 3 times (x 69B)
Class com.android.build.gradle.internal.scope.InternalArtifactType$TEST_FIXTURES_LINT_PARTIAL_RESULTS: loaded 3 times (x 74B)
Class com.android.ide.common.blame.SourceFileJsonTypeAdapter                          : loaded 3 times (x 75B)
Class com.android.build.gradle.internal.dsl.AbstractPublishing                        : loaded 3 times (x 73B)
Class com.google.wireless.android.sdk.stats.JavaProcessStatsOrBuilder                 : loaded 3 times (x 70B)
Class com.google.wireless.android.sdk.stats.GradleBuildProfileOrBuilder               : loaded 3 times (x 70B)
Class com.google.common.base.CaseFormat$StringConverter                               : loaded 3 times (x 90B)
Class org.jetbrains.kotlin.gradle.plugin.mpp.InternalKotlinTarget                     : loaded 3 times (x 70B)
Class com.android.build.gradle.internal.profile.NoOpAnalyticsService                  : loaded 3 times (x 110B)
Class com.android.build.gradle.internal.profile.AnalyticsServiceApi                   : loaded 3 times (x 70B)
Class com.android.prefs.AndroidPathLocator                                            : loaded 3 times (x 73B)
Class com.android.build.gradle.internal.services.ClassesHierarchyBuildService         : loaded 3 times (x 80B)
Class com.android.build.gradle.internal.packaging.GradleKeystoreHelper                : loaded 3 times (x 71B)
Class com.android.build.api.variant.HasAndroidTest                                    : loaded 3 times (x 70B)
Class com.android.build.gradle.internal.dsl.JavaCompileOptions                        : loaded 3 times (x 82B)
Class com.google.common.collect.ImmutableMultiset                                     : loaded 3 times (x 163B)
Class org.jetbrains.kotlin.gradle.dsl.ToolchainSupport                                : loaded 3 times (x 70B)
Class org.jetbrains.kotlin.gradle.plugin.KotlinJsPluginWrapper                        : loaded 3 times (x 86B)
Class org.jetbrains.kotlin.gradle.plugin.mpp.HierarchyAttributeContainer$1            : loaded 3 times (x 78B)
Class org.jetbrains.kotlin.gradle.dsl.KotlinJvmOptions                                : loaded 3 times (x 70B)
Class org.jetbrains.kotlin.gradle.plugin.sources.DefaultKotlinSourceSetKt             : loaded 3 times (x 71B)
Class com.android.build.gradle.internal.dsl.OptimizationImpl                          : loaded 3 times (x 86B)
Class com.android.build.gradle.internal.tasks.PackageForHostTest                      : loaded 3 times (x 329B)
Class com.android.build.gradle.internal.dsl.LibraryExtensionImpl                      : loaded 3 times (x 378B)
Class com.android.build.gradle.internal.dsl.LibraryExtensionImpl$dataBinding$1        : loaded 3 times (x 75B)
Class com.android.build.gradle.LibraryExtension_Decorated                             : loaded 3 times (x 528B)
Class com.android.build.gradle.tasks.ProcessLibraryArtProfileTask$CreationAction      : loaded 3 times (x 90B)
Class com.android.build.gradle.internal.tasks.PackageRenderscriptTask$CreationAction  : loaded 3 times (x 90B)
Class com.android.build.gradle.tasks.ExtractSupportedLocalesTask$CreationAction$handleProvider$1: loaded 3 times (x 127B)
Class com.android.build.gradle.internal.scope.InternalArtifactType$D8_METADATA        : loaded 3 times (x 74B)
Class com.google.common.collect.CompoundOrdering                                      : loaded 3 times (x 115B)
Class Build_gradle$2                                                                  : loaded 3 times (x 74B)
Class [Lcom.android.builder.model.v2.ide.TestInfo$Execution;                          : loaded 3 times (x 69B)
Class com.android.builder.model.v2.dsl.ProductFlavor                                  : loaded 3 times (x 70B)
Class org.gradle.tooling.internal.adapter.ProtocolToModelAdapter$NoOpDecoration       : loaded 3 times (x 79B)
Class org.gradle.tooling.internal.adapter.TypeInspector                               : loaded 3 times (x 73B)
Class org.gradle.tooling.model.Element                                                : loaded 3 times (x 70B)
Class com.android.build.gradle.internal.variant.ApplicationVariantFactory             : loaded 3 times (x 106B)
Class com.android.build.gradle.internal.plugins.BasePlugin$variantInputModel$2        : loaded 3 times (x 79B)
Class com.android.build.gradle.options.OptionalBooleanOption                          : loaded 3 times (x 85B)
Class com.android.build.gradle.internal.dsl.InternalPrivacySandboxSdkExtension        : loaded 3 times (x 70B)
Class com.android.build.gradle.internal.dsl.decorator.annotation.NonNullableSetter    : loaded 3 times (x 70B)
Class com.google.gson.JsonDeserializer                                                : loaded 3 times (x 70B)
Class com.google.gson.internal.$Gson$Types                                            : loaded 3 times (x 71B)
Class com.google.protobuf.Internal$LongList                                           : loaded 3 times (x 70B)
Class com.android.build.gradle.internal.tasks.factory.GlobalTaskCreationConfigImpl$platformAttrs$2$1: loaded 3 times (x 75B)
Class com.android.build.gradle.internal.utils.GradleEnvironmentProviderImpl           : loaded 3 times (x 76B)
Class com.android.build.api.dsl.DeviceGroup                                           : loaded 3 times (x 70B)
Class com.android.build.gradle.internal.dsl.VariantDimensionBinaryCompatibilityFix    : loaded 3 times (x 70B)
Class com.android.build.gradle.internal.dsl.decorator.SupportedPropertyType$Var$Boolean: loaded 3 times (x 74B)
Class com.android.build.gradle.internal.dsl.AarMetadataImpl                           : loaded 3 times (x 70B)
Class com.android.build.gradle.internal.dsl.AnnotationProcessorOptions                : loaded 3 times (x 102B)
Class com.android.build.gradle.internal.LibraryTaskManager$createBundleTask$1         : loaded 3 times (x 75B)
Class com.android.build.gradle.tasks.BundleAar                                        : loaded 3 times (x 585B)
Class com.android.build.gradle.internal.plugins.LibraryPlugin$LibraryAndroidComponentsExtensionImplCompat_Decorated: loaded 3 times (x 162B)
Class com.android.build.api.component.impl.ComponentUtils                             : loaded 3 times (x 71B)
Class org.jetbrains.kotlin.compilerRunner.CompilerSystemPropertiesService$Companion$registerIfAbsent$2$1$1: loaded 3 times (x 75B)
Class com.android.build.api.dsl.PrivacySandboxKeepRules                               : loaded 3 times (x 70B)
Class org.jetbrains.kotlin.tooling.core.ExtrasPropertyKt                              : loaded 3 times (x 71B)
Class org.jetbrains.kotlin.gradle.tasks.BaseKotlinCompile                             : loaded 3 times (x 70B)
Class org.jetbrains.kotlin.gradle.plugin.internal.UsesBuildIdProviderService          : loaded 3 times (x 70B)
Class org.jetbrains.kotlin.gradle.plugin.mpp.compilationImpl.KotlinCompilationSourceSetInclusion$include$1: loaded 3 times (x 79B)
Class org.jetbrains.kotlin.gradle.plugin.mpp.compilationImpl.factory.KotlinCompilationImplFactory$KotlinCompilationDependencyConfigurationsFactory: loaded 3 times (x 70B)
Class com.android.build.api.artifact.ArtifactKind$FILE                                : loaded 3 times (x 72B)
Class com.android.build.gradle.internal.dsl.JniLibsPackagingImpl$AgpDecorated         : loaded 3 times (x 93B)
Class com.android.build.gradle.internal.ide.v2.ModelBuilder                           : loaded 3 times (x 80B)
Class com.android.build.gradle.internal.dsl.BundleOptionsLanguage$AgpDecorated_Decorated: loaded 3 times (x 125B)
Class com.android.build.gradle.internal.core.dsl.impl.DslInfoBuilder$computeNames$1   : loaded 3 times (x 79B)
Class org.jetbrains.kotlin.gradle.dsl.KotlinProjectExtensionKt                        : loaded 3 times (x 71B)
Class org.jetbrains.kotlin.gradle.internal.ClassLoadersCachingBuildService$Companion$registerIfAbsent$1: loaded 3 times (x 75B)
Class org.jetbrains.kotlin.gradle.plugin.UsesKotlinGradleBuildServices                : loaded 3 times (x 70B)
Class org.jetbrains.kotlin.gradle.plugin.KotlinGradleBuildServices$Parameters_Decorated: loaded 3 times (x 130B)
Class org.jetbrains.kotlin.gradle.plugin.DefaultKotlinBasePlugin$addKotlinCompilerConfiguration$3: loaded 3 times (x 75B)
Class com.android.build.api.variant.ApplicationAndroidResourcesBuilder                : loaded 3 times (x 70B)
Class org.jetbrains.kotlin.gradle.internal.IdeaKt                                     : loaded 3 times (x 71B)
Class com.android.build.gradle.internal.dependency.ExtractProGuardRulesTransform$Parameters: loaded 3 times (x 70B)
Class com.android.build.gradle.internal.scope.InternalArtifactType$UNIT_TEST_CODE_COVERAGE: loaded 3 times (x 74B)
Class com.android.build.api.variant.impl.FileEntry                                    : loaded 3 times (x 70B)
Class com.android.build.gradle.internal.tasks.PerModuleReportDependenciesTask         : loaded 3 times (x 330B)
Class com.android.build.gradle.internal.tasks.ProguardConfigurableTask$CreationAction : loaded 3 times (x 99B)
Class com.android.build.gradle.internal.scope.InternalArtifactType$DEX_ARCHIVE_INPUT_JAR_HASHES: loaded 3 times (x 74B)
Class com.android.build.gradle.internal.tasks.R8VersionCheckKt                        : loaded 3 times (x 71B)
Class com.android.build.gradle.internal.feature.BundleAllClasses                      : loaded 3 times (x 328B)
Class com.android.build.api.variant.impl.JniLibsPackagingImpl                         : loaded 3 times (x 80B)
Class com.android.build.gradle.internal.tasks.MergeNativeLibsTask$CreationAction$handleProvider$1: loaded 3 times (x 127B)
Class com.android.build.gradle.tasks.CompileNavigationXmlTask$CreationAction$handleProvider$1: loaded 3 times (x 127B)
Class com.android.build.gradle.tasks.ProcessMultiApkApplicationManifest$CreationAction$handleProvider$1: loaded 3 times (x 127B)
Class com.android.build.api.variant.impl.ApplicationVariantBuilderImpl                : loaded 3 times (x 204B)
Class com.android.build.gradle.internal.core.dsl.impl.ConsumableComponentDslInfoImpl$optimizationDslInfo$2: loaded 3 times (x 79B)
Class com.android.build.gradle.internal.publishing.VariantPublishingInfo              : loaded 3 times (x 72B)
Class com.android.build.gradle.internal.dsl.BundleOptionsDeviceGroup$AgpDecorated_Decorated: loaded 3 times (x 130B)
Class com.android.build.gradle.internal.dsl.TestOptions$UnitTestOptions_Decorated     : loaded 3 times (x 130B)
Class com.android.build.gradle.internal.api.artifact.SourceArtifactType$KOTLIN_SOURCES: loaded 3 times (x 74B)
Class com.android.build.api.dsl.LibraryPublishing                                     : loaded 3 times (x 70B)
Class com.android.build.api.dsl.ApplicationBuildType                                  : loaded 3 times (x 70B)
Class [Lcom.android.builder.errors.IssueReporter$Severity;                            : loaded 3 times (x 69B)
Class com.android.build.gradle.internal.SdkComponentsBuildService$Parameters_Decorated: loaded 3 times (x 151B)
Class com.google.protobuf.IterableByteBufferInputStream                               : loaded 3 times (x 92B)
Class com.android.build.gradle.internal.dsl.BundleOptionsCountrySet$AgpDecorated_Decorated: loaded 3 times (x 130B)
Class com.android.build.gradle.internal.dsl.VcsInfoImpl$AgpDecorated                  : loaded 3 times (x 81B)
Class com.google.common.collect.Maps$EntryTransformer                                 : loaded 3 times (x 70B)
Class com.android.build.gradle.internal.component.TaskCreationConfig                  : loaded 3 times (x 70B)
Class com.android.build.gradle.internal.services.DslServicesImpl                      : loaded 3 times (x 99B)
Class build_2e7q02hlufd5yutcc5jjyw5f6$_run_closure1                                   : loaded 3 times (x 139B)
Class com.android.build.api.artifact.ScopedArtifact                                   : loaded 3 times (x 74B)
Class org.gradle.internal.time.MonotonicClock                                         : loaded 3 times (x 77B)
Class com.android.build.gradle.internal.tasks.BundleIdeModelProducerTask              : loaded 3 times (x 328B)
Class com.android.build.gradle.internal.res.ConvertShrunkResourcesToBinaryTask        : loaded 3 times (x 333B)
Class com.android.build.gradle.internal.test.TestDataImpl                             : loaded 3 times (x 111B)
Class com.android.build.gradle.internal.SdkLibDataFactory$Environment                 : loaded 3 times (x 72B)
Class com.google.common.collect.AbstractMapBasedMultimap$WrappedList                  : loaded 3 times (x 205B)
Class com.android.build.gradle.internal.scope.InternalArtifactType$COMPILED_LOCAL_RESOURCES: loaded 3 times (x 74B)
Class org.jetbrains.kotlin.tooling.core.Extras$Key                                    : loaded 3 times (x 72B)
Class org.jetbrains.kotlin.tooling.core.Extras$Key$Companion                          : loaded 3 times (x 71B)
Class org.jetbrains.kotlin.gradle.plugin.mpp.KotlinUsages$KotlinUsagesDisambiguation  : loaded 3 times (x 76B)
Class org.jetbrains.kotlin.gradle.plugin.ProjectLocalConfigurations                   : loaded 3 times (x 71B)
Class org.jetbrains.kotlin.gradle.plugin.diagnostics.KotlinToolingDiagnosticsCollectorKt$kotlinToolingDiagnosticsCollectorProvider$1: loaded 3 times (x 75B)
Class org.jetbrains.kotlin.gradle.plugin.diagnostics.KotlinToolingDiagnosticsCollector$Parameter: loaded 3 times (x 70B)
Class com.google.common.collect.UsingToStringOrdering                                 : loaded 3 times (x 114B)
Class org.jetbrains.kotlin.gradle.plugin.mpp.compilationImpl.KotlinCompilationSourceSetsContainer: loaded 3 times (x 70B)
Class org.jetbrains.kotlin.compilerRunner.CompilerSystemPropertiesService$Parameters  : loaded 3 times (x 70B)
Class com.android.build.gradle.internal.dsl.LibraryInstallationImpl                   : loaded 3 times (x 90B)
Class com.android.build.gradle.tasks.VerifyLibraryResourcesTask$CreationAction        : loaded 3 times (x 93B)
Class com.android.build.gradle.tasks.MergeSourceSetFolders$MergeAssetBaseCreationAction$configure$1: loaded 3 times (x 79B)
Class com.android.build.api.artifact.impl.SingleInitialProviderRequestImpl$on$1       : loaded 3 times (x 75B)
Class org.gradle.internal.time.Clock                                                  : loaded 3 times (x 70B)
Class com.android.build.gradle.internal.dsl.CompileSdkSpecImpl$AgpDecorated_Decorated : loaded 3 times (x 135B)
Class com.android.build.gradle.internal.lint.LintFromMaven                            : loaded 3 times (x 72B)
Class com.android.build.gradle.internal.profile.AnalyticsConfiguratorService$Params   : loaded 3 times (x 70B)
Class com.android.build.gradle.internal.services.BuiltInKotlinServicesKt              : loaded 3 times (x 71B)
Class com.android.build.gradle.internal.dsl.AbiSplitOptions                           : loaded 3 times (x 95B)
Class com.android.build.api.dsl.MultiDexConfig                                        : loaded 3 times (x 70B)
Class com.android.build.gradle.internal.dsl.TestOptions$UnitTestOptions               : loaded 3 times (x 84B)
Class com.android.build.gradle.api.BaseVariant                                        : loaded 3 times (x 70B)
Class com.android.build.gradle.internal.ide.v2.NativeModelBuilder                     : loaded 3 times (x 87B)
Class com.android.build.gradle.internal.plugins.BasePlugin$createTasks$2$1            : loaded 3 times (x 75B)
Class com.android.build.gradle.internal.scope.InternalArtifactType$MERGED_ML_MODELS   : loaded 3 times (x 74B)
Class com.android.build.gradle.internal.tasks.PackageRenderscriptTask$CreationAction$configure$1: loaded 3 times (x 79B)
Class com.android.build.gradle.internal.core.VariantSources                           : loaded 3 times (x 72B)
Class com.android.build.api.variant.impl.ApplicationVariantBuilderImpl$deviceTests$1  : loaded 3 times (x 79B)
Class com.android.build.api.variant.TestSuite                                         : loaded 3 times (x 70B)
Class com.android.build.api.variant.ApplicationAndroidResources                       : loaded 3 times (x 70B)
Class com.android.build.gradle.internal.core.dsl.impl.AndroidTestComponentDslInfoImpl$dexingDslInfo$2: loaded 3 times (x 79B)
Class com.android.build.gradle.internal.LibraryTaskManager$createBundleTask$2         : loaded 3 times (x 127B)
Class com.android.build.gradle.tasks.BundleAar$LibraryCreationAction$handleProvider$1$1: loaded 3 times (x 127B)
Class com.android.build.gradle.internal.dsl.LibraryBuildFeaturesImpl$AgpDecorated_Decorated: loaded 3 times (x 184B)
Class com.android.build.gradle.internal.publishing.ArtifactCategory                   : loaded 3 times (x 79B)
Class com.android.build.gradle.internal.tasks.TestPreBuildTask$CreationAction         : loaded 3 times (x 91B)
Class org.jetbrains.kotlin.gradle.plugin.hierarchy.KotlinSourceSetTreeClassifierKt$sourceSetTreeClassifier$2: loaded 3 times (x 78B)
Class com.android.build.api.variant.ApkPackaging                                      : loaded 3 times (x 70B)
Class org.jetbrains.kotlin.konan.target.HostManager                                   : loaded 3 times (x 72B)
Class org.jetbrains.kotlin.gradle.internal.IsInIdeaEnvironmentValueSource$Inject_     : loaded 3 times (x 100B)
Class com.android.build.api.component.impl.DefaultSourcesProviderImpl$getJniLibs$1    : loaded 3 times (x 127B)
Class org.jetbrains.kotlin.gradle.plugin.mpp.KotlinUsageContext$MavenScope            : loaded 3 times (x 79B)
Class com.android.build.gradle.internal.dependency.EnumerateClassesTransform          : loaded 3 times (x 78B)
Class com.google.gson.ReflectionAccessFilter$FilterResult                             : loaded 3 times (x 79B)
Class com.android.build.gradle.internal.scope.BuildArtifactType$JAVAC_CLASSES         : loaded 3 times (x 74B)
Class com.android.build.gradle.internal.scope.InternalArtifactType$LINT_MODEL_METADATA: loaded 3 times (x 74B)
Class com.android.build.gradle.internal.scope.InternalArtifactType$LIBRARY_JNI        : loaded 3 times (x 74B)
Class com.android.build.gradle.internal.DependencyConfigurator$configureVariantTransforms$3$2$1: loaded 3 times (x 75B)
Class com.android.build.gradle.internal.SdkComponentsBuildService$sdkSourceSet$2      : loaded 3 times (x 79B)
Class com.android.build.gradle.internal.test.AbstractTestDataImpl$flavorName$1        : loaded 3 times (x 79B)
Class com.android.build.gradle.internal.scope.InternalArtifactType$VALIDATE_SIGNING_CONFIG: loaded 3 times (x 74B)
Class com.android.build.gradle.internal.services.BuiltInKotlinSupportMode$Supported   : loaded 3 times (x 71B)
Class com.android.build.gradle.internal.tasks.MergeNativeLibsTask$CreationAction$handleProvider$2: loaded 3 times (x 127B)
Class com.android.build.gradle.internal.api.TestVariantImpl_Decorated                 : loaded 3 times (x 307B)
Class com.android.build.gradle.internal.scope.InternalArtifactType$MERGED_RES_INCREMENTAL_FOLDER: loaded 3 times (x 74B)
Class com.android.build.gradle.internal.tasks.ApplicationIdWriterTask$CreationAction$handleProvider$1: loaded 3 times (x 127B)
Class com.android.build.api.variant.impl.VariantImpl$nativeBuildCreationConfig$2      : loaded 3 times (x 79B)
Class com.android.build.gradle.internal.variant.VariantPathHelper$kaptSourceOutputDir$2: loaded 3 times (x 79B)
Class com.android.build.gradle.internal.component.features.RenderscriptCreationConfig : loaded 3 times (x 70B)
Class org.jetbrains.kotlin.compose.compiler.gradle.ComposeCompilerGradleSubplugin$Companion: loaded 3 times (x 71B)
Class com.android.build.gradle.internal.dsl.DexOptions_Decorated                      : loaded 3 times (x 156B)
Class com.android.build.api.dsl.BuildFeatures                                         : loaded 3 times (x 70B)
Class com.android.build.api.dsl.LintOptions                                           : loaded 3 times (x 70B)
Class com.android.build.gradle.api.BaseVariantOutput                                  : loaded 3 times (x 70B)
Class com.android.build.api.dsl.AndroidSourceDirectorySet                             : loaded 3 times (x 70B)
Class [Lcom.android.resources.ResourceEnum;                                           : loaded 3 times (x 69B)
Class com.android.builder.model.ApiVersion                                            : loaded 3 times (x 70B)
Class com.android.build.gradle.internal.plugins.BasePlugin$dslServices$2$1            : loaded 3 times (x 79B)
Class android.databinding.tool.processing.ScopedException                             : loaded 3 times (x 86B)
Class com.google.protobuf.FieldSet$FieldDescriptorLite                                : loaded 3 times (x 70B)
Class com.google.protobuf.ExtensionLite                                               : loaded 3 times (x 77B)
Class com.android.build.gradle.internal.UnitTestTaskManager                           : loaded 3 times (x 82B)
Class com.android.build.gradle.internal.TaskManager$createAnchorTasks$1               : loaded 3 times (x 75B)
Class com.android.build.gradle.internal.scope.InternalArtifactType$NAVIGATION_JSON    : loaded 3 times (x 74B)
Class com.android.build.api.variant.HasTestSuites                                     : loaded 3 times (x 70B)
Class com.android.build.api.variant.HasTestFixturesBuilder                            : loaded 3 times (x 70B)
Class com.android.build.gradle.internal.core.SettingsOptions                          : loaded 3 times (x 72B)
Class org.jetbrains.kotlin.gradle.plugin.KotlinTarget                                 : loaded 3 times (x 70B)
Class org.jetbrains.kotlin.gradle.plugin.AndroidProjectHandler                        : loaded 3 times (x 72B)
Class com.android.build.gradle.internal.dsl.MultipleVariantsImpl                      : loaded 3 times (x 90B)
Class [Lcom.android.build.gradle.internal.dsl.ModulePropertyKey$OptionalBoolean;      : loaded 3 times (x 69B)
Class com.google.protobuf.UninitializedMessageException                               : loaded 3 times (x 84B)
Class com.google.gson.annotations.JsonAdapter                                         : loaded 3 times (x 70B)
Class com.android.build.gradle.tasks.ProcessManifestForBundleTask$CreationAction      : loaded 3 times (x 90B)
Class [Lcom.android.build.gradle.internal.profile.AnalyticsConfiguratorService$State; : loaded 3 times (x 69B)
Class com.android.builder.errors.IssueReporter$Type                                   : loaded 3 times (x 79B)
Class com.android.build.api.dsl.TargetSdkVersion                                      : loaded 3 times (x 70B)
Class com.android.build.api.dsl.Publishing                                            : loaded 3 times (x 70B)
Class com.android.build.gradle.internal.dsl.BundleOptionsAiModelVersion               : loaded 3 times (x 81B)
Class com.android.build.gradle.internal.dsl.FusedLibraryExtensionImpl                 : loaded 3 times (x 104B)
Class com.android.build.api.artifact.Artifact$Category                                : loaded 3 times (x 79B)
Class com.android.build.gradle.internal.dsl.AbiSplitOptions$AgpDecorated              : loaded 3 times (x 98B)
Class com.android.build.gradle.internal.plugins.AppPlugin$ApplicationAndroidComponentsExtensionImplCompat_Decorated: loaded 3 times (x 162B)
Class com.android.build.gradle.api.AndroidBasePlugin                                  : loaded 3 times (x 74B)
Class com.android.build.api.variant.AndroidResourcesBuilder                           : loaded 3 times (x 70B)
Class com.android.build.api.attributes.BuildTypeAttr$ImplFactory                      : loaded 3 times (x 75B)
Class com.android.build.gradle.internal.variant.VariantPathHelper$apkLocation$2       : loaded 3 times (x 79B)
Class com.android.build.VariantOutput$FilterType                                      : loaded 3 times (x 79B)
Class com.android.build.gradle.internal.core.dsl.impl.InstrumentedTestDslInfoImpl$functionalTest$2: loaded 3 times (x 74B)
Class com.android.build.api.variant.impl.AndroidResourcesImplKt                       : loaded 3 times (x 71B)
Class com.android.build.gradle.internal.HostTestTaskManager                           : loaded 3 times (x 82B)
Class com.android.build.gradle.internal.VariantTaskManager$checkMultidexDependency$2  : loaded 3 times (x 78B)
Class com.android.build.api.variant.impl.ManifestFilesImpl$addSource$1                : loaded 3 times (x 75B)
Class com.android.build.gradle.internal.test.TestDataImpl$libraryType$1               : loaded 3 times (x 79B)
Class com.android.build.gradle.internal.testing.utp.UtpTestUtilsKt                    : loaded 3 times (x 71B)
Class com.android.build.gradle.tasks.AnalyzeDependenciesTask$CreationAction$handleProvider$1: loaded 3 times (x 127B)
Class [Lcom.android.build.gradle.internal.SdkLibDataFactory$Environment$SystemProperty;: loaded 3 times (x 69B)
Class com.android.build.gradle.internal.dependency.PlatformAttrTransform$Inject_1     : loaded 3 times (x 109B)
Class com.android.build.gradle.internal.dependency.CollectClassesTransform$Inject_1   : loaded 3 times (x 109B)
Class org.jetbrains.kotlin.gradle.plugin.internal.JavaExecTaskParametersCompatibility : loaded 3 times (x 70B)
Class org.jetbrains.kotlin.build.report.metrics.BuildPerformanceMetric                : loaded 3 times (x 70B)
Class org.jetbrains.kotlin.gradle.utils.CompletableFuture                             : loaded 3 times (x 70B)
Class org.apache.commons.io.CloseableURLConnection                                    : loaded 3 times (x 116B)
Class com.android.build.gradle.internal.LibraryTaskManager$createBundleTask$3         : loaded 3 times (x 127B)
Class com.android.build.gradle.tasks.BundleAar$LibraryCreationAction$handleProvider$1$2: loaded 3 times (x 125B)
Class org.jetbrains.kotlin.gradle.utils.StringUtilsKt                                 : loaded 3 times (x 71B)
Class org.jetbrains.kotlin.tooling.core.ExtrasLazyProperty                            : loaded 3 times (x 70B)
Class com.android.build.gradle.internal.dsl.PublishingOptionsImpl                     : loaded 3 times (x 77B)
Class com.android.build.api.variant.AarMetadata                                       : loaded 3 times (x 70B)
Class com.android.build.gradle.tasks.ProcessLibraryArtProfileTask$CreationAction$configure$2$1: loaded 3 times (x 74B)
Class org.jetbrains.kotlin.gradle.plugin.sources.AbstractKotlinSourceSet              : loaded 3 times (x 141B)
Class com.android.ide.common.resources.DataSet                                        : loaded 3 times (x 113B)
Class javax.xml.bind.JAXBException                                                    : loaded 3 times (x 85B)
Class com.android.ide.common.resources.ResourceMerger                                 : loaded 3 times (x 101B)
Class com.android.build.gradle.internal.dsl.InternalApplicationExtension              : loaded 3 times (x 70B)
Class org.jetbrains.kotlin.gradle.internal.properties.NativePropertiesLoader$nativeCacheKind$1: loaded 3 times (x 75B)
Class [Lorg.jetbrains.kotlin.build.report.metrics.ValueType;                          : loaded 3 times (x 69B)
Class org.jetbrains.kotlin.gradle.internal.diagnostics.AgpCompatibilityCheck          : loaded 3 times (x 71B)
Class com.android.build.gradle.internal.utils.D8BackportedMethodsGenerator$Parameters_Decorated: loaded 3 times (x 144B)
Class com.android.build.gradle.internal.PropertiesValueSource$Params                  : loaded 3 times (x 70B)
Class com.android.build.api.component.impl.DefaultSourcesProviderImpl$defaultResSources$1: loaded 3 times (x 78B)
Class com.android.build.api.variant.SourceDirectories$Layered                         : loaded 3 times (x 70B)
Class com.android.build.gradle.internal.TaskManager$createDependencyStreams$1         : loaded 3 times (x 79B)
Class com.android.build.api.variant.VariantBuilder                                    : loaded 3 times (x 70B)
Class com.android.build.gradle.internal.tasks.BundleToApkTask$CreationAction          : loaded 3 times (x 90B)
Class com.android.build.gradle.internal.tasks.PerModuleBundleTask$CreationAction      : loaded 3 times (x 90B)
Class com.android.build.gradle.internal.tasks.AppMetadataTask                         : loaded 3 times (x 329B)
Class com.android.build.gradle.internal.component.VariantCreationConfig               : loaded 3 times (x 70B)
Class com.android.build.api.artifact.impl.OperationRequestsImplKt$toCreate$2          : loaded 3 times (x 75B)
Class com.android.build.gradle.internal.scope.InternalArtifactType$BASE_MODULE_METADATA: loaded 3 times (x 74B)
Class com.android.build.gradle.internal.dependency.VariantDependencies$computeArtifactCollection$attributesAction$1$1: loaded 3 times (x 79B)
Class com.android.build.api.component.impl.HostTestImpl                               : loaded 3 times (x 441B)
Class com.android.build.api.variant.impl.SourcesImpl                                  : loaded 3 times (x 117B)
Class com.android.build.api.variant.impl.AndroidResourcesImpl                         : loaded 3 times (x 84B)
Class com.android.build.gradle.internal.scope.InternalArtifactType$FEATURE_SET_METADATA: loaded 3 times (x 74B)
Class com.android.build.gradle.internal.tasks.factory.GlobalTaskCreationConfigImpl$buildToolsRevision$2: loaded 3 times (x 79B)
Class com.android.build.gradle.internal.dsl.LintImpl$severities$2                     : loaded 3 times (x 79B)
Class com.android.build.gradle.internal.api.artifact.SourceArtifactType$AIDL          : loaded 3 times (x 74B)
Class com.android.build.gradle.internal.api.DefaultAndroidSourceFile                  : loaded 3 times (x 88B)
Class com.android.build.api.dsl.CmakeFlags                                            : loaded 3 times (x 70B)
Class com.android.build.gradle.internal.dsl.KeepRulesImpl                             : loaded 3 times (x 86B)
Class com.android.build.gradle.internal.tasks.PerModuleReportDependenciesTask$CreationAction$Companion: loaded 3 times (x 71B)
Class com.android.build.gradle.internal.test.AbstractTestDataImpl                     : loaded 3 times (x 111B)
Class com.android.build.gradle.internal.errors.SyncIssueReporterImpl$GlobalSyncIssueService$RegistrationAction: loaded 3 times (x 74B)
Class com.android.build.gradle.internal.utils.AnalyticsSettingsUtils                  : loaded 3 times (x 71B)
Class com.android.build.api.variant.impl.DirectoryEntries                             : loaded 3 times (x 72B)
Class com.android.build.gradle.internal.tasks.DeviceProviderInstrumentTestTask$CreationAction$Type: loaded 3 times (x 79B)
Class com.android.build.gradle.internal.dependency.AarToClassTransform                : loaded 3 times (x 78B)
Class com.android.ide.common.blame.Message$Kind                                       : loaded 3 times (x 79B)
Class com.android.build.gradle.internal.plugins.KotlinMultiplatformAndroidPlugin      : loaded 3 times (x 81B)
Class com.android.build.gradle.internal.plugins.BasePlugin$lintDslLifecycleRegistrar$2: loaded 3 times (x 79B)
Class com.android.build.api.variant.HasHostTestsBuilder                               : loaded 3 times (x 70B)
Class com.android.build.api.variant.ComponentBuilder                                  : loaded 3 times (x 70B)
Class com.android.build.api.dsl.SettingsExtension                                     : loaded 3 times (x 70B)
Class com.android.build.api.dsl.CommonExtension                                       : loaded 3 times (x 70B)
Class com.android.build.api.variant.HasAndroidResources                               : loaded 3 times (x 70B)
Class com.android.build.gradle.internal.dependency.AsmClassesTransform                : loaded 3 times (x 79B)
Class com.android.build.gradle.internal.publishing.PublishingSpecs$OutputSpec         : loaded 3 times (x 70B)
Class com.android.builder.model.v2.ide.LibraryInfo                                    : loaded 3 times (x 70B)
Class com.android.build.gradle.internal.scope.ProjectInfo                             : loaded 3 times (x 72B)
Class com.google.protobuf.LazyStringArrayList                                         : loaded 3 times (x 314B)
Class [Lcom.google.protobuf.ProtocolMessageEnum;                                      : loaded 3 times (x 69B)
Class com.android.build.gradle.internal.ide.v2.GlobalSyncService                      : loaded 3 times (x 80B)
Class com.android.build.gradle.internal.services.Aapt2DaemonBuildService              : loaded 3 times (x 80B)
Class com.android.build.gradle.internal.plugins.BasePlugin$variantInputModel$2$1      : loaded 3 times (x 79B)
Class com.android.build.gradle.internal.dsl.AgpDslLockedException                     : loaded 3 times (x 82B)
Class com.android.build.gradle.internal.dsl.decorator.SupportedPropertyType$Var$Custom: loaded 3 times (x 74B)
Class com.android.build.gradle.internal.dsl.CoreShaderOptions                         : loaded 3 times (x 70B)
Class com.android.build.gradle.internal.api.artifact.SourceArtifactType$JNI_LIBS      : loaded 3 times (x 74B)
Class com.android.build.gradle.LintLifecycleExtensionImpl                             : loaded 3 times (x 80B)
Class com.android.build.gradle.internal.core.ToolExecutionOptions                     : loaded 3 times (x 72B)
Class com.android.build.api.artifact.impl.ArtifactsImpl                               : loaded 3 times (x 81B)
Class com.android.build.api.artifact.impl.ScopedArtifactsImpl                         : loaded 3 times (x 75B)
Class com.android.build.gradle.internal.ide.v2.NativeModelBuilder$configurationModels$2: loaded 3 times (x 79B)
Class com.android.build.gradle.internal.dsl.AndroidTestImpl$AgpDecorated_Decorated    : loaded 3 times (x 125B)
Class com.android.build.gradle.internal.tasks.factory.TaskConfigAction                : loaded 3 times (x 70B)
Class com.android.build.gradle.internal.VariantTaskManager$checkMultidexDependency$1  : loaded 3 times (x 78B)
Class com.android.build.gradle.internal.tasks.creationconfig.ProcessJavaResCreationConfig: loaded 3 times (x 70B)
Class com.android.build.api.variant.ResourcesPackaging                                : loaded 3 times (x 70B)
Class com.android.build.gradle.internal.scope.InternalArtifactType$INTERMEDIARY_BUNDLE: loaded 3 times (x 74B)
Class com.android.build.gradle.internal.scope.InternalArtifactType$FEATURE_DEX        : loaded 3 times (x 74B)
Class com.android.build.api.variant.ManifestFiles                                     : loaded 3 times (x 70B)
Class com.android.build.gradle.internal.tasks.CheckJetifierTask                       : loaded 3 times (x 323B)
Class com.android.build.gradle.internal.dependency.AarToClassTransform$Inject_1       : loaded 3 times (x 109B)
Class com.android.build.gradle.internal.dependency.BaseDexingTransform$Parameters     : loaded 3 times (x 70B)
Class com.android.build.gradle.internal.core.MergedAarMetadata                        : loaded 3 times (x 84B)
Class org.jetbrains.kotlin.compose.compiler.gradle.internal.ComposeWithAgpConfig$AgpConfigurationProvider$Default: loaded 3 times (x 74B)
Class org.jetbrains.kotlin.gradle.plugin.internal.MavenPublicationComponentAccessor$Factory: loaded 3 times (x 70B)
Class org.jetbrains.kotlin.build.report.metrics.GradleBuildPerformanceMetric$Companion: loaded 3 times (x 71B)
Class org.jetbrains.kotlin.gradle.plugin.KotlinTargetConfiguratorKt$WhenMappings      : loaded 3 times (x 71B)
Class com.android.build.gradle.internal.ProceedTestManifestConfigBuilderKt$createProcessTestManifestConfig$1: loaded 3 times (x 132B)
Class org.jetbrains.kotlin.gradle.plugin.internal.CustomPropertiesFileValueSource$Inject_: loaded 3 times (x 113B)
Class org.jetbrains.kotlin.gradle.targets.native.toolchain.KotlinNativeBundleBuildService$Companion$registerIfAbsent$2$1: loaded 3 times (x 79B)
Class org.jetbrains.kotlin.gradle.plugin.mpp.compilationImpl.KotlinCompilationImpl$Params: loaded 3 times (x 72B)
Class org.jetbrains.kotlin.project.model.LanguageSettings                             : loaded 3 times (x 70B)
Class org.jetbrains.kotlin.gradle.tasks.configuration.BaseKotlinCompileConfig$Companion: loaded 3 times (x 71B)
Class com.android.build.api.variant.LibraryVariant                                    : loaded 3 times (x 70B)
Class org.jetbrains.kotlin.gradle.targets.native.KonanPropertiesBuildService$Parameters: loaded 3 times (x 70B)
Class com.android.build.api.variant.impl.LibraryVariantBuilderImpl$androidTest$2      : loaded 3 times (x 79B)
Class org.jetbrains.kotlin.gradle.internal.IsInIdeaSyncValueSource$Inject_            : loaded 3 times (x 109B)
Class org.jetbrains.kotlin.gradle.plugin.internal.CompatibilityConventionRegistrar$Factory: loaded 3 times (x 70B)
Class com.android.build.gradle.tasks.ExtractSupportedLocalesTask$CreationAction       : loaded 3 times (x 90B)
Class com.android.build.gradle.internal.errors.SyncIssueReporterImplKt                : loaded 3 times (x 71B)
Class com.android.build.gradle.internal.testing.TestData$Companion                    : loaded 3 times (x 71B)
Class com.android.build.gradle.internal.tasks.PerModuleReportDependenciesTask$CreationAction: loaded 3 times (x 90B)
Class com.android.build.api.artifact.impl.OperationRequestsImplKt$toAppend$1          : loaded 3 times (x 75B)
Class com.android.build.api.artifact.impl.TypedStorageProvider$getArtifact$2$1$1      : loaded 3 times (x 79B)
Class com.android.build.gradle.internal.res.ParseLibraryResourcesTask$CreateAction    : loaded 3 times (x 90B)
Class com.android.build.gradle.internal.feature.BundleAllClasses$CreationAction       : loaded 3 times (x 90B)
Class com.android.build.gradle.internal.tasks.ApplicationIdWriterTask$CreationAction  : loaded 3 times (x 90B)
Class com.android.build.gradle.internal.tasks.ApkZipPackagingTask$CreationAction      : loaded 3 times (x 90B)
Class com.android.build.gradle.internal.component.AarCreationConfig                   : loaded 3 times (x 70B)
Class com.android.build.gradle.internal.dsl.TargetSdkSpecImpl$AgpDecorated            : loaded 3 times (x 85B)
Class [Lcom.android.buildanalyzer.common.TaskCategory;                                : loaded 3 times (x 69B)
Class com.google.protobuf.MapFieldReflectionAccessor                                  : loaded 3 times (x 74B)
Class com.android.build.gradle.internal.dsl.CoreExternalNativeBuildOptions            : loaded 3 times (x 70B)
Class com.android.utils.DateProvider                                                  : loaded 3 times (x 70B)
Class com.android.build.gradle.internal.utils.AnalyticsEnabledValueSource$Params      : loaded 3 times (x 70B)
Class org.jetbrains.kotlin.gradle.internal.ClassLoadersCachingBuildService$Companion$registerIfAbsent$2$1$1: loaded 3 times (x 75B)
Class com.google.gson.internal.$Gson$Preconditions                                    : loaded 3 times (x 71B)
Class com.android.build.api.variant.HasHostTests                                      : loaded 3 times (x 70B)
Class com.android.build.gradle.internal.scope.InternalArtifactType$DATA_BINDING_BASE_CLASS_SOURCE_OUT: loaded 3 times (x 74B)
Class com.android.build.gradle.internal.tasks.GlobalSyntheticsMergeTask$CreationAction$handleProvider$1: loaded 3 times (x 127B)
Class com.android.builder.model.v2.dsl.BaseConfig                                     : loaded 3 times (x 70B)
Class com.google.gson.annotations.SerializedName                                      : loaded 3 times (x 70B)
Class org.gradle.internal.time.TimeSource$1                                           : loaded 3 times (x 77B)
Class com.android.build.gradle.AppPluginKt                                            : loaded 3 times (x 71B)
Class com.android.build.gradle.internal.TaskManager                                   : loaded 3 times (x 82B)
Class com.android.utils.Environment$Companion$SYSTEM$1                                : loaded 3 times (x 74B)
Class org.jetbrains.kotlin.gradle.targets.native.KonanPropertiesBuildService$Companion$registerIfAbsent$1: loaded 3 times (x 75B)
Class com.android.build.gradle.internal.utils.AnalyticsSettingsUtils$analyticsEnabledProvider$1: loaded 3 times (x 74B)
Class com.android.tools.analytics.HostData$garbageCollectorBeans$2                    : loaded 3 times (x 78B)
Class [Lcom.google.wireless.android.sdk.stats.GradleBuildProfileSpan$ExecutionType;   : loaded 3 times (x 69B)
Class com.android.build.gradle.internal.utils.GradleEnvironmentProvider               : loaded 3 times (x 70B)
Class com.android.build.gradle.internal.services.LintClassLoaderBuildService$RegistrationAction: loaded 3 times (x 74B)
Class com.android.builder.model.SyncIssue                                             : loaded 3 times (x 70B)
Class com.android.builder.signing.DefaultSigningConfig                                : loaded 3 times (x 109B)
Class com.android.build.gradle.internal.dsl.decorator.SupportedPropertyType$Var       : loaded 3 times (x 74B)
Class com.android.build.api.dsl.KmpOptimization                                       : loaded 3 times (x 70B)
Class com.google.wireless.android.sdk.stats.GradleBuildProject$Builder                : loaded 3 times (x 360B)
Class com.android.build.gradle.internal.dsl.ShaderOptions_Decorated                   : loaded 3 times (x 131B)
Class com.android.builder.testing.api.TestServer                                      : loaded 3 times (x 74B)
Class com.android.builder.core.AbstractBuildType$Companion                            : loaded 3 times (x 71B)
Class com.android.build.gradle.internal.TaskManager$ConfigAttrTask                    : loaded 3 times (x 312B)
Class com.android.build.gradle.internal.tasks.ProcessNavigationXmlTask$CreationAction$configure$1: loaded 3 times (x 78B)
Class com.android.build.gradle.internal.scope.InternalArtifactType$BUILT_IN_KAPT_GENERATED_KOTLIN_SOURCES: loaded 3 times (x 74B)
Class com.android.build.gradle.internal.scope.InternalArtifactType$RENDERSCRIPT_GENERATED_RES: loaded 3 times (x 74B)
Class com.android.build.gradle.internal.dsl.TargetSdkVersionImpl                      : loaded 3 times (x 76B)
Class com.android.build.gradle.internal.utils.DesugarLibUtils$getD8DesugarMethodFileFromTransform$1: loaded 3 times (x 74B)
Class com.android.build.gradle.internal.BuildToolsExecutableInput_Decorated           : loaded 3 times (x 128B)
Class [Lcom.android.build.gradle.internal.profile.ProfilingMode;                      : loaded 3 times (x 69B)
Class com.android.build.api.variant.impl.PackagingImpl                                : loaded 3 times (x 80B)
Class org.jetbrains.kotlin.compose.compiler.gradle.ComposeCompilerGradleSubplugin$applyToCompilation$1: loaded 3 times (x 75B)
Class com.android.build.api.component.impl.AnnotationProcessorImpl                    : loaded 3 times (x 77B)
Class org.jetbrains.kotlin.gradle.tasks.configuration.BaseKotlinCompileConfig$1$jvmToolchain$1: loaded 3 times (x 74B)
Class org.jetbrains.kotlin.gradle.plugin.mpp.InternalKotlinCompilation$DefaultImpls   : loaded 3 times (x 71B)
Class org.jetbrains.kotlin.gradle.plugin.mpp.compilationImpl.KotlinCompilationSourceSetInclusion$DefaultAddSourcesToCompileTask: loaded 3 times (x 74B)
Class [Lcom.android.build.api.variant.VariantOutputConfiguration$OutputType;          : loaded 3 times (x 69B)
Class com.android.build.gradle.internal.core.dsl.HostTestComponentDslInfo             : loaded 3 times (x 70B)
Class com.android.build.gradle.internal.VariantManager$createVariantsFromCombination$9: loaded 3 times (x 79B)
Class com.android.build.api.artifact.impl.InAndOutDirectoryOperationRequestImpl$Companion$initializeInput$1: loaded 3 times (x 75B)
Class com.android.build.gradle.internal.scope.InternalArtifactType$COMPILE_SYMBOL_LIST: loaded 3 times (x 74B)
Class org.jetbrains.kotlin.gradle.dsl.KotlinGradlePluginDsl                           : loaded 3 times (x 70B)
Class org.jetbrains.kotlin.tooling.core.MutableExtras                                 : loaded 3 times (x 70B)
Class org.jetbrains.kotlin.gradle.plugin.KotlinGradleBuildServices$detectKotlinPluginLoadedInMultipleProjects$onRegister$1: loaded 3 times (x 79B)
Class com.android.build.gradle.internal.tasks.factory.features.OptimizationTaskCreationAction: loaded 3 times (x 70B)
Class com.android.build.api.variant.impl.FlatSourceDirectoriesImpl                    : loaded 3 times (x 93B)
Class org.jetbrains.kotlin.build.report.metrics.BuildTime                             : loaded 3 times (x 70B)
Class com.android.build.gradle.internal.api.UnitTestVariantImpl_Decorated             : loaded 3 times (x 264B)
Class com.android.build.gradle.internal.scope.GradleAwareFilterData                   : loaded 3 times (x 70B)
Class com.android.build.gradle.internal.dependency.AarResourcesCompilerTransform$Parameters_Decorated: loaded 3 times (x 134B)
Class com.android.build.gradle.internal.dependency.AarResourcesCompilerTransform$Parameters: loaded 3 times (x 70B)
Class com.android.build.api.variant.impl.DirectoryEntry$Kind                          : loaded 3 times (x 79B)
Class com.android.build.gradle.internal.tasks.featuresplit.FeatureSplitUtils          : loaded 3 times (x 71B)
Class com.android.build.gradle.internal.ProceedTestManifestConfigBuilderKt$createProcessTestManifestConfig$2: loaded 3 times (x 132B)
Class com.android.build.api.artifact.impl.OperationRequestsImplKt$toAppend$2          : loaded 3 times (x 75B)
Class com.android.build.api.artifact.impl.InternalScopedArtifact                      : loaded 3 times (x 74B)
Class com.android.build.gradle.internal.tasks.MergeNativeLibsTask$CreationAction      : loaded 3 times (x 90B)
Class com.android.build.gradle.internal.core.dsl.impl.SigningConfigResolver           : loaded 3 times (x 72B)
Class com.android.build.gradle.internal.component.features.ResValuesCreationConfig    : loaded 3 times (x 70B)
Class com.android.build.gradle.internal.scope.InternalArtifactType                    : loaded 3 times (x 74B)
Class com.android.build.gradle.internal.dsl.SdkComponentsImpl$adb$1                   : loaded 3 times (x 75B)
Class com.android.build.gradle.internal.dsl.ManagedVirtualDeviceFactory               : loaded 3 times (x 75B)
Class com.android.build.gradle.internal.dsl.ManagedVirtualDevice                      : loaded 3 times (x 121B)
Class com.android.build.gradle.internal.api.AndroidSourceSetName                      : loaded 3 times (x 72B)
Class org.objectweb.asm.commons.InstructionAdapter                                    : loaded 3 times (x 188B)
Class com.android.build.api.dsl.BundleAbi                                             : loaded 3 times (x 70B)
Class com.android.build.gradle.internal.services.LintClassLoaderBuildService          : loaded 3 times (x 80B)
Class org.jetbrains.kotlin.gradle.plugin.AbstractKotlinMultiplatformPluginWrapper     : loaded 3 times (x 86B)
Class com.google.protobuf.AbstractMessageLite$Builder                                 : loaded 3 times (x 126B)
Class org.jetbrains.kotlin.gradle.plugin.mpp.compilationImpl.factory.KotlinJvmCompilerOptionsFactory$create$compilerOptions$1: loaded 3 times (x 77B)
Class org.jetbrains.kotlin.compilerRunner.CompilerSystemPropertiesService$Companion   : loaded 3 times (x 71B)
Class com.android.build.gradle.options.ProjectOptionService$RegistrationAction        : loaded 3 times (x 74B)
Class com.android.build.api.variant.ApplicationVariantBuilder                         : loaded 3 times (x 70B)
Class com.android.build.gradle.internal.services.DslServices                          : loaded 3 times (x 70B)
Class org.gradle.internal.time.TimeSource                                             : loaded 3 times (x 70B)
Class org.jetbrains.kotlin.gradle.dsl.KotlinAndroidExtension                          : loaded 3 times (x 70B)
Class com.android.build.gradle.internal.scope.InternalArtifactType$SOURCE_JAR         : loaded 3 times (x 74B)
Class org.jetbrains.kotlin.gradle.plugin.internal.DefaultProjectIsolationStartParameterAccessor: loaded 3 times (x 77B)
Class org.jetbrains.kotlin.gradle.utils.GradleConfigurationUtilsKt$addGradlePluginMetadataAttributes$1: loaded 3 times (x 75B)
Class org.jetbrains.kotlin.konan.target.HostManager$Companion                         : loaded 3 times (x 71B)
Class com.android.build.gradle.internal.tasks.PackageForHostTest$CreationAction       : loaded 3 times (x 90B)
Class com.android.build.gradle.internal.dsl.LibraryExtensionImpl$AgpDecorated_Decorated: loaded 3 times (x 458B)
Class com.android.build.gradle.tasks.ProcessLibraryArtProfileTask                     : loaded 3 times (x 328B)
Class com.android.build.gradle.tasks.ProcessLibraryManifest_Decorated                 : loaded 3 times (x 401B)
Class com.android.builder.model.v2.ide.ComponentInfo                                  : loaded 3 times (x 70B)
Class com.android.build.gradle.internal.errors.AndroidProblemsReporter                : loaded 3 times (x 70B)
Class com.google.common.util.concurrent.MoreExecutors                                 : loaded 3 times (x 71B)
Class com.android.build.gradle.options.FeatureStage$Supported                         : loaded 3 times (x 72B)
Class com.android.build.gradle.internal.services.AndroidLocationsBuildService$androidLocations$1$1: loaded 3 times (x 75B)
Class com.android.build.gradle.internal.SdkComponentsBuildService$Parameters          : loaded 3 times (x 70B)
Class com.android.build.gradle.internal.services.BuiltInKotlinServicesKt$initBuiltInKotlinSupportIfRequired$3: loaded 3 times (x 75B)
Class com.android.build.gradle.internal.dsl.BundleOptions                             : loaded 3 times (x 135B)
Class com.android.build.gradle.internal.dsl.ResourcesPackagingImpl                    : loaded 3 times (x 82B)
Class com.android.build.gradle.internal.dsl.ViewBindingOptionsImpl                    : loaded 3 times (x 84B)
Class com.android.build.api.dsl.VectorDrawables                                       : loaded 3 times (x 70B)
Class com.android.build.gradle.internal.res.GenerateApiPublicTxtTask$CreationAction$handleProvider$1: loaded 3 times (x 127B)
Class com.android.build.gradle.internal.dsl.NdkOptions$DebugSymbolLevel               : loaded 3 times (x 79B)
Class com.android.build.api.dsl.ComposeOptions                                        : loaded 3 times (x 70B)
Class com.android.build.gradle.internal.dsl.ApplicationPublishingImpl$AgpDecorated_Decorated: loaded 3 times (x 130B)
Class com.google.common.base.Charsets                                                 : loaded 3 times (x 71B)
Class com.android.build.gradle.internal.component.features.AndroidResourcesCreationConfig: loaded 3 times (x 70B)
Class com.android.build.api.variant.impl.MetadataRecord                               : loaded 3 times (x 72B)
Class com.android.build.gradle.tasks.ManifestProcessorTask                            : loaded 3 times (x 331B)
Class com.android.build.gradle.internal.scope.InternalArtifactType$PROJECT_DEX_ARCHIVE: loaded 3 times (x 74B)
Class com.android.build.gradle.internal.tasks.ProcessNavigationXmlTask$CreationAction$configure$2: loaded 3 times (x 79B)
Class com.android.ide.common.resources.MergingException                               : loaded 3 times (x 83B)
Class com.android.build.gradle.tasks.BundleAar$Companion$prependToCopyPath$1$1        : loaded 3 times (x 75B)
Class com.android.build.gradle.internal.tasks.BuildAnalyzer                           : loaded 3 times (x 70B)
Class com.android.build.gradle.internal.scope.InternalArtifactType$GLOBAL_SYNTHETICS_FILE_LIB: loaded 3 times (x 74B)
Class com.android.build.api.extension.impl.LibraryAndroidComponentsExtensionImpl      : loaded 3 times (x 114B)
Class com.android.build.api.component.impl.DefaultSourcesProviderImpl$defaultJavaSources$1: loaded 3 times (x 78B)
Class org.jetbrains.kotlin.compose.compiler.gradle.ComposeCompilerGradleSubplugin$applyToCompilation$2: loaded 3 times (x 74B)
Class org.jetbrains.kotlin.gradle.tasks.CompileUsingKotlinDaemon                      : loaded 3 times (x 70B)
Class org.jetbrains.kotlin.gradle.plugin.mpp.KotlinWithJavaTarget                     : loaded 3 times (x 160B)
Class org.jetbrains.kotlin.gradle.utils.StoredPropertyKt$extrasStoredProperty$1       : loaded 3 times (x 78B)
Class com.android.build.gradle.internal.HostTestTaskManager$setupAssembleTasks$2      : loaded 3 times (x 75B)
Class com.android.build.gradle.internal.tasks.factory.BootClasspathConfigImpl$bootClasspath$2$1: loaded 3 times (x 127B)
Class com.android.build.gradle.internal.tasks.LibraryAarJarsTask$CreationAction$handleProvider$2: loaded 3 times (x 127B)
Class org.jetbrains.kotlin.gradle.plugin.internal.DefaultConfigurationCacheStartParameterAccessor: loaded 3 times (x 77B)
Class org.jetbrains.kotlin.gradle.plugin.internal.DefaultConfigurationCacheStartParameterAccessor_Decorated: loaded 3 times (x 121B)
Class org.jetbrains.kotlin.gradle.plugin.KotlinPluginLifecycle$IllegalLifecycleException: loaded 3 times (x 82B)
Class org.jetbrains.kotlin.gradle.internal.properties.NativePropertiesLoader$userProvidedNativeHome$1: loaded 3 times (x 75B)
Class org.jetbrains.kotlin.gradle.plugin.KotlinGradleFinishBuildHandler               : loaded 3 times (x 72B)
Class [Lorg.jetbrains.kotlin.build.report.metrics.BuildPerformanceMetric;             : loaded 3 times (x 69B)
Class org.jetbrains.kotlin.gradle.internal.properties.NativePropertiesLoader$downloadFromMaven$1: loaded 3 times (x 75B)
Class org.jetbrains.kotlin.gradle.dsl.KotlinTopLevelExtension                         : loaded 3 times (x 70B)
Class com.android.build.gradle.internal.DependencyConfigurator$Companion              : loaded 3 times (x 71B)
Class com.android.build.gradle.internal.SdkLibDataFactory$Environment$SystemProperty  : loaded 3 times (x 79B)
Class com.android.build.gradle.internal.res.ConvertLinkedResourcesToBinaryTask        : loaded 3 times (x 333B)
Class com.android.build.api.artifact.SingleArtifact$APK_FROM_BUNDLE                   : loaded 3 times (x 74B)
Class com.android.build.gradle.internal.scope.InternalArtifactType$BINARY_ART_PROFILE : loaded 3 times (x 74B)
Class com.android.build.gradle.internal.tasks.ApplicationTaskManager$createBundleTask$1: loaded 3 times (x 75B)
Class com.android.build.gradle.internal.feature.BundleAllClasses$CreationAction$handleProvider$1: loaded 3 times (x 127B)
Class com.android.build.gradle.internal.res.ParseLibraryResourcesTask$CreateAction$handleProvider$1: loaded 3 times (x 127B)
Class com.android.build.gradle.internal.tasks.ValidateResourcesTask$CreateAction$handleProvider$1: loaded 3 times (x 127B)
Class com.android.build.api.component.impl.features.NativeBuildCreationConfigImpl$externalNativeBuild$2: loaded 3 times (x 79B)
Class [Lcom.android.build.VariantOutput$FilterType;                                   : loaded 3 times (x 69B)
Class com.android.build.api.variant.impl.ApplicationVariantImpl$androidResources$2    : loaded 3 times (x 79B)
Class com.android.build.api.variant.ApkOutputProviders                                : loaded 3 times (x 70B)
Class org.jetbrains.kotlin.gradle.dsl.JvmTarget$Companion                             : loaded 3 times (x 71B)
Class com.android.build.gradle.internal.core.dsl.ComponentDslInfo$DslDefinedHostTest  : loaded 3 times (x 72B)
Class com.android.build.gradle.internal.core.dsl.impl.features.OptimizationDslInfoImpl$mergeOptions$1: loaded 3 times (x 78B)
Class org.jetbrains.kotlin.gradle.utils.StringUtilsKt$lowerCamelCaseName$1            : loaded 3 times (x 125B)
Class com.android.builder.signing.DefaultSigningConfig$DebugSigningConfig             : loaded 3 times (x 72B)
Class com.android.build.gradle.internal.core.dsl.impl.features.DeviceTestOptionsDslInfoImpl: loaded 3 times (x 84B)
Class com.android.build.gradle.internal.core.dsl.features.TestOptionsDslInfo          : loaded 3 times (x 70B)
Class com.android.build.gradle.internal.dsl.DexPackagingImpl$AgpDecorated             : loaded 3 times (x 83B)
Class com.android.build.gradle.internal.dsl.BundleOptionsDensity$AgpDecorated         : loaded 3 times (x 81B)
Class com.android.build.VariantOutput                                                 : loaded 3 times (x 70B)
Class com.android.build.api.artifact.Artifact$Single                                  : loaded 3 times (x 74B)
Class com.android.build.api.dsl.Optimization                                          : loaded 3 times (x 70B)
Class com.android.build.gradle.internal.dsl.DependenciesInfoImpl                      : loaded 3 times (x 81B)
Class com.android.build.api.dsl.TestProductFlavor                                     : loaded 3 times (x 70B)
Class com.android.build.gradle.internal.services.AndroidLocationsBuildService$AndroidDirectoryCreator$Params$Inject_: loaded 3 times (x 108B)
Class com.android.prefs.LocationValue                                                 : loaded 3 times (x 70B)
Class com.android.build.gradle.internal.scope.InternalArtifactType$RENDERSCRIPT_SOURCE_OUTPUT_DIR: loaded 3 times (x 74B)
Class com.android.build.gradle.tasks.GenerateTestConfig$CreationAction                : loaded 3 times (x 90B)
Class com.android.build.gradle.internal.res.Aapt2FromMaven$Companion$DefaultAapt2Version: loaded 3 times (x 71B)
Class com.android.build.api.component.impl.features.ManifestPlaceholdersCreationConfigImpl: loaded 3 times (x 75B)
Class com.android.build.gradle.internal.services.AndroidLocationsBuildService$RegistrationAction: loaded 3 times (x 74B)
Class com.android.build.api.variant.CanMinifyAndroidResources                         : loaded 3 times (x 70B)
Class com.android.build.gradle.internal.plugins.DynamicFeaturePlugin                  : loaded 3 times (x 96B)
Class org.gradle.tooling.internal.gradle.GradleBuildIdentity                          : loaded 3 times (x 70B)
Class org.jetbrains.kotlin.gradle.plugin.mpp.compilationImpl.DefaultKotlinCompilationFriendPathsResolver$DefaultFriendArtifactResolver: loaded 3 times (x 74B)
Class com.google.common.collect.ImmutableMultimap                                     : loaded 3 times (x 147B)
Class org.jetbrains.kotlin.gradle.dsl.KotlinCompile                                   : loaded 3 times (x 70B)
Class com.android.build.gradle.internal.tasks.BundleLibraryClassesJar$CreationAction$handleProvider$1: loaded 3 times (x 127B)
Class com.android.build.gradle.internal.tasks.AarMetadataTask$CreationAction          : loaded 3 times (x 90B)
Class com.android.builder.model.v2.ide.TestInfo                                       : loaded 3 times (x 70B)
Class com.android.build.gradle.internal.scope.InternalArtifactType$VERIFIED_LIBRARY_RESOURCES: loaded 3 times (x 74B)
Class com.android.build.gradle.internal.tasks.DexFileDependenciesTask$CreationAction$handleProvider$2: loaded 3 times (x 127B)
Class org.gradle.tooling.model.ProjectIdentifier                                      : loaded 3 times (x 70B)
Class com.android.Version                                                             : loaded 3 times (x 71B)
Class com.android.build.api.variant.GeneratesApkBuilder                               : loaded 3 times (x 70B)
Class com.android.sdklib.AndroidVersion                                               : loaded 3 times (x 75B)
Class com.android.build.gradle.internal.profile.AnalyticsService$Params_Decorated     : loaded 3 times (x 151B)
Class com.google.wireless.android.sdk.stats.GradleBuildVariantOrBuilder               : loaded 3 times (x 70B)
Class com.android.build.gradle.internal.errors.IncompatibleProjectOptionsReporter     : loaded 3 times (x 71B)
Class com.android.build.gradle.internal.dsl.ApplicationPublishingImpl                 : loaded 3 times (x 81B)
Class com.android.build.gradle.internal.dsl.JUnitEngineSpecImpl                       : loaded 3 times (x 84B)
Class com.android.build.api.dsl.MinSdkSpec                                            : loaded 3 times (x 70B)
Class com.android.build.gradle.internal.dsl.EmulatorControl$AgpDecorated              : loaded 3 times (x 88B)
Class com.android.build.gradle.internal.dsl.BundleOptionsCountrySet$AgpDecorated      : loaded 3 times (x 85B)
Class com.android.build.gradle.api.ApplicationVariant                                 : loaded 3 times (x 70B)
Class [Lcom.android.build.api.variant.ScopedArtifacts$Scope;                          : loaded 3 times (x 69B)
Class com.android.build.gradle.internal.crash.ExternalApiUsageException               : loaded 3 times (x 82B)
Class com.android.build.gradle.internal.lint.LintTaskManager$Companion                : loaded 3 times (x 71B)
Class com.android.build.gradle.internal.lint.LintTaskManager$createBeforeEvaluateLintTasks$1: loaded 3 times (x 75B)
Class com.android.ide.common.resources.SourceSet                                      : loaded 3 times (x 70B)
Class com.android.builder.internal.ClassFieldImpl                                     : loaded 3 times (x 79B)
Class org.apache.commons.io.output.AbstractByteArrayOutputStream                      : loaded 3 times (x 102B)
Class [Lorg.jetbrains.kotlin.cli.common.CompilerSystemProperties;                     : loaded 3 times (x 69B)
Class org.jetbrains.kotlin.gradle.plugin.ProjectLocalConfigurationsKt                 : loaded 3 times (x 71B)
Class org.jetbrains.kotlin.gradle.plugin.mpp.compilationImpl.factory.KotlinCompilationImplFactory: loaded 3 times (x 72B)
Class com.android.build.gradle.internal.core.dsl.ComponentDslInfo$DslDefinedDeviceTest: loaded 3 times (x 72B)
Class com.android.build.api.component.impl.DeviceTestImpl$dexing$2                    : loaded 3 times (x 79B)
Class com.android.build.gradle.internal.core.dsl.impl.features.AndroidResourcesDslInfoImpl: loaded 3 times (x 81B)
Class org.jetbrains.kotlin.gradle.plugin.mpp.KotlinTargetWithBinaries                 : loaded 3 times (x 157B)
Class [Lorg.jetbrains.kotlin.gradle.plugin.KotlinSourceSet;                           : loaded 3 times (x 69B)
Class com.android.build.gradle.internal.VariantManager$createVariantsFromCombination$variantExtensionConfig$1: loaded 3 times (x 78B)
Class com.android.build.gradle.internal.scope.InternalArtifactType$MERGED_MANIFESTS   : loaded 3 times (x 74B)
Class org.jetbrains.kotlin.gradle.utils.StoredLazyProperty$getValue$1                 : loaded 3 times (x 79B)
Class com.android.build.gradle.internal.scope.InternalArtifactType$SYMBOL_LIST_WITH_PACKAGE_NAME: loaded 3 times (x 74B)
Class org.jetbrains.kotlin.statistics.MetricValueValidationFailed                     : loaded 3 times (x 82B)
Class org.jetbrains.kotlin.gradle.plugin.PropertiesProvider$localProperties$2         : loaded 3 times (x 79B)
Class com.android.build.gradle.internal.publishing.AppVariantSpecBuilder              : loaded 3 times (x 90B)
Class com.android.build.gradle.internal.dependency.DexingOutputSplitTransform$Parameters_Decorated: loaded 3 times (x 135B)
Class com.android.build.gradle.internal.dependency.DexingOutputSplitTransform$Parameters: loaded 3 times (x 70B)
Class com.android.build.api.variant.impl.ManifestFilesImpl$allStatic$1                : loaded 3 times (x 74B)
Class com.android.build.gradle.internal.tasks.ApplicationTaskManager$createBundleTask$2: loaded 3 times (x 75B)
Class com.android.build.api.artifact.impl.TypedStorageProvider$getArtifact$2$1        : loaded 3 times (x 79B)
Class com.android.build.gradle.tasks.JavaPreCompileTask$CreationAction                : loaded 3 times (x 90B)
Class com.android.build.gradle.internal.publishing.AndroidArtifacts                   : loaded 3 times (x 71B)
Class com.android.build.gradle.internal.dependency.ConstraintHandler$checkConfigurationAlignments$1: loaded 3 times (x 75B)
Class com.android.build.gradle.internal.core.dsl.impl.features.OptimizationDslInfoImpl$mergeOptions$2: loaded 3 times (x 78B)
Class com.android.build.gradle.internal.core.dsl.impl.features.PrivacySandboxDslInfoImpl: loaded 3 times (x 75B)
Class com.android.build.gradle.internal.dsl.MinSdkDelegate$minSdk$2$1                 : loaded 3 times (x 79B)
Class com.android.build.gradle.internal.core.SettingsOptionsKt                        : loaded 3 times (x 71B)
Class com.android.build.gradle.internal.dsl.BundleOptionsCodeTransparency$AgpDecorated: loaded 3 times (x 81B)
Class com.android.build.gradle.internal.api.artifact.SourceArtifactType$JAVA_RESOURCES: loaded 3 times (x 74B)
Class com.android.build.gradle.api.AndroidSourceFile                                  : loaded 3 times (x 70B)
Class org.objectweb.asm.commons.LocalVariablesSorter                                  : loaded 3 times (x 110B)
Class com.android.build.api.dsl.ViewBinding                                           : loaded 3 times (x 70B)
Class com.android.build.gradle.internal.dsl.DexPackagingImpl                          : loaded 3 times (x 70B)
Class com.android.build.gradle.internal.dsl.AssetPackBundleExtensionImpl              : loaded 3 times (x 70B)
Class com.android.build.gradle.internal.dsl.decorator.SupportedPropertyType$Var$String: loaded 3 times (x 74B)
Class com.android.build.gradle.internal.services.BuiltInKotlinServicesKt$initBuiltInKotlinSupportIfRequired$1: loaded 3 times (x 75B)
Class com.android.prefs.PathLocator                                                   : loaded 3 times (x 73B)
Class com.android.build.gradle.TestedExtension                                        : loaded 3 times (x 215B)
Class com.android.build.gradle.internal.profile.NoOpAnalyticsConfiguratorService      : loaded 3 times (x 82B)
Class com.android.tools.analytics.AnalyticsSettingsData$DataTypeAdapter               : loaded 3 times (x 73B)
Class com.android.build.gradle.internal.services.ClassesHierarchyBuildService$RegistrationAction: loaded 3 times (x 74B)
Class com.android.build.api.artifact.impl.OperationRequestsImplKt$toCreate$1          : loaded 3 times (x 75B)
Class org.gradle.tooling.internal.adapter.ProtocolToModelAdapter$MixInMappingAction   : loaded 3 times (x 80B)
Class org.gradle.internal.exceptions.ResolutionProvider                               : loaded 3 times (x 70B)
Class com.android.build.gradle.internal.tasks.DexFileDependenciesTask$CreationAction$handleProvider$1: loaded 3 times (x 127B)
Class com.android.build.gradle.internal.tasks.PackageBundleTask$CreationAction$handleProvider$1: loaded 3 times (x 127B)
Class com.android.build.gradle.internal.testing.utp.UtpTestUtilsKt$maybeCreateUtpConfigurations$1$1: loaded 3 times (x 74B)
Class com.android.build.gradle.internal.HostTestTaskManager$setupAssembleTasks$1      : loaded 3 times (x 75B)
Class com.android.build.gradle.internal.scope.InternalArtifactType$ANALYZE_DEPENDENCIES_REPORT: loaded 3 times (x 74B)
Class com.android.builder.model.v2.ide.JavaCompileOptions                             : loaded 3 times (x 70B)
Class com.android.build.gradle.internal.dependency.AarToClassTransform$Companion      : loaded 3 times (x 71B)
Class com.android.build.gradle.internal.ide.FilterDataImpl                            : loaded 3 times (x 80B)
Class org.jetbrains.kotlin.gradle.internal.properties.PropertiesBuildService$localProperties$2: loaded 3 times (x 79B)
Class [Lorg.jetbrains.kotlin.gradle.report.BuildReportType;                           : loaded 3 times (x 69B)
Class org.jetbrains.kotlin.gradle.tasks.AbstractKotlinCompileTool                     : loaded 3 times (x 363B)
Class org.jetbrains.kotlin.gradle.utils.WhenPluginEnabledKt$whenPluginsEnabled$1      : loaded 3 times (x 75B)
Class com.android.build.gradle.tasks.VerifyLibraryResourcesTask$CreationAction$handleProvider$1: loaded 3 times (x 127B)
Class com.android.build.gradle.internal.tasks.AarMetadataTask_Decorated               : loaded 3 times (x 389B)
Class org.objectweb.asm.tree.VarInsnNode                                              : loaded 2 times (x 79B)
Class org.jetbrains.plugins.gradle.model.ExternalFilter                               : loaded 2 times (x 70B)
Class com.amazon.ion.IonList                                                          : loaded 2 times (x 70B)
Class org.jetbrains.plugins.gradle.tooling.serialization.internal.adapter.Supplier    : loaded 2 times (x 70B)
Class build_85usgstq4p3zrgvf1xxzxscgy$_run_closure1$_closure6$_closure9               : loaded 2 times (x 139B)
Class build_eduhyel8b2lf2adh9y8447ow3$_run_closure1$_closure7                         : loaded 2 times (x 139B)
Class build_alsmf1mgbrpjpxf67f2ibo2a2$_run_closure1$_closure4                         : loaded 2 times (x 139B)
Class build_8n2h6s6d7tkz6st5lvcamamtk$_run_closure2                                   : loaded 2 times (x 139B)
Class build_7ge58nq9rpezpwjcdge17v52t$_run_closure1$_closure4                         : loaded 2 times (x 139B)
Class build_65kcrjteq7hc3eme107bfyeen$_run_closure1$_closure6                         : loaded 2 times (x 139B)
Class com.android.build.gradle.internal.api.UnitTestVariantImpl_Decorated$hasProperty : loaded 2 times (x 152B)
Class com.google.protobuf.gradle.GenerateProtoTask$_getOutputSourceDirectories_closure11: loaded 2 times (x 136B)
Class kotlinx.coroutines.CoroutineDispatcher                                          : loaded 2 times (x 100B)
Class com.android.build.gradle.internal.lint.LintOptionsInput_Decorated               : loaded 2 times (x 165B)
Class javax.xml.bind.ServiceLoaderUtil$ExceptionHandler                               : loaded 2 times (x 72B)
Class org.jetbrains.kotlin.gradle.plugin.sources.FragmentConsistencyChecks$optInAnnotationsCheck$1$1: loaded 2 times (x 78B)
Class org.jetbrains.kotlin.gradle.tasks.configuration.KaptGenerateStubsConfig         : loaded 2 times (x 72B)
Class org.jetbrains.kotlin.gradle.targets.js.npm.SemVer                               : loaded 2 times (x 75B)
Class org.jetbrains.kotlin.gradle.internal.properties.NativePropertiesLoader$konanDataDirProperty$1$1: loaded 2 times (x 74B)
Class org.jetbrains.kotlin.gradle.plugin.sources.android.configurator.KotlinAndroidSourceSetConfiguratorKt: loaded 2 times (x 71B)
Class org.jetbrains.kotlin.gradle.plugin.diagnostics.checkers.JsEnvironmentChecker$2  : loaded 2 times (x 78B)
Class com.sun.xml.bind.v2.model.impl.EnumLeafInfoImpl                                 : loaded 2 times (x 128B)
Class com.sun.xml.bind.v2.model.nav.ReflectionNavigator$2                             : loaded 2 times (x 81B)
Class org.jetbrains.kotlin.gradle.internal.report.BuildScanApi                        : loaded 2 times (x 70B)
Class org.jetbrains.kotlin.gradle.plugin.statistics.FlowActionBuildFusService$Companion$registerIfAbsentImpl$1$1: loaded 2 times (x 74B)
Class com.sun.xml.bind.v2.model.annotation.XmlTransientQuick                          : loaded 2 times (x 90B)
Class org.jetbrains.kotlin.gradle.plugin.statistics.KotlinBuildStatsConfiguration     : loaded 2 times (x 72B)
Class javax.xml.bind.annotation.XmlAccessorType                                       : loaded 2 times (x 70B)
Class com.sun.xml.bind.v2.runtime.reflect.DefaultTransducedAccessor                   : loaded 2 times (x 79B)
Class com.sun.xml.bind.v2.runtime.reflect.Lister$2                                    : loaded 2 times (x 77B)
Class com.android.build.gradle.internal.ide.v2.SigningConfigImpl                      : loaded 2 times (x 84B)
Class com.android.build.gradle.internal.tasks.featuresplit.PackagedDependenciesWriterTask$CreationAction$configure$3: loaded 2 times (x 74B)
Class com.android.build.api.artifact.impl.InAndOutDirectoryOperationRequestImpl$Companion$initializeInput$1$1: loaded 2 times (x 75B)
Class com.android.build.gradle.internal.tasks.ExtractVersionControlInfoTask$CreationAction$handleProvider$1: loaded 2 times (x 127B)
Class com.android.build.gradle.internal.ide.dependencies.AdditionalArtifacts$Companion: loaded 2 times (x 71B)
Class org.jetbrains.kotlin.gradle.plugin.ide.IdeCompilerArgumentsResolverKt           : loaded 2 times (x 71B)
Class org.jetbrains.kotlin.statistics.metrics.IMetricContainerFactory                 : loaded 2 times (x 70B)
Class org.jetbrains.kotlin.gradle.plugin.diagnostics.KotlinToolingDiagnostics$JsLikeEnvironmentNotChosenExplicitly: loaded 2 times (x 73B)
Class org.jetbrains.kotlin.gradle.plugin.diagnostics.checkers.JsEnvironmentChecker$1  : loaded 2 times (x 78B)
Class org.jetbrains.kotlin.gradle.plugin.diagnostics.checkers.KotlinTargetAlreadyDeclaredChecker$runChecks$1: loaded 2 times (x 88B)
Class org.jetbrains.kotlin.gradle.internal.KotlinDomApiDependencyManagementKt$addKotlinDomApiDependency$1: loaded 2 times (x 75B)
Class org.jetbrains.kotlin.gradle.internal.abi.ConfigsKt$configureLegacyTasks$dumpTaskProvider$1: loaded 2 times (x 75B)
Class com.android.build.gradle.internal.lint.EnvironmentVariableInputs                : loaded 2 times (x 79B)
Class build_rhv3zqymqy5qyoche90t9e9f$_run_closure1$_closure7                          : loaded 2 times (x 139B)
Class com.google.protobuf.gradle.GenerateProtoTask$_getOutputSourceDirectories_closure10: loaded 2 times (x 136B)
Class build_65kcrjteq7hc3eme107bfyeen$_run_closure1$_closure5                         : loaded 2 times (x 139B)
Class build_8n2h6s6d7tkz6st5lvcamamtk$_run_closure1                                   : loaded 2 times (x 139B)
Class build_eduhyel8b2lf2adh9y8447ow3$_run_closure1$_closure6                         : loaded 2 times (x 139B)
Class build_85usgstq4p3zrgvf1xxzxscgy$_run_closure1$_closure6$_closure8               : loaded 2 times (x 139B)
Class kotlin.enums.EnumEntries                                                        : loaded 2 times (x 70B)
Class org.jetbrains.plugins.gradle.tooling.serialization.SerializationService         : loaded 2 times (x 70B)
Class com.amazon.ion.impl.LocalSymbolTable                                            : loaded 2 times (x 121B)
Class com.amazon.ion.impl.lite.IonBlobLite                                            : loaded 2 times (x 219B)
Class org.objectweb.asm.tree.TableSwitchInsnNode                                      : loaded 2 times (x 79B)
Class kotlinx.coroutines.CompletionStateKt                                            : loaded 2 times (x 71B)
Class com.google.common.base.Predicates                                               : loaded 2 times (x 71B)
Class com.android.build.gradle.internal.SdkDirectLoadingStrategy$components$2         : loaded 2 times (x 79B)
Class com.android.repository.impl.generated.v1.ArchiveType                            : loaded 2 times (x 96B)
Class com.android.repository.impl.meta.TypeDetails$GenericType                        : loaded 2 times (x 70B)
Class com.sun.xml.bind.v2.util.TypeCast                                               : loaded 2 times (x 71B)
Class org.jetbrains.kotlin.build.report.metrics.BuildMetricsReporterImpl              : loaded 2 times (x 98B)
Class com.android.build.gradle.internal.ide.v2.BasicAndroidProjectImpl                : loaded 2 times (x 84B)
Class com.sun.xml.bind.v2.runtime.unmarshaller.Patcher                                : loaded 2 times (x 70B)
Class com.sun.xml.bind.v2.model.nav.ReflectionNavigator$3                             : loaded 2 times (x 77B)
Class com.sun.xml.bind.v2.model.annotation.XmlValueQuick                              : loaded 2 times (x 90B)
Class com.sun.istack.Pool                                                             : loaded 2 times (x 70B)
Class com.android.repository.impl.generated.v2.ArchivesType                           : loaded 2 times (x 75B)
Class com.android.build.gradle.internal.FileExistsValueSource$Params                  : loaded 2 times (x 70B)
Class com.android.repository.Revision$PreviewComparison                               : loaded 2 times (x 79B)
Class org.objectweb.asm.tree.ModuleNode                                               : loaded 2 times (x 83B)
Class jdk.internal.jimage.ImageBufferCache                                            : loaded 2 times (x 71B)
Class jdk.internal.jrtfs.JrtPath                                                      : loaded 2 times (x 118B)
Class org.jetbrains.plugins.gradle.model.MavenRepositoryModel                         : loaded 2 times (x 70B)
Class com.amazon.ion.IonSystem                                                        : loaded 2 times (x 70B)
Class com.amazon.ion.impl.bin.IonManagedBinaryWriter$ImportedSymbolContext            : loaded 2 times (x 72B)
Class kotlin.text.MatchResult$DefaultImpls                                            : loaded 2 times (x 71B)
Class org.gradle.tooling.model.idea.IdeaCompilerOutput                                : loaded 2 times (x 70B)
Class org.gradle.internal.classloader.ClasspathUtil                                   : loaded 2 times (x 71B)
Class build_alsmf1mgbrpjpxf67f2ibo2a2$_run_closure1$_closure5                         : loaded 2 times (x 139B)
Class build_8n2h6s6d7tkz6st5lvcamamtk$_run_closure3                                   : loaded 2 times (x 139B)
Class build_7ge58nq9rpezpwjcdge17v52t$_run_closure1$_closure5                         : loaded 2 times (x 139B)
Class com.google.protobuf.gradle.ProtobufExtension$_configureTasks_closure4           : loaded 2 times (x 135B)
Class com.sun.xml.bind.v2.model.nav.ReflectionNavigator$1                             : loaded 2 times (x 81B)
Class com.android.build.gradle.internal.api.ImmutableFlavorList$1                     : loaded 2 times (x 83B)
Class com.sun.xml.bind.v2.runtime.reflect.Lister$1                                    : loaded 2 times (x 76B)
Class com.android.build.api.variant.impl.MultiOutputHandlerImplBase                   : loaded 2 times (x 95B)
Class com.android.build.gradle.internal.tasks.factory.BootClasspathConfigImpl$mockableJarArtifact$2$attributes$1: loaded 2 times (x 75B)
Class org.jetbrains.kotlin.gradle.plugin.abi.JvmOrAndroidKt                           : loaded 2 times (x 71B)
Class com.android.build.gradle.internal.ide.v2.AaptOptionsImpl                        : loaded 2 times (x 75B)
Class com.android.build.gradle.internal.tasks.featuresplit.PackagedDependenciesWriterTask$CreationAction$configure$2: loaded 2 times (x 74B)
Class com.android.build.gradle.internal.attribution.BuildAnalyzerConfiguratorService$RegistrationAction: loaded 2 times (x 74B)
Class org.jetbrains.kotlin.gradle.internal.abi.AbiFiltersSpecImpl_Decorated           : loaded 2 times (x 132B)
Class org.jetbrains.kotlin.gradle.plugin.diagnostics.checkers.InternalGradlePropertiesUsageChecker$runChecks$1: loaded 2 times (x 88B)
Class com.android.build.gradle.internal.variant.DimensionCombinator$computeVariantsWithFlavors$flavorMap$1: loaded 2 times (x 78B)
Class org.jetbrains.kotlin.gradle.plugin.sources.android.checker.MultiplatformLayoutV1DeprecationChecker: loaded 2 times (x 75B)
Class org.jetbrains.kotlin.gradle.plugin.sources.android.configurator.KotlinAndroidSourceSetInfoConfigurator: loaded 2 times (x 75B)
Class org.jetbrains.kotlin.gradle.plugin.diagnostics.checkers.JsEnvironmentChecker$3  : loaded 2 times (x 78B)
Class com.android.build.gradle.internal.VariantManager$addExtraSourceSets$1           : loaded 2 times (x 79B)
Class org.jetbrains.kotlin.statistics.metrics.StringOverridePolicy$CONCAT             : loaded 2 times (x 85B)
Class org.jetbrains.kotlin.gradle.dsl.KotlinSingleJavaTargetExtension                 : loaded 2 times (x 124B)
Class org.jetbrains.kotlin.gradle.targets.KotlinTargetSideEffect$Companion            : loaded 2 times (x 71B)
Class org.jetbrains.kotlin.gradle.plugin.mpp.compilationImpl.KotlinCreateNativeCompileTasksSideEffectKt$special$$inlined$KotlinCompilationSideEffect$1: loaded 2 times (x 74B)
Class org.jetbrains.kotlin.gradle.plugin.sources.android.MultiplatformLayoutV1KotlinAndroidSourceSetNaming: loaded 2 times (x 75B)
Class org.jetbrains.kotlin.gradle.internal.abi.AbiFiltersSpecImplKt                   : loaded 2 times (x 71B)
Class org.jetbrains.kotlin.gradle.utils.ProviderApiUtilsKt$sam$i$java_util_concurrent_Callable$0: loaded 2 times (x 75B)
Class build_ckvyah855w9iw77prgrw80pm4                                                 : loaded 2 times (x 172B)
Class build_rhv3zqymqy5qyoche90t9e9f$_run_closure1$_closure6                          : loaded 2 times (x 139B)
Class build_65kcrjteq7hc3eme107bfyeen$_run_closure1$_closure4                         : loaded 2 times (x 139B)
Class build_d1blq9flsspetkapp5062l9ai$_run_closure3                                   : loaded 2 times (x 139B)
Class build_3vj6i99vz7549bydt3dz7b6z1$_run_closure1$_closure5                         : loaded 2 times (x 139B)
Class build_6kbhpc9qtdsduhdrvvm7rvj6i$_run_closure1$_closure5$_closure6               : loaded 2 times (x 139B)
Class build_eduhyel8b2lf2adh9y8447ow3$_run_closure1$_closure5                         : loaded 2 times (x 139B)
Class org.gradle.tooling.model.kotlin.dsl.KotlinDslScriptsModel                       : loaded 2 times (x 70B)
Class org.gradle.tooling.model.idea.IdeaDependencyScope                               : loaded 2 times (x 70B)
Class kotlin.ranges.IntRange                                                          : loaded 2 times (x 93B)
Class [Lorg.gradle.api.JavaVersion;                                                   : loaded 2 times (x 69B)
Class gnu.trove.TObjectIntProcedure                                                   : loaded 2 times (x 70B)
Class org.jetbrains.plugins.gradle.tooling.serialization.internal.IdeaProjectSerializationService$WriteContext$8: loaded 2 times (x 83B)
Class com.amazon.ion.impl.bin.IonManagedBinaryWriter                                  : loaded 2 times (x 166B)
Class com.amazon.ion.impl.bin.WriteBuffer                                             : loaded 2 times (x 78B)
Class kotlinx.coroutines.ThreadLocalEventLoop                                         : loaded 2 times (x 71B)
Class kotlinx.coroutines.BlockingEventLoop                                            : loaded 2 times (x 118B)
Class com.android.build.gradle.internal.SdkLocation                                   : loaded 2 times (x 72B)
Class com.sun.xml.bind.api.AccessorException                                          : loaded 2 times (x 82B)
Class org.gradle.tooling.internal.consumer.converters.GradleProjectIdentifierMixin    : loaded 2 times (x 73B)
Class org.jetbrains.kotlin.cli.common.arguments.ParseCommandLineArgumentsKt           : loaded 2 times (x 71B)
Class org.jetbrains.kotlin.gradle.dsl.KotlinCommonCompilerOptionsExtensionsKt$usesK2$1: loaded 2 times (x 74B)
Class com.android.build.gradle.internal.ide.v2.LibraryInfoImpl                        : loaded 2 times (x 84B)
Class javax.xml.bind.annotation.XmlType$DEFAULT                                       : loaded 2 times (x 71B)
Class com.google.wireless.android.sdk.stats.GradleBuildProfileSpan$Builder            : loaded 2 times (x 316B)
Class com.android.build.gradle.internal.EmulatorComponents$Companion                  : loaded 2 times (x 71B)
Class com.sun.xml.bind.v2.runtime.property.UnmarshallerChain                          : loaded 2 times (x 72B)
Class com.sun.istack.SAXException2                                                    : loaded 2 times (x 83B)
Class com.sun.xml.bind.v2.runtime.unmarshaller.TextLoader                             : loaded 2 times (x 78B)
Class com.sun.xml.bind.v2.TODO                                                        : loaded 2 times (x 71B)
Class com.sun.xml.bind.v2.model.runtime.RuntimeElementPropertyInfo                    : loaded 2 times (x 70B)
Class com.sun.xml.bind.v2.model.nav.ReflectionNavigator$4                             : loaded 2 times (x 77B)
Class com.sun.xml.bind.v2.model.impl.RuntimeBuiltinLeafInfoImpl$20                    : loaded 2 times (x 136B)
Class com.android.sdklib.repository.generated.sysimg.v2.ObjectFactory                 : loaded 2 times (x 75B)
Class com.android.build.gradle.internal.SdkComponentsBuildService$VersionedSdkLoader$additionalLibrariesProvider$1: loaded 2 times (x 75B)
Class com.android.build.gradle.internal.GradleLocalPropertiesFactory                  : loaded 2 times (x 71B)
Class com.google.common.collect.ComparisonChain                                       : loaded 2 times (x 80B)
Class kotlinx.coroutines.NonDisposableHandle                                          : loaded 2 times (x 78B)
Class org.objectweb.asm.tree.MethodNode                                               : loaded 2 times (x 110B)
Class com.intellij.gradle.toolingExtension.impl.model.sourceSetModel.GradleSourceSetSerialisationService: loaded 2 times (x 77B)
Class kotlin.io.FileSystemException                                                   : loaded 2 times (x 82B)
Class build_alsmf1mgbrpjpxf67f2ibo2a2$_run_closure1$_closure6                         : loaded 2 times (x 139B)
Class build_a2j7rkulzo52kpnaoaf05dms3$_run_closure1$_closure4                         : loaded 2 times (x 139B)
Class build_8plm564spnlwnxa85gbkxylp5$_run_closure1$_closure4                         : loaded 2 times (x 139B)
Class build_alo5czfvr9bgbyvoloczajhrk$_run_closure1$_closure4                         : loaded 2 times (x 139B)
Class build_d1blq9flsspetkapp5062l9ai$_run_closure1$_closure5$_closure9               : loaded 2 times (x 139B)
Class com.google.gradle.osdetector.OsDetector$Release                                 : loaded 2 times (x 75B)
Class com.sun.xml.bind.v2.runtime.reflect.Accessor                                    : loaded 2 times (x 85B)
Class com.android.build.gradle.internal.coverage.JacocoReportTask$CreationActionConnectedTest: loaded 2 times (x 92B)
Class com.sun.xml.bind.v2.model.impl.RuntimeAttributePropertyInfoImpl                 : loaded 2 times (x 144B)
Class javax.xml.bind.annotation.adapters.XmlAdapter                                   : loaded 2 times (x 73B)
Class org.jetbrains.kotlin.gradle.plugin.sources.DefaultLanguageSettingsBuilder$freeCompilerArgsProvider$1: loaded 2 times (x 95B)
Class org.jetbrains.kotlin.gradle.tooling.IncludeKotlinToolingMetadataInApkKt$includeKotlinToolingMetadataInApk$1$1$1: loaded 2 times (x 74B)
Class com.sun.xml.bind.v2.runtime.reflect.TransducedAccessor$CompositeContextDependentTransducedAccessorImpl: loaded 2 times (x 79B)
Class org.jetbrains.kotlin.gradle.tasks.abi.KotlinLegacyAbiUpdateTask$Companion       : loaded 2 times (x 71B)
Class com.android.build.gradle.internal.EmulatorComponents                            : loaded 2 times (x 72B)
Class org.jetbrains.kotlin.gradle.targets.js.npm.DevNpmDependencyExtension            : loaded 2 times (x 70B)
Class org.jetbrains.kotlin.gradle.plugin.diagnostics.checkers.PreHmppDependenciesUsageChecker: loaded 2 times (x 74B)
Class org.jetbrains.kotlin.gradle.targets.CreateArtifactsSideEffectKt                 : loaded 2 times (x 71B)
Class org.jetbrains.kotlin.gradle.plugin.KotlinAndroidPlugin$Companion                : loaded 2 times (x 71B)
Class com.android.build.gradle.tasks.GenerateTestConfig$TestConfigInputs              : loaded 2 times (x 72B)
Class com.android.build.gradle.internal.dependency.AarToRClassTransform$Inject_1      : loaded 2 times (x 109B)
Class com.android.build.gradle.internal.dependency.AarTransform$Parameters$Inject_    : loaded 2 times (x 114B)
Class org.jetbrains.kotlin.gradle.plugin.mpp.KotlinMetadataTarget                     : loaded 2 times (x 161B)
Class com.android.build.gradle.internal.attribution.BuildAnalyzerConfiguratorService$initBuildAnalyzerService$1: loaded 2 times (x 75B)
Class com.android.build.gradle.internal.scope.InternalArtifactType$LINT_TEXT_REPORT   : loaded 2 times (x 74B)
Class org.jetbrains.kotlin.gradle.plugin.BuildFinishAndConfigurationTimeMetricsFlowAction$Parameters: loaded 2 times (x 70B)
Class org.jetbrains.kotlin.gradle.plugin.BuildFinishAndConfigurationTimeMetricsFlowAction$Parameters_Decorated: loaded 2 times (x 139B)
Class org.jetbrains.kotlin.gradle.plugin.mpp.compilationImpl.KotlinCreateLifecycleTasksSideEffectKt$KotlinCreateLifecycleTasksSideEffect$1: loaded 2 times (x 74B)
Class org.jetbrains.kotlin.gradle.artifacts.KotlinTargetArtifact$Companion            : loaded 2 times (x 71B)
Class [Lcom.android.build.gradle.internal.tasks.AndroidReportTask$CreationAction$TaskKind;: loaded 2 times (x 69B)
Class [Lorg.jetbrains.kotlin.gradle.plugin.KotlinPluginLifecycle$Stage;               : loaded 2 times (x 69B)
Class org.jetbrains.kotlin.gradle.dsl.PlatformSourceSetConventionsChecker$runChecks$$inlined$CheckedPlatformInfo$default$1: loaded 2 times (x 78B)
Class org.jetbrains.kotlin.gradle.internal.KotlinTestDependencyManagementKt$configureKotlinTestDependency$2: loaded 2 times (x 75B)
Class org.jetbrains.kotlin.gradle.plugin.AndroidProjectHandler$wireKotlinTasks$4      : loaded 2 times (x 74B)
Class com.android.build.gradle.internal.dsl.CompileSdkDelegate$compileSdkVersion$1    : loaded 2 times (x 78B)
Class com.android.build.gradle.internal.LibraryTaskManager$createJacocoTask$4         : loaded 2 times (x 127B)
Class com.google.android.gms.dependencies.DependencyAnalyzer                          : loaded 2 times (x 75B)
Class com.android.build.gradle.internal.lint.EnvironmentVariableInputs$initialize$4   : loaded 2 times (x 74B)
Class build_rhv3zqymqy5qyoche90t9e9f$_run_closure1$_closure5                          : loaded 2 times (x 139B)
Class build_65kcrjteq7hc3eme107bfyeen$_run_closure1$_closure3                         : loaded 2 times (x 139B)
Class build_d1blq9flsspetkapp5062l9ai$_run_closure2                                   : loaded 2 times (x 139B)
Class build_2ybws2pajndu6p4l918acwksh$_run_closure1$_closure5$_closure8               : loaded 2 times (x 139B)
Class build_3vj6i99vz7549bydt3dz7b6z1$_run_closure1$_closure4                         : loaded 2 times (x 139B)
Class build_7bikk7comoicc7aydcr4txaov$_run_closure1$_closure5$_closure6               : loaded 2 times (x 139B)
Class build_eduhyel8b2lf2adh9y8447ow3$_run_closure1$_closure4                         : loaded 2 times (x 139B)
Class kotlin.jvm.internal.CallableReference                                           : loaded 2 times (x 106B)
Class kotlin.collections.AbstractList$SubList                                         : loaded 2 times (x 198B)
Class kotlin.jvm.internal.Intrinsics$Kotlin                                           : loaded 2 times (x 71B)
Class org.jetbrains.plugins.gradle.tooling.serialization.internal.IdeaProjectSerializationService$WriteContext$7: loaded 2 times (x 83B)
Class org.jetbrains.plugins.gradle.model.RepositoryModels                             : loaded 2 times (x 70B)
Class com.amazon.ion.impl.lite.ValueFactoryLite                                       : loaded 2 times (x 218B)
Class org.jetbrains.kotlin.tooling.core.KotlinToolingVersionKt                        : loaded 2 times (x 71B)
Class com.android.build.gradle.internal.SdkFullLoadingStrategy                        : loaded 2 times (x 72B)
Class com.android.sdklib.repository.generated.addon.v3.ObjectFactory                  : loaded 2 times (x 80B)
Class com.android.sdklib.repository.generated.common.v2.ObjectFactory                 : loaded 2 times (x 75B)
Class com.sun.xml.bind.v2.model.impl.ClassInfoImpl$PropertySorter                     : loaded 2 times (x 152B)
Class com.android.repository.impl.generated.generic.v1.GenericDetailsType             : loaded 2 times (x 76B)
Class com.android.build.gradle.internal.ide.v2.AndroidLibraryDataImpl$Companion       : loaded 2 times (x 71B)
Class com.android.build.gradle.internal.ide.dependencies.GraphEdgeCacheImpl           : loaded 2 times (x 75B)
Class com.android.build.gradle.internal.ide.v2.AndroidDslImpl$Companion               : loaded 2 times (x 71B)
Class com.android.build.gradle.internal.ide.v2.ModelBuilder$DimensionInformation$Companion: loaded 2 times (x 71B)
Class com.android.build.gradle.internal.ide.v2.SourceSetContainerImpl                 : loaded 2 times (x 80B)
Class [Lcom.sun.xml.bind.v2.model.core.PropertyInfo;                                  : loaded 2 times (x 69B)
Class com.sun.xml.bind.v2.model.nav.ReflectionNavigator$5                             : loaded 2 times (x 77B)
Class com.sun.xml.bind.v2.model.impl.RuntimeBuiltinLeafInfoImpl$21                    : loaded 2 times (x 136B)
Class com.sun.xml.bind.v2.model.runtime.RuntimeTypeInfo                               : loaded 2 times (x 70B)
Class com.android.sdklib.repository.IdDisplay                                         : loaded 2 times (x 80B)
Class org.objectweb.asm.tree.FieldNode                                                : loaded 2 times (x 80B)
Class com.google.common.collect.AbstractMapBasedMultimap$WrappedSet                   : loaded 2 times (x 142B)
Class com.amazon.ion.impl.lite.IonIntLite                                             : loaded 2 times (x 189B)
Class com.amazon.ion.impl._Private_IonReaderBuilder$TwoElementInputStream             : loaded 2 times (x 92B)
Class com.amazon.ion.util._Private_FastAppendable                                     : loaded 2 times (x 70B)
Class [Lcom.amazon.ion.impl.bin.IonRawBinaryWriter$PreallocationMode;                 : loaded 2 times (x 69B)
Class kotlin.jvm.internal.DefaultConstructorMarker                                    : loaded 2 times (x 71B)
Class org.gradle.api.specs.Spec                                                       : loaded 2 times (x 70B)
Class build_5dtjohsjy0us0jteu4xnj6syp$_run_closure1$_closure3                         : loaded 2 times (x 139B)
Class build_6sr828pljhmgr29mbhobe64n5                                                 : loaded 2 times (x 172B)
Class build_dgs60ascdojv1dazrss2dlprj$_run_closure1$_closure5$_closure8               : loaded 2 times (x 139B)
Class build_a2j7rkulzo52kpnaoaf05dms3$_run_closure1$_closure5                         : loaded 2 times (x 139B)
Class build_8plm564spnlwnxa85gbkxylp5$_run_closure1$_closure5                         : loaded 2 times (x 139B)
Class build_8gsxwmmagq84b5gieklt0c7t4$_run_closure1$_closure5$_closure6$_closure7     : loaded 2 times (x 139B)
Class build_48guv78gsyj6sanu32b36jz3y$_run_closure1$_closure4                         : loaded 2 times (x 139B)
Class build_alo5czfvr9bgbyvoloczajhrk$_run_closure1$_closure5                         : loaded 2 times (x 139B)
Class com.google.protobuf.gradle.GenerateProtoTask$_getAllExecutableLocators_closure8 : loaded 2 times (x 135B)
Class com.google.protobuf.gradle.ToolsLocator                                         : loaded 2 times (x 86B)
Class build_cc7u0r9xiqyotfw234iubg8pg$_run_closure1                                   : loaded 2 times (x 139B)
Class com.android.build.gradle.internal.lint.VariantInputs$initialize$7$1             : loaded 2 times (x 79B)
Class org.jetbrains.kotlin.gradle.dsl.jvm.JvmTargetValidationMode                     : loaded 2 times (x 79B)
Class com.android.build.gradle.tasks.SourceJarTask$CreationAction$handleProvider$1    : loaded 2 times (x 78B)
Class com.google.common.collect.Streams                                               : loaded 2 times (x 71B)
Class com.android.build.gradle.internal.lint.AndroidLintTask$SingleVariantCreationAction$Companion: loaded 2 times (x 71B)
Class org.jetbrains.kotlin.gradle.plugin.statistics.BuildFusService$Companion$registerIfAbsent$1$1: loaded 2 times (x 79B)
Class org.jetbrains.kotlin.gradle.plugin.KotlinPluginLifecycleKt$kotlinPluginLifecycle$2: loaded 2 times (x 78B)
Class org.jetbrains.kotlin.gradle.plugin.SubpluginEnvironment$Companion               : loaded 2 times (x 71B)
Class org.jetbrains.kotlin.gradle.plugin.mpp.ApplyUserDefinedAttributesKt$UserDefinedAttributesSetupAction$1$1$3: loaded 2 times (x 75B)
Class org.jetbrains.kotlin.gradle.plugin.sources.android.configurator.CompositeKotlinAndroidSourceSetConfigurator: loaded 2 times (x 76B)
Class org.jetbrains.kotlin.gradle.plugin.diagnostics.checkers.OverriddenKotlinNativeHomeChecker$StdlibExistenceCheckerValueSource$Params_Decorated: loaded 2 times (x 130B)
Class org.jetbrains.kotlin.gradle.dsl.KotlinJvmOptions$DefaultImpls                   : loaded 2 times (x 71B)
Class org.jetbrains.kotlin.gradle.plugin.abi.UtilsKt$prepareAbiClasspath$1$1          : loaded 2 times (x 75B)
Class org.jetbrains.kotlin.konan.target.UtilsKt                                       : loaded 2 times (x 71B)
Class org.jetbrains.kotlin.gradle.tooling.BuildKotlinToolingMetadataTask              : loaded 2 times (x 314B)
Class org.jetbrains.kotlin.gradle.plugin.sources.android.configurator.KotlinAndroidJavaSourceDirConfigurator$configure$1: loaded 2 times (x 75B)
Class org.jetbrains.kotlin.gradle.plugin.internal.CompatibilityConventionRegistrarKt  : loaded 2 times (x 71B)
Class org.jetbrains.kotlin.gradle.artifacts.KotlinJvmJarArtifactKt                    : loaded 2 times (x 71B)
Class org.jetbrains.kotlin.gradle.plugin.mpp.compilationImpl.CreateCInteropTasksSideEffectKt$special$$inlined$KotlinCompilationSideEffect$1: loaded 2 times (x 74B)
Class org.jetbrains.kotlin.gradle.plugin.statistics.FinalizeConfigurationFusMetricActionKt: loaded 2 times (x 71B)
Class org.jetbrains.kotlin.gradle.internal.KotlinTestDependencyManagementKt$configureKotlinTestDependency$1: loaded 2 times (x 79B)
Class org.jetbrains.kotlin.gradle.plugin.mpp.KotlinAndroidTarget$checkPublishLibraryVariantsExist$getLibraryVariantNames$1$1: loaded 2 times (x 79B)
Class org.jetbrains.kotlin.gradle.plugin.statistics.KotlinBuildStatsBeanService       : loaded 2 times (x 87B)
Class org.jetbrains.kotlin.gradle.plugin.AndroidProjectHandler$wireKotlinTasks$3      : loaded 2 times (x 74B)
Class com.android.build.gradle.internal.LibraryTaskManager$createJacocoTask$3         : loaded 2 times (x 127B)
Class com.android.build.gradle.internal.coverage.JacocoPropertiesTask$CreationAction$handleProvider$1: loaded 2 times (x 127B)
Class com.android.build.gradle.internal.lint.EnvironmentVariableInputs$initialize$3   : loaded 2 times (x 74B)
Class build_auqe805o80i2dqhzvu4caq8tk$_run_closure2                                   : loaded 2 times (x 139B)
Class com.android.build.gradle.internal.lint.LintModelWriterTask$Companion$registerOutputArtifacts$1: loaded 2 times (x 127B)
Class build_rhv3zqymqy5qyoche90t9e9f$_run_closure1$_closure4                          : loaded 2 times (x 139B)
Class com.google.protobuf.gradle.GenerateProtoTask_Decorated                          : loaded 2 times (x 410B)
Class com.android.build.gradle.internal.api.TestVariantImpl_Decorated$hasProperty     : loaded 2 times (x 152B)
Class build_d1blq9flsspetkapp5062l9ai$_run_closure1                                   : loaded 2 times (x 139B)
Class org.gradle.internal.service.CachingServiceLocator                               : loaded 2 times (x 82B)
Class com.android.build.gradle.internal.dsl.ProductFlavor$AgpDecorated                : loaded 2 times (x 473B)
Class org.jetbrains.plugins.gradle.tooling.util.IntObjectMap                          : loaded 2 times (x 73B)
Class org.jetbrains.plugins.gradle.tooling.serialization.internal.IdeaProjectSerializationService$WriteContext$6: loaded 2 times (x 83B)
Class com.amazon.ion.IonType                                                          : loaded 2 times (x 79B)
Class com.android.build.gradle.internal.attribution.BuildAnalyzerIssueReporter$Companion: loaded 2 times (x 71B)
Class com.amazon.ion.impl.lite._Private_LiteDomTrampoline                             : loaded 2 times (x 71B)
Class com.amazon.ion.impl._Private_RecyclingQueue$ElementIterator                     : loaded 2 times (x 82B)
Class com.amazon.ion.impl.bin.IntList                                                 : loaded 2 times (x 77B)
Class com.android.build.gradle.internal.SdkComponentsBuildService$VersionedSdkLoader$apiVersionsFile$1: loaded 2 times (x 75B)
Class javax.xml.bind.annotation.XmlNsForm                                             : loaded 2 times (x 79B)
Class com.android.repository.api.RepoManager                                          : loaded 2 times (x 91B)
Class com.android.repository.impl.generated.v2.RemotePackage                          : loaded 2 times (x 157B)
Class javax.xml.bind.MarshalException                                                 : loaded 2 times (x 85B)
Class com.sun.xml.bind.v2.runtime.unmarshaller.XsiNilLoader                           : loaded 2 times (x 80B)
Class com.sun.xml.bind.v2.runtime.property.SingleReferenceNodeProperty$1              : loaded 2 times (x 85B)
Class com.sun.xml.bind.v2.runtime.reflect.PrimitiveArrayListerByte                    : loaded 2 times (x 76B)
Class org.jetbrains.kotlin.gradle.tasks.DefaultKotlinJavaToolchain$currentJvmJdkToolsJar$1: loaded 2 times (x 74B)
Class com.android.build.gradle.internal.ide.dependencies.Graph                        : loaded 2 times (x 71B)
Class com.android.build.gradle.internal.ide.dependencies.LibraryCacheImpl$getAttributeMap$3: loaded 2 times (x 78B)
Class org.jetbrains.kotlin.cli.common.arguments.ArgumentParseErrors                   : loaded 2 times (x 72B)
Class org.gradle.tooling.UnknownModelException                                        : loaded 2 times (x 83B)
Class org.gradle.tooling.internal.consumer.converters.EclipseProjectHasAutoBuildMixin : loaded 2 times (x 72B)
Class com.android.build.gradle.internal.tasks.L8DexDesugarLibTask$CreationAction      : loaded 2 times (x 93B)
Class com.android.build.gradle.internal.tasks.BundleReportDependenciesTask$CreationAction: loaded 2 times (x 90B)
Class org.jetbrains.kotlin.compilerRunner.GradleCliCommonizerKt$maybeCreateCommonizerClasspathConfiguration$1$1: loaded 2 times (x 75B)
Class com.android.builder.model.v2.ide.GraphItem                                      : loaded 2 times (x 70B)
Class com.android.build.gradle.internal.signing.SigningConfigDataProvider$Companion   : loaded 2 times (x 71B)
Class com.android.build.gradle.internal.tasks.R8ResourceShrinkingParametersKt$initialize$1: loaded 2 times (x 75B)
Class org.jetbrains.kotlin.gradle.tasks.GradleCompileTaskProviderKt                   : loaded 2 times (x 71B)
Class com.android.sdklib.repository.generated.addon.v3.ExtraDetailsType               : loaded 2 times (x 85B)
Class com.sun.xml.bind.v2.model.impl.RuntimeBuiltinLeafInfoImpl$22                    : loaded 2 times (x 136B)
Class com.sun.xml.bind.v2.model.nav.ReflectionNavigator$6                             : loaded 2 times (x 81B)
Class com.android.sdklib.BuildToolInfo$PathId                                         : loaded 2 times (x 79B)
Class jdk.internal.jimage.ImageReader$SharedImageReader$LocationVisitor               : loaded 2 times (x 70B)
Class com.amazon.ion.impl.lite.IonSexpLite                                            : loaded 2 times (x 490B)
Class com.amazon.ion.impl.lite.IonListLite                                            : loaded 2 times (x 490B)
Class com.amazon.ion.IonFloat                                                         : loaded 2 times (x 70B)
Class build_5dtjohsjy0us0jteu4xnj6syp$_run_closure1$_closure4                         : loaded 2 times (x 139B)
Class build_54vjew4mnz39xqxuwowix6y1y$_run_closure1$_closure4$_closure5               : loaded 2 times (x 139B)
Class build_chw77xvkwtpwlxsf5hg5bz9ix                                                 : loaded 2 times (x 172B)
Class build_3vj6i99vz7549bydt3dz7b6z1$_run_closure1$_closure5$_closure6               : loaded 2 times (x 139B)
Class build_alo5czfvr9bgbyvoloczajhrk$_run_closure1$_closure6                         : loaded 2 times (x 139B)
Class build_cc7u0r9xiqyotfw234iubg8pg$_run_closure2                                   : loaded 2 times (x 139B)
Class org.jetbrains.kotlin.gradle.tooling.BuildKotlinToolingMetadataTaskKt$RegisterBuildKotlinToolingMetadataTask$1: loaded 2 times (x 74B)
Class org.jetbrains.kotlin.gradle.plugin.sources.android.MultiplatformLayoutV2KotlinAndroidSourceSetNaming: loaded 2 times (x 75B)
Class org.jetbrains.kotlin.gradle.plugin.sources.android.checker.MultiplatformLayoutV2AndroidStyleSourceDirUsageChecker: loaded 2 times (x 75B)
Class org.jetbrains.kotlin.gradle.internal.StdlibDependencyManagementKt$addStdlibDependency$1$1$1: loaded 2 times (x 75B)
Class com.android.build.gradle.internal.ide.dependencies.BuildIdentifierMethods$getBuildPath$1: loaded 2 times (x 74B)
Class com.android.tools.lint.model.LintModelVariant                                   : loaded 2 times (x 70B)
Class com.android.build.gradle.tasks.SourceJarTask$CreationAction$handleProvider$2    : loaded 2 times (x 125B)
Class org.jetbrains.kotlin.gradle.plugin.mpp.KotlinAndroidTarget$doCreateComponents$publishableVariants$1$1: loaded 2 times (x 79B)
Class org.jetbrains.kotlin.gradle.plugin.AndroidProjectHandler$wireKotlinTasks$2      : loaded 2 times (x 79B)
Class org.jetbrains.kotlin.gradle.plugin.SubpluginEnvironment                         : loaded 2 times (x 72B)
Class org.jetbrains.kotlin.gradle.internal.properties.NativeProperties$Companion      : loaded 2 times (x 71B)
Class org.jetbrains.kotlin.gradle.plugin.diagnostics.ProblemsReporterKt               : loaded 2 times (x 71B)
Class org.jetbrains.kotlin.gradle.plugin.diagnostics.DiagnosticGroup$Kgp$Misconfiguration: loaded 2 times (x 82B)
Class org.jetbrains.kotlin.gradle.targets.ConfigureBuildSideEffectKt$ConfigureBuildSideEffect$1: loaded 2 times (x 74B)
Class com.android.build.gradle.internal.VariantManager$createVariantsFromCombination$2: loaded 2 times (x 78B)
Class com.android.build.gradle.internal.LibraryTaskManager$createJacocoTask$2         : loaded 2 times (x 127B)
Class [Lorg.jetbrains.kotlin.statistics.metrics.StringOverridePolicy;                 : loaded 2 times (x 69B)
Class com.android.build.gradle.internal.lint.SystemPropertyInputs$initialize$5        : loaded 2 times (x 74B)
Class com.android.build.gradle.internal.lint.EnvironmentVariableInputs$initialize$2   : loaded 2 times (x 74B)
Class build_auqe805o80i2dqhzvu4caq8tk$_run_closure1                                   : loaded 2 times (x 139B)
Class build_rhv3zqymqy5qyoche90t9e9f$_run_closure1$_closure3                          : loaded 2 times (x 139B)
Class com.google.protobuf.gradle.ProtobufPlugin$_addTasksForVariant_closure19$_closure34$_closure35: loaded 2 times (x 136B)
Class com.android.build.gradle.internal.lint.LintModelWriterTask$Companion$registerOutputArtifacts$2: loaded 2 times (x 127B)
Class build_1e4rsgmzwhfdbusthbchkh4rg$_run_closure3$_closure11                        : loaded 2 times (x 139B)
Class build_gb6umu5mkhumuu2x638bhcru                                                  : loaded 2 times (x 172B)
Class build_54vjew4mnz39xqxuwowix6y1y$_run_closure1$_closure4                         : loaded 2 times (x 139B)
Class org.gradle.internal.classloader.ClassLoaderFactory                              : loaded 2 times (x 70B)
Class kotlin.sequences.SequencesKt___SequencesKt$sortedWith$1                         : loaded 2 times (x 75B)
Class com.intellij.gradle.toolingExtension.impl.model.sourceSetDependencyModel.GradleSourceSetDependencySerialisationService$SourceSetDependencyModelWriteContext: loaded 2 times (x 72B)
Class org.jetbrains.plugins.gradle.tooling.serialization.internal.IdeaProjectSerializationService$WriteContext$5: loaded 2 times (x 83B)
Class com.intellij.gradle.toolingExtension.util.GradleVersionSpecificsUtil            : loaded 2 times (x 71B)
Class com.amazon.ion.BufferConfiguration$Builder                                      : loaded 2 times (x 78B)
Class jdk.internal.jrtfs.JrtFileAttributes                                            : loaded 2 times (x 83B)
Class org.objectweb.asm.tree.AbstractInsnNode                                         : loaded 2 times (x 78B)
Class com.android.builder.model.v2.models.ndk.NativeAbi                               : loaded 2 times (x 70B)
Class kotlinx.coroutines.scheduling.SchedulerCoroutineDispatcher                      : loaded 2 times (x 109B)
Class kotlinx.coroutines.ChildHandleNode                                              : loaded 2 times (x 90B)
Class [Lorg.jetbrains.kotlin.tooling.core.KotlinToolingVersion$Maturity;              : loaded 2 times (x 69B)
Class com.android.repository.impl.generated.v1.LicenseRefType                         : loaded 2 times (x 77B)
Class com.sun.xml.bind.v2.runtime.ArrayBeanInfoImpl                                   : loaded 2 times (x 89B)
Class com.sun.xml.bind.v2.model.annotation.Quick                                      : loaded 2 times (x 88B)
Class com.sun.xml.bind.v2.model.impl.FieldPropertySeed                                : loaded 2 times (x 90B)
Class com.sun.xml.bind.v2.model.core.TypeRef                                          : loaded 2 times (x 70B)
Class com.sun.xml.bind.v2.runtime.reflect.Lister$IDREFS                               : loaded 2 times (x 77B)
Class com.sun.xml.bind.v2.runtime.reflect.PrimitiveArrayListerCharacter               : loaded 2 times (x 76B)
Class org.jetbrains.kotlin.gradle.tasks.GradleCompileTaskProvider_Decorated           : loaded 2 times (x 117B)
Class com.android.build.gradle.internal.BuildFeaturesUtils                            : loaded 2 times (x 71B)
Class com.android.build.gradle.internal.scope.ArtifactTypeUtil$getDirectories$1       : loaded 2 times (x 75B)
Class com.android.build.gradle.internal.ide.v2.BuildTypeImpl                          : loaded 2 times (x 102B)
Class com.android.build.gradle.internal.res.LinkApplicationAndroidResourcesTask$BaseCreationAction$configure$1: loaded 2 times (x 74B)
Class org.jetbrains.kotlin.gradle.tasks.configuration.AbstractKotlinCompileConfig$1$1 : loaded 2 times (x 74B)
Class org.jetbrains.kotlin.gradle.tasks.KotlinCompile$kotlinOptions$1                 : loaded 2 times (x 79B)
Class com.sun.xml.bind.v2.model.nav.ParameterizedTypeImpl                             : loaded 2 times (x 85B)
Class com.sun.xml.bind.v2.runtime.reflect.Accessor$GetterSetterReflection             : loaded 2 times (x 85B)
Class com.sun.xml.bind.v2.model.impl.RuntimeBuiltinLeafInfoImpl$23                    : loaded 2 times (x 136B)
Class javax.activation.DataHandler                                                    : loaded 2 times (x 92B)
Class com.sun.xml.bind.v2.model.runtime.RuntimeTypeInfoSet                            : loaded 2 times (x 70B)
Class com.sun.xml.bind.v2.model.impl.TypeInfoSetImpl                                  : loaded 2 times (x 111B)
Class com.android.repository.api.RepoPackage                                          : loaded 2 times (x 70B)
Class com.android.build.gradle.internal.ide.v2.VersionImpl                            : loaded 2 times (x 77B)
Class kotlinx.coroutines.CoroutineContextKt                                           : loaded 2 times (x 71B)
Class com.amazon.ion.impl.LocalSymbolTable$Factory                                    : loaded 2 times (x 77B)
Class com.amazon.ion.impl.bin.IonManagedBinaryWriter$ImportedSymbolResolverMode       : loaded 2 times (x 80B)
Class com.intellij.gradle.toolingExtension.impl.model.buildScriptClasspathModel.GradleBuildScriptClasspathSerializationService: loaded 2 times (x 77B)
Class build_5dtjohsjy0us0jteu4xnj6syp$_run_closure1$_closure5                         : loaded 2 times (x 139B)
Class build_dgs60ascdojv1dazrss2dlprj                                                 : loaded 2 times (x 172B)
Class build_1e4rsgmzwhfdbusthbchkh4rg$_run_closure2$_closure5                         : loaded 2 times (x 139B)
Class com.google.protobuf.gradle.Utils$_isAndroidProject_closure1                     : loaded 2 times (x 136B)
Class [Lcom.android.build.gradle.internal.lint.LintMode;                              : loaded 2 times (x 69B)
Class com.android.build.gradle.internal.tasks.databinding.DataBindingMergeDependencyArtifactsTask: loaded 2 times (x 326B)
Class com.android.build.gradle.internal.profile.WorkerProfilingRecord                 : loaded 2 times (x 72B)
Class com.android.build.gradle.internal.ide.dependencies.LibraryCacheImpl$getAttributeMap$2: loaded 2 times (x 79B)
Class org.jetbrains.kotlin.gradle.tasks.configuration.AbstractKotlinCompileConfigKt$explicitApiMode$1: loaded 2 times (x 75B)
Class org.jetbrains.kotlin.gradle.plugin.abi.UtilsKt                                  : loaded 2 times (x 71B)
Class com.android.build.gradle.internal.ide.dependencies.LibraryCacheImpl$getLibraryInfo$1: loaded 2 times (x 79B)
Class org.jetbrains.kotlin.gradle.plugin.diagnostics.checkers.CommonMainOrTestWithDependsOnChecker: loaded 2 times (x 74B)
Class org.jetbrains.kotlin.gradle.artifacts.KotlinNativeHostSpecificMetadataArtifactKt: loaded 2 times (x 71B)
Class org.jetbrains.kotlin.gradle.plugin.mpp.compilationImpl.KotlinCreateLifecycleTasksSideEffectKt: loaded 2 times (x 71B)
Class org.jetbrains.kotlin.gradle.plugin.ide.IdeCompilerArgumentsResolver$Companion   : loaded 2 times (x 71B)
Class org.jetbrains.kotlin.gradle.utils.ConfigurationsKt$createResolvable$1           : loaded 2 times (x 78B)
Class [Lorg.jetbrains.kotlin.statistics.metrics.BooleanAnonymizationPolicy;           : loaded 2 times (x 69B)
Class build_5azyfdyxkabtfcovcytt5yxgu$_run_closure1                                   : loaded 2 times (x 139B)
Class org.jetbrains.kotlin.gradle.targets.native.KotilnNativeConfigureBinariesSideEffectKt$special$$inlined$KotlinTargetSideEffect$1: loaded 2 times (x 74B)
Class org.jetbrains.kotlin.gradle.targets.js.npm.NpmDirectoryDependencyExtension      : loaded 2 times (x 70B)
Class org.jetbrains.kotlin.gradle.plugin.mpp.compilationImpl.KotlinCompilationSourceSetInclusion$include$2: loaded 2 times (x 95B)
Class com.android.build.gradle.internal.tasks.ExpandArtProfileWildcardsTask$ExpandL8ArtProfileCreationAction: loaded 2 times (x 93B)
Class org.jetbrains.kotlin.gradle.plugin.AndroidProjectHandler$wireKotlinTasks$1      : loaded 2 times (x 75B)
Class com.android.build.gradle.internal.LibraryTaskManager$createJacocoTask$1         : loaded 2 times (x 78B)
Class org.jetbrains.kotlin.gradle.internal.StdlibDependencyManagementKt$isStdlibAddedByUser$2: loaded 2 times (x 78B)
Class com.android.tools.lint.model.LintModelBuildFeatures                             : loaded 2 times (x 70B)
Class com.android.build.api.attributes.ProductFlavorAttr$Impl                         : loaded 2 times (x 88B)
Class com.android.build.gradle.internal.lint.SystemPropertyInputs$initialize$4        : loaded 2 times (x 74B)
Class com.android.build.gradle.internal.lint.EnvironmentVariableInputs$initialize$1   : loaded 2 times (x 74B)
Class build_83uyxmgoc8f1expj6z3p5hcyh$_run_closure1$_closure9                         : loaded 2 times (x 139B)
Class build_auqe805o80i2dqhzvu4caq8tk$_run_closure1$_closure6$_closure9               : loaded 2 times (x 139B)
Class build_1e4rsgmzwhfdbusthbchkh4rg$_run_closure3$_closure10                        : loaded 2 times (x 139B)
Class build_3jrsyzc51tsedjay7ofn8thme$_run_closure2$_closure12                        : loaded 2 times (x 139B)
Class build_ay3gj9n4izvpq7evo2m6iquhi                                                 : loaded 2 times (x 172B)
Class build_bs4hlzfgf9e5rp7sirgorlfrg                                                 : loaded 2 times (x 172B)
Class org.gradle.internal.service.ServiceLookupException                              : loaded 2 times (x 82B)
Class kotlin.jvm.internal.markers.KMutableList                                        : loaded 2 times (x 70B)
Class com.android.build.gradle.internal.attribution.BuildAnalyzerService$RegistrationAction: loaded 2 times (x 75B)
Class kotlin.text.MatchNamedGroupCollection                                           : loaded 2 times (x 70B)
Class kotlin.io.FilesKt__FileReadWriteKt                                              : loaded 2 times (x 71B)
Class com.microsoft.gradle.api.GradleField                                            : loaded 2 times (x 70B)
Class fa2a6a1e67e1066688c59cabcfa6c8_ermw99pr8ej8abdwqnilj6t6g$_run_closure1          : loaded 2 times (x 139B)
Class org.gradle.tooling.model.BuildModel                                             : loaded 2 times (x 70B)
Class kotlin.text.StringsKt__StringNumberConversionsKt                                : loaded 2 times (x 71B)
Class com.android.build.gradle.internal.ide.dependencies.FullDependencyGraphBuilder$handleDependency$variantDependencies$2: loaded 2 times (x 79B)
Class com.android.build.gradle.internal.cxx.logging.LoggingEnvironmentKt              : loaded 2 times (x 71B)
Class com.android.build.gradle.internal.ide.v2.ProductFlavorImpl                      : loaded 2 times (x 111B)
Class org.jetbrains.kotlin.gradle.tasks.configuration.AbstractKotlinCompileConfig$getClasspathSnapshotDir$1: loaded 2 times (x 74B)
Class org.jetbrains.kotlin.gradle.tasks.configuration.AbstractKotlinCompileConfig$1$2 : loaded 2 times (x 74B)
Class com.sun.xml.bind.v2.runtime.reflect.Lister                                      : loaded 2 times (x 76B)
Class com.sun.xml.bind.v2.model.core.NonElementRef                                    : loaded 2 times (x 70B)
Class com.sun.xml.bind.v2.model.impl.RegistryInfoImpl                                 : loaded 2 times (x 80B)
Class com.sun.xml.bind.v2.model.annotation.XmlAttributeQuick                          : loaded 2 times (x 93B)
Class com.sun.xml.bind.v2.model.impl.RuntimeBuiltinLeafInfoImpl$24                    : loaded 2 times (x 137B)
Class com.sun.xml.bind.Util                                                           : loaded 2 times (x 71B)
Class com.android.sdklib.repository.generated.common.v3.ObjectFactory                 : loaded 2 times (x 75B)
Class com.android.repository.api.SchemaModule                                         : loaded 2 times (x 76B)
Class [Lcom.android.sdklib.BuildToolInfo$PathId;                                      : loaded 2 times (x 69B)
Class [Lkotlin.Pair;                                                                  : loaded 2 times (x 69B)
Class kotlinx.coroutines.internal.DispatchedContinuation                              : loaded 2 times (x 89B)
Class kotlinx.coroutines.internal.Symbol                                              : loaded 2 times (x 72B)
Class jdk.internal.jimage.decompressor.ResourceDecompressorRepository                 : loaded 2 times (x 71B)
Class org.jetbrains.plugins.gradle.model.FileCollectionDependency                     : loaded 2 times (x 70B)
Class com.amazon.ion.impl.LocalSymbolTableAsStruct                                    : loaded 2 times (x 126B)
Class com.amazon.ion.impl.lite.IonTimestampLite                                       : loaded 2 times (x 192B)
Class com.intellij.gradle.toolingExtension.impl.model.utilDummyModel.DummyModel       : loaded 2 times (x 70B)
Class kotlin.text.StringsKt__RegexExtensionsKt                                        : loaded 2 times (x 71B)
Class kotlin.collections.EmptyIterator                                                : loaded 2 times (x 89B)
Class build_5dtjohsjy0us0jteu4xnj6syp$_run_closure1$_closure6                         : loaded 2 times (x 139B)
Class build_gb6umu5mkhumuu2x638bhcru$_run_closure1$_closure4$_closure6                : loaded 2 times (x 139B)
Class build_5wv5whvxheiikwkqulu34phck$_run_closure1$_closure5$_closure6$_closure7     : loaded 2 times (x 139B)
Class build_1e4rsgmzwhfdbusthbchkh4rg$_run_closure2$_closure6                         : loaded 2 times (x 139B)
Class com.google.protobuf.gradle.ProtobufPlugin$_createCompileProtoPathConfiguration_closure10: loaded 2 times (x 136B)
Class com.intellij.gradle.toolingExtension.impl.model.sourceSetDependencyModel.GradleSourceSetDependencySerialisationService$Companion: loaded 2 times (x 71B)
Class org.jetbrains.kotlin.gradle.internal.KotlinDependenciesManagementKt$allNonProjectDependencies$1: loaded 2 times (x 74B)
Class org.jetbrains.plugins.gradle.tooling.serialization.internal.IdeaProjectSerializationService$WriteContext$4: loaded 2 times (x 83B)
Class org.jetbrains.kotlin.idea.gradleTooling.AndroidAwareGradleModelProvider         : loaded 2 times (x 79B)
Class jdk.internal.jimage.ImageReader$Resource                                        : loaded 2 times (x 84B)
Class jdk.internal.jimage.decompressor.Decompressor                                   : loaded 2 times (x 72B)
Class kotlinx.coroutines.ChildJob                                                     : loaded 2 times (x 70B)
Class kotlinx.coroutines.internal.SystemPropsKt__SystemPropsKt                        : loaded 2 times (x 71B)
Class org.jetbrains.kotlin.gradle.artifacts.KotlinNativeKlibArtifactKt                : loaded 2 times (x 71B)
Class kotlinx.coroutines.scheduling.TasksKt                                           : loaded 2 times (x 71B)
Class com.android.repository.api.Downloader                                           : loaded 2 times (x 70B)
Class com.android.build.gradle.internal.SdkLocator$SdkLocationSource$LOCAL_ANDROID_DIR: loaded 2 times (x 80B)
Class javax.xml.bind.JAXBElement                                                      : loaded 2 times (x 81B)
Class javax.xml.bind.annotation.XmlAccessorOrder                                      : loaded 2 times (x 70B)
Class com.sun.xml.bind.v2.runtime.unmarshaller.SAXConnector$TagNameImpl               : loaded 2 times (x 75B)
Class org.jetbrains.kotlin.gradle.tasks.KotlinCompilerPluginData                      : loaded 2 times (x 72B)
Class org.jetbrains.kotlin.gradle.plugin.mpp.KotlinCompilationsKt$sam$java_util_concurrent_Callable$0: loaded 2 times (x 75B)
Class com.android.build.gradle.internal.res.LinkApplicationAndroidResourcesTask_Decorated: loaded 2 times (x 465B)
Class com.android.build.gradle.internal.ide.dependencies.LibraryCacheImpl$getAttributeMap$1: loaded 2 times (x 79B)
Class org.gradle.tooling.internal.adapter.ProtocolToModelAdapter$MixInTypeMappingAction: loaded 2 times (x 81B)
Class [Lorg.jetbrains.kotlin.statistics.metrics.IMetricContainerFactory;              : loaded 2 times (x 69B)
Class org.jetbrains.kotlin.gradle.plugin.diagnostics.KotlinToolingDiagnosticsSetupActionKt$KotlinToolingDiagnosticsSetupAction$1: loaded 2 times (x 74B)
Class org.jetbrains.kotlin.gradle.plugin.sources.android.checker.KotlinAndroidSourceSetLayoutChecker: loaded 2 times (x 70B)
Class org.jetbrains.kotlin.gradle.plugin.KotlinPluginLifecycleCoroutineContextElement$Key: loaded 2 times (x 71B)
Class org.jetbrains.kotlin.gradle.internal.abi.AbiValidationExtensionImpl_Decorated   : loaded 2 times (x 137B)
Class org.jetbrains.kotlin.gradle.tasks.abi.KotlinLegacyAbiCheckTask                  : loaded 2 times (x 70B)
Class org.jetbrains.kotlin.gradle.plugin.KotlinCompilationInfo                        : loaded 2 times (x 88B)
Class org.jetbrains.kotlin.gradle.plugin.mpp.MppSourcesJarKt                          : loaded 2 times (x 71B)
Class com.android.build.gradle.internal.scope.InternalArtifactType$DATA_BINDING_DEPENDENCY_ARTIFACTS: loaded 2 times (x 74B)
Class com.android.build.gradle.internal.dsl.LibrarySingleVariantImpl                  : loaded 2 times (x 84B)
Class org.jetbrains.kotlin.gradle.internal.StdlibDependencyManagementKt$isStdlibAddedByUser$1: loaded 2 times (x 79B)
Class org.jetbrains.kotlin.gradle.targets.js.npm.SemverKt                             : loaded 2 times (x 71B)
Class com.android.build.gradle.internal.lint.SystemPropertyInputs$initialize$3        : loaded 2 times (x 74B)
Class build_83uyxmgoc8f1expj6z3p5hcyh$_run_closure1$_closure8                         : loaded 2 times (x 139B)
Class build_auqe805o80i2dqhzvu4caq8tk$_run_closure1$_closure6$_closure8               : loaded 2 times (x 139B)
Class build_4ap2chnvuy75290r6gne9r739$_run_closure1$_closure4                         : loaded 2 times (x 139B)
Class build_gb6umu5mkhumuu2x638bhcru$_run_closure1$_closure5                          : loaded 2 times (x 139B)
Class build_1hgyn0xd6oo4xqllgmdn8lvh3$_run_closure1$_closure5$_closure9               : loaded 2 times (x 139B)
Class build_5dtjohsjy0us0jteu4xnj6syp$_run_closure1$_closure6$_closure7               : loaded 2 times (x 139B)
Class kotlin.coroutines.jvm.internal.RestrictedContinuationImpl                       : loaded 2 times (x 87B)
Class org.gradle.util.internal.DefaultGradleVersion$Stage                             : loaded 2 times (x 75B)
Class com.microsoft.gradle.api.GradleClosure                                          : loaded 2 times (x 70B)
Class gnu.trove.TObjectHash$NULL                                                      : loaded 2 times (x 71B)
Class org.jetbrains.plugins.gradle.tooling.serialization.internal.IdeaProjectSerializationService$WriteContext$3: loaded 2 times (x 83B)
Class org.jetbrains.plugins.gradle.tooling.serialization.AnnotationProcessingModelSerializationService$ReadContext: loaded 2 times (x 72B)
Class com.android.build.gradle.internal.ide.v2.AaptOptionsImpl$Companion              : loaded 2 times (x 71B)
Class com.amazon.ion.impl.bin.PooledBlockAllocatorProvider                            : loaded 2 times (x 73B)
Class com.android.build.gradle.internal.ide.v2.AndroidProjectImpl$Companion           : loaded 2 times (x 71B)
Class com.android.build.gradle.internal.dependency.MockableJarTransform$Parameters$Inject_: loaded 2 times (x 110B)
Class com.android.build.gradle.internal.ide.v2.ApiVersionImpl$Companion               : loaded 2 times (x 71B)
Class com.amazon.ion.IonContainer                                                     : loaded 2 times (x 70B)
Class [Lorg.jetbrains.kotlin.build.report.metrics.BuildAttributeKind;                 : loaded 2 times (x 69B)
Class org.jetbrains.kotlin.gradle.tasks.K2MultiplatformStructure                      : loaded 2 times (x 74B)
Class com.android.sdklib.repository.targets.OptionalLibraryImpl                       : loaded 2 times (x 84B)
Class com.sun.xml.bind.v2.runtime.unmarshaller.DefaultIDResolver$1                    : loaded 2 times (x 76B)
Class com.sun.xml.bind.v2.model.runtime.RuntimeNonElementRef                          : loaded 2 times (x 70B)
Class com.sun.xml.bind.v2.runtime.reflect.Accessor$FieldReflection                    : loaded 2 times (x 85B)
Class com.sun.xml.bind.v2.runtime.unmarshaller.Base64Data                             : loaded 2 times (x 89B)
Class com.amazon.ion.impl.lite.IonValueLite                                           : loaded 2 times (x 147B)
Class com.amazon.ion.impl._Private_IonSymbol                                          : loaded 2 times (x 70B)
Class [Lorg.objectweb.asm.tree.AbstractInsnNode;                                      : loaded 2 times (x 69B)
Class org.objectweb.asm.tree.LocalVariableAnnotationNode                              : loaded 2 times (x 82B)
Class jdk.internal.jimage.ImageReader$Directory                                       : loaded 2 times (x 84B)
Class com.amazon.ion.IonString                                                        : loaded 2 times (x 70B)
Class org.jetbrains.plugins.gradle.model.GradleSourceSetDependencyModel               : loaded 2 times (x 70B)
Class kotlin.io.FilePathComponents                                                    : loaded 2 times (x 72B)
Class kotlin.sequences.SequencesKt__SequencesJVMKt                                    : loaded 2 times (x 71B)
Class kotlin.coroutines.jvm.internal.RestrictedSuspendLambda                          : loaded 2 times (x 91B)
Class kotlin.collections.AbstractList                                                 : loaded 2 times (x 197B)
Class kotlin.collections.AbstractCollection                                           : loaded 2 times (x 117B)
Class build_7emjr1vw4u1n62mzt2v8ox26f$_run_closure1$_closure4                         : loaded 2 times (x 139B)
Class build_5dtjohsjy0us0jteu4xnj6syp                                                 : loaded 2 times (x 172B)
Class build_1e4rsgmzwhfdbusthbchkh4rg$_run_closure2$_closure7                         : loaded 2 times (x 139B)
Class com.google.protobuf.gradle.internal.DefaultProtoSourceSet                       : loaded 2 times (x 99B)
Class org.objectweb.asm.tree.InsnNode                                                 : loaded 2 times (x 78B)
Class com.android.build.gradle.internal.FileExistsValueSource$Inject_                 : loaded 2 times (x 109B)
Class com.android.sdklib.repository.meta.DetailsTypes$PlatformDetailsType             : loaded 2 times (x 70B)
Class com.android.sdklib.repository.generated.repository.v1.package-info              : loaded 2 times (x 70B)
Class com.android.sdklib.repository.generated.sysimg.v1.ObjectFactory                 : loaded 2 times (x 75B)
Class [Lcom.sun.xml.bind.v2.model.annotation.Quick;                                   : loaded 2 times (x 69B)
Class javax.xml.bind.annotation.XmlSeeAlso                                            : loaded 2 times (x 70B)
Class com.sun.xml.bind.v2.runtime.unmarshaller.Receiver                               : loaded 2 times (x 70B)
Class [Lcom.sun.xml.bind.v2.model.impl.ClassInfoImpl$PropertyGroup;                   : loaded 2 times (x 69B)
Class org.jetbrains.kotlin.gradle.plugin.diagnostics.CheckKotlinGradlePluginConfigurationErrors: loaded 2 times (x 315B)
Class com.sun.xml.bind.v2.model.core.PropertyKind                                     : loaded 2 times (x 79B)
Class com.android.sdklib.repository.generated.sysimg.v2.SysImgDetailsType             : loaded 2 times (x 138B)
Class org.jetbrains.kotlin.gradle.tasks.DefaultKotlinJavaToolchain$javaVersion$1      : loaded 2 times (x 74B)
Class org.jetbrains.kotlin.gradle.plugin.KotlinPluginLifecycle                        : loaded 2 times (x 70B)
Class [Lorg.jetbrains.kotlin.gradle.dsl.jvm.JvmTargetValidationMode;                  : loaded 2 times (x 69B)
Class com.android.build.gradle.internal.AndroidJarInput                               : loaded 2 times (x 79B)
Class org.gradle.tooling.model.GradleProject                                          : loaded 2 times (x 70B)
Class com.android.build.gradle.internal.attribution.BuildAnalyzerService$Parameters_Decorated: loaded 2 times (x 148B)
Class org.jetbrains.kotlin.gradle.fus.BuildUidService$Inject_                         : loaded 2 times (x 100B)
Class org.jetbrains.kotlin.statistics.metrics.NumberAnonymizationPolicy$RANDOM_10_PERCENT: loaded 2 times (x 85B)
Class org.jetbrains.kotlin.statistics.metrics.StringMetrics                           : loaded 2 times (x 80B)
Class [Lcom.android.buildanalyzer.common.TaskCategoryIssue$Severity;                  : loaded 2 times (x 69B)
Class com.android.build.gradle.internal.lint.AndroidLintTask$VariantCreationAction    : loaded 2 times (x 95B)
Class org.jetbrains.kotlin.statistics.BuildSessionLogger$Companion                    : loaded 2 times (x 71B)
Class org.jetbrains.kotlin.gradle.tooling.BuildKotlinToolingMetadataTaskKt            : loaded 2 times (x 71B)
Class org.jetbrains.kotlin.gradle.plugin.sources.android.configurator.KotlinAndroidJavaSourceDirConfigurator: loaded 2 times (x 75B)
Class org.jetbrains.kotlin.gradle.plugin.mpp.MppSourcesJarKt$sourcesJarTask$1         : loaded 2 times (x 95B)
Class com.android.build.gradle.internal.lint.SystemPropertyInputs$initialize$2        : loaded 2 times (x 74B)
Class com.android.build.gradle.internal.services.LintParallelBuildServiceKt           : loaded 2 times (x 71B)
Class com.android.build.gradle.internal.tasks.LintModelMetadataTask_Decorated         : loaded 2 times (x 379B)
Class build_83uyxmgoc8f1expj6z3p5hcyh$_run_closure1$_closure7                         : loaded 2 times (x 139B)
Class build_85u53m1d3qsy4n3kbdsghmp8c$_run_closure1$_closure8                         : loaded 2 times (x 139B)
Class build_4ap2chnvuy75290r6gne9r739$_run_closure1$_closure3                         : loaded 2 times (x 139B)
Class build_8n2h6s6d7tkz6st5lvcamamtk$_run_closure1$_closure5                         : loaded 2 times (x 139B)
Class build_gb6umu5mkhumuu2x638bhcru$_run_closure1$_closure4                          : loaded 2 times (x 139B)
Class build_bs4hlzfgf9e5rp7sirgorlfrg$_run_closure2                                   : loaded 2 times (x 139B)
Class kotlin.text.StringsKt                                                           : loaded 2 times (x 71B)
Class org.jetbrains.plugins.gradle.tooling.serialization.internal.IdeaProjectSerializationService$WriteContext$2: loaded 2 times (x 83B)
Class com.amazon.ion.impl._Private_SymtabExtendsCache                                 : loaded 2 times (x 72B)
Class com.amazon.ion.impl.bin.utf8.Pool                                               : loaded 2 times (x 74B)
Class org.objectweb.asm.tree.IntInsnNode                                              : loaded 2 times (x 79B)
Class com.android.sdklib.repository.generated.sysimg.v2.package-info                  : loaded 2 times (x 70B)
Class com.android.repository.impl.generated.v2.ArchiveType                            : loaded 2 times (x 97B)
Class com.sun.xml.bind.v2.runtime.NameBuilder                                         : loaded 2 times (x 72B)
Class com.sun.xml.bind.v2.model.annotation.XmlRootElementQuick                        : loaded 2 times (x 92B)
Class com.android.repository.impl.meta.Archive$PatchesType                            : loaded 2 times (x 72B)
Class javax.xml.bind.ValidationEventHandler                                           : loaded 2 times (x 70B)
Class com.sun.xml.bind.v2.runtime.Coordinator                                         : loaded 2 times (x 83B)
Class org.jetbrains.kotlin.gradle.plugin.CompilerPluginConfig                         : loaded 2 times (x 72B)
Class org.jetbrains.kotlin.gradle.tasks.KotlinCompilerExecutionStrategy$Companion     : loaded 2 times (x 71B)
Class com.android.build.gradle.internal.ide.v2.AndroidGradlePluginProjectFlagsImpl    : loaded 2 times (x 75B)
Class com.android.ide.common.caching.CreatingCache                                    : loaded 2 times (x 76B)
Class com.android.build.gradle.internal.ide.dependencies.Graph$Companion              : loaded 2 times (x 71B)
Class org.gradle.tooling.internal.consumer.converters.BackwardsCompatibleIdeaModuleDependency: loaded 2 times (x 70B)
Class com.android.build.gradle.internal.tasks.ExtractVersionControlInfoTask           : loaded 2 times (x 329B)
Class org.jetbrains.kotlin.gradle.plugin.statistics.NonSynchronizedMetricsContainer   : loaded 2 times (x 82B)
Class org.jetbrains.kotlin.gradle.plugin.mpp.ApplyUserDefinedAttributesKt$UserDefinedAttributesSetupAction$1: loaded 2 times (x 95B)
Class org.jetbrains.kotlin.gradle.targets.CreateTargetConfigurationsSideEffectKt      : loaded 2 times (x 71B)
Class org.jetbrains.kotlin.gradle.artifacts.KotlinJsKlibArtifactKt$KotlinJsKlibArtifact$1: loaded 2 times (x 74B)
Class org.jetbrains.kotlin.gradle.plugin.diagnostics.checkers.GradleDeprecatedPropertyChecker: loaded 2 times (x 74B)
Class org.jetbrains.kotlin.gradle.plugin.sources.android.configurator.KotlinAndroidSourceSetConfigurator$DefaultImpls: loaded 2 times (x 71B)
Class com.android.build.gradle.internal.profile.TaskProfilingRecord                   : loaded 2 times (x 75B)
Class com.android.build.gradle.internal.ide.v2.DependenciesInfoImpl                   : loaded 2 times (x 75B)
Class com.android.build.api.variant.impl.BuiltArtifactImpl                            : loaded 2 times (x 87B)
Class com.android.build.gradle.internal.ide.v2.AndroidGradlePluginProjectFlagsImpl$Companion: loaded 2 times (x 71B)
Class com.android.build.gradle.internal.tasks.factory.BootClasspathConfigImpl$mockableJarArtifact$2$1: loaded 2 times (x 75B)
Class com.android.build.gradle.internal.ide.v2.BasicVariantImpl                       : loaded 2 times (x 84B)
Class [Lcom.sun.xml.bind.v2.runtime.property.StructureLoaderBuilder;                  : loaded 2 times (x 69B)
Class com.sun.xml.bind.v2.model.impl.RuntimeBuiltinLeafInfoImpl$26                    : loaded 2 times (x 136B)
Class com.sun.xml.bind.v2.model.impl.RuntimeBuiltinLeafInfoImpl$10$1                  : loaded 2 times (x 356B)
Class com.sun.xml.bind.v2.runtime.BinderImpl                                          : loaded 2 times (x 86B)
Class com.sun.xml.bind.v2.model.core.TypeInfo                                         : loaded 2 times (x 70B)
Class com.android.sdklib.repository.generated.common.v3.LibraryType                   : loaded 2 times (x 90B)
Class com.android.build.gradle.internal.PlatformComponents                            : loaded 2 times (x 72B)
Class kotlinx.coroutines.EventLoopKt                                                  : loaded 2 times (x 71B)
Class [Lcom.google.common.collect.Iterators$EmptyModifiableIterator;                  : loaded 2 times (x 69B)
Class com.amazon.ion.BufferConfiguration                                              : loaded 2 times (x 73B)
Class com.amazon.ion.system.SimpleCatalog                                             : loaded 2 times (x 91B)
Class com.intellij.gradle.toolingExtension.impl.model.taskModel.GradleTaskSerialisationService: loaded 2 times (x 76B)
Class com.android.ide.gradle.model.LegacyV1AgpVersionModel                            : loaded 2 times (x 70B)
Class kotlin.text.StringsKt__StringBuilderJVMKt                                       : loaded 2 times (x 71B)
Class kotlin.text.Regex                                                               : loaded 2 times (x 72B)
Class kotlin.sequences.SequencesKt__SequenceBuilderKt$sequence$$inlined$Sequence$1    : loaded 2 times (x 75B)
Class kotlin.Triple                                                                   : loaded 2 times (x 72B)
Class build_85usgstq4p3zrgvf1xxzxscgy$_run_closure1$_closure3                         : loaded 2 times (x 139B)
Class build_ev89muu4mh3fi42ia3b1j8nq4                                                 : loaded 2 times (x 172B)
Class build_7emjr1vw4u1n62mzt2v8ox26f$_run_closure1$_closure5                         : loaded 2 times (x 139B)
Class build_by6ddmbkhgkr5zix4cyq5diz4$_run_closure1                                   : loaded 2 times (x 139B)
Class com.google.protobuf.gradle.GenerateProtoTask                                    : loaded 2 times (x 369B)
Class org.jetbrains.kotlin.gradle.model.builder.KotlinModelBuilder                    : loaded 2 times (x 76B)
Class com.android.build.gradle.internal.lint.LintTool_Decorated                       : loaded 2 times (x 137B)
Class com.android.build.gradle.internal.lint.LintOptionsInput                         : loaded 2 times (x 91B)
Class org.jetbrains.kotlin.gradle.plugin.diagnostics.KotlinToolingDiagnosticsSetupActionKt$KotlinToolingDiagnosticsSetupAction$1$reporterProvider$2: loaded 2 times (x 75B)
Class org.jetbrains.kotlin.gradle.plugin.mpp.KotlinTargetSoftwareComponentImpl        : loaded 2 times (x 90B)
Class org.jetbrains.kotlin.gradle.plugin.mpp.DefaultKotlinUsageContext$PublishOnlyIf  : loaded 2 times (x 70B)
Class [Lcom.android.build.gradle.internal.ide.dependencies.ArtifactCollectionsInputs$RuntimeType;: loaded 2 times (x 69B)
Class com.android.build.gradle.internal.lint.SystemPropertyInputs$initialize$1        : loaded 2 times (x 74B)
Class org.jetbrains.kotlin.gradle.plugin.sources.android.checker.CompositeKotlinAndroidSourceSetLayoutChecker: loaded 2 times (x 76B)
Class build_83uyxmgoc8f1expj6z3p5hcyh$_run_closure1$_closure6                         : loaded 2 times (x 139B)
Class org.jetbrains.kotlin.gradle.plugin.KotlinJvmPlugin$Companion                    : loaded 2 times (x 71B)
Class org.jetbrains.kotlin.gradle.plugin.diagnostics.KotlinToolingDiagnostics         : loaded 2 times (x 71B)
Class org.jetbrains.kotlin.gradle.artifacts.KotlinMetadataArtifactKt                  : loaded 2 times (x 71B)
Class org.jetbrains.kotlin.gradle.targets.CreateArtifactsSideEffectKt$CreateArtifactsSideEffect$1: loaded 2 times (x 74B)
Class build_85u53m1d3qsy4n3kbdsghmp8c$_run_closure1$_closure7                         : loaded 2 times (x 139B)
Class com.google.protobuf.gradle.GenerateProtoTask$setVariant                         : loaded 2 times (x 152B)
Class com.google.protobuf.gradle.ToolsLocator$resolve                                 : loaded 2 times (x 152B)
Class build_d1blq9flsspetkapp5062l9ai                                                 : loaded 2 times (x 172B)
Class build_a6kys0t2ovmf08ycuug6b5khq$_run_closure1$_closure5                         : loaded 2 times (x 139B)
Class build_8n2h6s6d7tkz6st5lvcamamtk$_run_closure1$_closure4                         : loaded 2 times (x 139B)
Class build_5azyfdyxkabtfcovcytt5yxgu                                                 : loaded 2 times (x 172B)
Class build_bs4hlzfgf9e5rp7sirgorlfrg$_run_closure1                                   : loaded 2 times (x 139B)
Class build_4z142ny51cclwztgril854ywx$_run_closure2                                   : loaded 2 times (x 139B)
Class kotlin.collections.CollectionsKt__IteratorsKt                                   : loaded 2 times (x 71B)
Class kotlin.sequences.SequencesKt                                                    : loaded 2 times (x 71B)
Class org.jetbrains.plugins.gradle.model.ExternalProject                              : loaded 2 times (x 70B)
Class org.jetbrains.plugins.gradle.tooling.serialization.internal.IdeaProjectSerializationService$WriteContext$1: loaded 2 times (x 83B)
Class [Lcom.amazon.ion.util.InputStreamInterceptor;                                   : loaded 2 times (x 69B)
Class com.amazon.ion.impl.bin.IonManagedBinaryWriter$SymbolState$4                    : loaded 2 times (x 80B)
Class jdk.internal.jimage.BasicImageReader$1                                          : loaded 2 times (x 77B)
Class kotlinx.coroutines.EventLoop                                                    : loaded 2 times (x 106B)
Class com.android.builder.sdk.InstallFailedException                                  : loaded 2 times (x 82B)
Class com.android.build.gradle.internal.SdkComponentsBuildService$VersionedSdkLoader$renderScriptSupportJarProvider$1: loaded 2 times (x 75B)
Class com.android.build.gradle.internal.variant.DimensionCombinatorKt                 : loaded 2 times (x 71B)
Class com.android.build.gradle.internal.FileExistsValueSource                         : loaded 2 times (x 78B)
Class javax.xml.bind.Unmarshaller                                                     : loaded 2 times (x 70B)
Class org.jetbrains.kotlin.compilerRunner.KotlinCompilerArgumentsLogLevel             : loaded 2 times (x 79B)
Class com.android.ide.common.caching.CreatingCache$ValueFactory                       : loaded 2 times (x 70B)
Class com.android.build.gradle.internal.signing.SigningConfigDataProvider$Companion$create$1: loaded 2 times (x 79B)
Class org.jetbrains.kotlin.gradle.plugin.ide.IdeCompilerArgumentsResolverImpl         : loaded 2 times (x 74B)
Class org.jetbrains.kotlin.gradle.dsl.KotlinProjectExtensionKt$WhenMappings           : loaded 2 times (x 71B)
Class org.jetbrains.kotlin.gradle.plugin.internal.state.TaskExecutionResults          : loaded 2 times (x 71B)
Class com.android.build.gradle.internal.scope.InternalArtifactType$SDK_DEPENDENCY_DATA_PUBLIC: loaded 2 times (x 74B)
Class org.jetbrains.kotlin.statistics.metrics.StatisticsValuesConsumer                : loaded 2 times (x 70B)
Class org.jetbrains.kotlin.gradle.plugin.KotlinAndroidPlugin                          : loaded 2 times (x 77B)
Class org.jetbrains.kotlin.gradle.targets.native.internal.CInteropConfigurationsKt    : loaded 2 times (x 71B)
Class org.jetbrains.kotlin.gradle.plugin.diagnostics.KotlinToolingDiagnosticsSetupActionKt$KotlinToolingDiagnosticsSetupAction$1$reporterProvider$1: loaded 2 times (x 74B)
Class com.android.build.gradle.internal.coverage.JacocoPropertiesTask$CreationAction  : loaded 2 times (x 90B)
Class build_83uyxmgoc8f1expj6z3p5hcyh$_run_closure1$_closure5                         : loaded 2 times (x 139B)
Class build_85u53m1d3qsy4n3kbdsghmp8c$_run_closure1$_closure6                         : loaded 2 times (x 139B)
Class build_a6kys0t2ovmf08ycuug6b5khq$_run_closure1$_closure4                         : loaded 2 times (x 139B)
Class build_45138zshy190hpetcgb732n9$_run_closure1$_closure4$_closure5                : loaded 2 times (x 139B)
Class org.gradle.tooling.model.idea.IdeaSingleEntryLibraryDependency                  : loaded 2 times (x 70B)
Class org.gradle.tooling.model.ExternalDependency                                     : loaded 2 times (x 70B)
Class org.jetbrains.kotlin.gradle.tasks.CompilerPluginOptions                         : loaded 2 times (x 72B)
Class com.android.build.gradle.internal.dependency.VariantDependencies$getAdditionalArtifacts$1: loaded 2 times (x 75B)
Class com.android.build.gradle.internal.ide.v2.BuildTypeImpl$Companion                : loaded 2 times (x 71B)
Class [Lcom.google.gson.stream.JsonToken;                                             : loaded 2 times (x 69B)
Class com.sun.xml.bind.v2.runtime.unmarshaller.SAXConnector                           : loaded 2 times (x 101B)
Class com.android.sdklib.repository.generated.common.v3.ApiDetailsType                : loaded 2 times (x 107B)
Class [Lcom.sun.xml.bind.v2.model.annotation.Locatable;                               : loaded 2 times (x 69B)
Class com.sun.xml.bind.v2.model.impl.RuntimeBuiltinLeafInfoImpl$27                    : loaded 2 times (x 136B)
Class com.sun.xml.bind.v2.model.impl.ModelBuilder                                     : loaded 2 times (x 92B)
Class com.android.repository.impl.generated.generic.v1.ObjectFactory                  : loaded 2 times (x 75B)
Class com.android.repository.impl.generated.v1.ChannelRefType                         : loaded 2 times (x 77B)
Class com.android.build.gradle.internal.SdkComponentsBuildService$VersionedSdkLoader$adbExecutableProvider$1: loaded 2 times (x 75B)
Class Build_gradle$4                                                                  : loaded 2 times (x 74B)
Class com.google.common.graph.SuccessorsFunction                                      : loaded 2 times (x 70B)
Class org.jetbrains.plugins.gradle.tooling.util.IntObjectMap$1                        : loaded 2 times (x 77B)
Class org.gradle.tooling.model.internal.ImmutableDomainObjectSet                      : loaded 2 times (x 155B)
Class org.gradle.internal.classloader.VisitableURLClassLoader$InstrumentingVisitableURLClassLoader: loaded 2 times (x 123B)
Class build_85usgstq4p3zrgvf1xxzxscgy$_run_closure1$_closure4                         : loaded 2 times (x 139B)
Class build_85usgstq4p3zrgvf1xxzxscgy$_run_closure1                                   : loaded 2 times (x 139B)
Class build_7emjr1vw4u1n62mzt2v8ox26f$_run_closure1$_closure6                         : loaded 2 times (x 139B)
Class build_7bikk7comoicc7aydcr4txaov                                                 : loaded 2 times (x 172B)
Class build_8gsxwmmagq84b5gieklt0c7t4$_run_closure1$_closure4                         : loaded 2 times (x 139B)
Class build_6kbhpc9qtdsduhdrvvm7rvj6i$_run_closure1$_closure5$_closure6$_closure7     : loaded 2 times (x 139B)
Class build_by6ddmbkhgkr5zix4cyq5diz4$_run_closure2                                   : loaded 2 times (x 139B)
Class build_4z142ny51cclwztgril854ywx$_run_closure1                                   : loaded 2 times (x 139B)
Class org.gradle.api.internal.classpath.DefaultModuleRegistry                         : loaded 2 times (x 86B)
Class com.android.tools.lint.model.LintModelArtifactType                              : loaded 2 times (x 79B)
Class kotlin.collections.CollectionsKt__CollectionsJVMKt                              : loaded 2 times (x 71B)
Class org.jetbrains.kotlin.gradle.plugin.mpp.DefaultKotlinUsageContext$1              : loaded 2 times (x 74B)
Class com.google.common.collect.Lists$TransformingRandomAccessList                    : loaded 2 times (x 199B)
Class kotlin.io.FilesKt__UtilsKt                                                      : loaded 2 times (x 71B)
Class org.jetbrains.kotlin.gradle.plugin.mpp.compilationImpl.KotlinCompilationImpl$associateWith$2: loaded 2 times (x 79B)
Class com.intellij.gradle.toolingExtension.impl.model.sourceSetArtifactIndex.GradleSourceSetArtifactBuildRequest: loaded 2 times (x 70B)
Class org.jetbrains.kotlin.gradle.plugin.AndroidTestedVariantArtifactsFilter          : loaded 2 times (x 75B)
Class com.amazon.ion.IonBinaryWriter                                                  : loaded 2 times (x 70B)
Class com.amazon.ion.impl.bin.IonRawBinaryWriter$StreamFlushMode                      : loaded 2 times (x 79B)
Class org.jetbrains.kotlin.konan.target.UtilsKt$evaluatePresetName$1                  : loaded 2 times (x 78B)
Class com.amazon.ion.impl.bin.IonManagedBinaryWriter$SymbolState$3                    : loaded 2 times (x 80B)
Class org.jetbrains.kotlin.gradle.plugin.diagnostics.checkers.KotlinSourceSetTreeDependsOnMismatchChecker$runChecks$1: loaded 2 times (x 88B)
Class org.jetbrains.kotlin.gradle.plugin.diagnostics.checkers.PreHmppDependenciesUsageChecker$runChecks$1: loaded 2 times (x 88B)
Class org.jetbrains.kotlin.gradle.plugin.sources.android.KotlinAndroidSourceSets$applyKotlinAndroidSourceSetLayout$2: loaded 2 times (x 75B)
Class com.amazon.ion.impl.bin.IonRawBinaryWriter$ContainerInfo                        : loaded 2 times (x 74B)
Class jdk.internal.jimage.ImageReader$Node                                            : loaded 2 times (x 84B)
Class org.jetbrains.kotlin.gradle.plugin.diagnostics.KotlinGradleProjectChecker$Companion: loaded 2 times (x 71B)
Class com.android.build.gradle.internal.utils.ConsoleProgressIndicatorFactory$IsTerminalSmartValueSource: loaded 2 times (x 78B)
Class org.jetbrains.kotlin.gradle.plugin.statistics.BuildFusService$Companion$registerIfAbsent$1$1$1: loaded 2 times (x 75B)
Class org.jetbrains.kotlin.statistics.fileloggers.MetricsContainer$Companion          : loaded 2 times (x 71B)
Class com.android.repository.impl.meta.RepoPackageImpl                                : loaded 2 times (x 114B)
Class com.sun.xml.bind.v2.model.nav.TypeVisitor                                       : loaded 2 times (x 76B)
Class com.sun.xml.bind.v2.model.annotation.MethodLocatable                            : loaded 2 times (x 78B)
Class com.sun.xml.bind.v2.model.runtime.RuntimeMapPropertyInfo                        : loaded 2 times (x 70B)
Class com.android.sdklib.repository.generated.addon.v1.AddonDetailsType               : loaded 2 times (x 135B)
Class com.sun.xml.bind.v2.runtime.LifecycleMethods                                    : loaded 2 times (x 72B)
Class com.sun.xml.bind.v2.runtime.unmarshaller.UnmarshallingContext                   : loaded 2 times (x 103B)
Class com.android.build.gradle.internal.utils.D8BackportedMethodsGenerator$Parameters$Inject_: loaded 2 times (x 116B)
Class com.android.build.gradle.internal.lint.LintModelWriterTask$Companion            : loaded 2 times (x 71B)
Class com.android.build.api.variant.MultiOutputHandler$Companion                      : loaded 2 times (x 71B)
Class com.android.build.gradle.internal.tasks.R8Task_Decorated                        : loaded 2 times (x 465B)
Class com.android.build.api.variant.impl.LayeredSourceDirectoriesImpl$getVariantSourcesWithFilter$1: loaded 2 times (x 78B)
Class org.gradle.tooling.internal.consumer.versioning.ModelMapping                    : loaded 2 times (x 73B)
Class org.gradle.tooling.model.idea.BasicIdeaProject                                  : loaded 2 times (x 70B)
Class org.gradle.tooling.internal.consumer.converters.BasicGradleProjectIdentifierMixin: loaded 2 times (x 73B)
Class com.android.build.api.variant.impl.FilterConfigurationImpl                      : loaded 2 times (x 76B)
Class org.jetbrains.kotlin.statistics.metrics.NumberOverridePolicy$SUM                : loaded 2 times (x 85B)
Class org.jetbrains.kotlin.gradle.plugin.diagnostics.KotlinGradleProjectChecker       : loaded 2 times (x 70B)
Class org.jetbrains.kotlin.gradle.dsl.IosSourceSetConventionChecker                   : loaded 2 times (x 74B)
Class [Lorg.jetbrains.kotlin.gradle.plugin.KotlinPluginLifecycle$CoroutineStart;      : loaded 2 times (x 69B)
Class org.jetbrains.kotlin.gradle.internal.StdlibDependencyManagementKt$addStdlibDependency$1: loaded 2 times (x 75B)
Class build_83uyxmgoc8f1expj6z3p5hcyh$_run_closure1$_closure4                         : loaded 2 times (x 139B)
Class com.google.protobuf.gradle.ToolsLocator$_resolveLocator_closure1                : loaded 2 times (x 135B)
Class build_85u53m1d3qsy4n3kbdsghmp8c$_run_closure1$_closure5                         : loaded 2 times (x 139B)
Class build_48guv78gsyj6sanu32b36jz3y$_run_closure3                                   : loaded 2 times (x 139B)
Class kotlin.coroutines.intrinsics.IntrinsicsKt__IntrinsicsKt                         : loaded 2 times (x 71B)
Class kotlin.text.RegexKt                                                             : loaded 2 times (x 71B)
Class com.google.common.collect.ImmutableSortedAsList                                 : loaded 2 times (x 221B)
Class com.intellij.gradle.toolingExtension.impl.model.warmUp.GradleTaskWarmUpRequest  : loaded 2 times (x 70B)
Class com.amazon.ion.IonNull                                                          : loaded 2 times (x 70B)
Class com.amazon.ion.impl.bin.IonManagedBinaryWriter$SymbolState$2                    : loaded 2 times (x 80B)
Class org.jetbrains.plugins.gradle.model.ExternalSourceSet                            : loaded 2 times (x 70B)
Class org.jetbrains.plugins.gradle.model.ProjectImportModelProvider                   : loaded 2 times (x 70B)
Class kotlinx.coroutines.Job$Key                                                      : loaded 2 times (x 71B)
Class com.android.build.gradle.internal.SdkComponentsBuildService$VersionedSdkLoader$sdkDirectoryProvider$1: loaded 2 times (x 75B)
Class com.android.build.gradle.internal.SupportToolsComponents$Companion              : loaded 2 times (x 71B)
Class com.android.repository.impl.meta.CommonFactory                                  : loaded 2 times (x 91B)
Class com.android.build.gradle.internal.ide.v2.GraphItemImpl                          : loaded 2 times (x 77B)
Class com.google.wireless.android.sdk.stats.AndroidStudioEventOrBuilder               : loaded 2 times (x 70B)
Class com.android.repository.impl.meta.Archive$CompleteType                           : loaded 2 times (x 79B)
Class javax.xml.bind.ServiceLoaderUtil                                                : loaded 2 times (x 71B)
Class com.android.build.gradle.internal.ide.v2.JavaCompileOptionsImpl$Companion       : loaded 2 times (x 71B)
Class [Lorg.jetbrains.kotlin.gradle.tasks.KotlinCompilerExecutionStrategy;            : loaded 2 times (x 69B)
Class org.jetbrains.kotlin.gradle.tasks.FailedCompilationException                    : loaded 2 times (x 82B)
Class com.sun.xml.bind.v2.model.impl.RuntimeModelBuilder                              : loaded 2 times (x 100B)
Class com.sun.xml.bind.v2.runtime.unmarshaller.UnmarshallerImpl                       : loaded 2 times (x 139B)
Class com.sun.xml.bind.v2.runtime.property.StructureLoaderBuilder                     : loaded 2 times (x 70B)
Class com.android.sdklib.repository.generated.addon.v1.ExtraDetailsType               : loaded 2 times (x 85B)
Class com.sun.xml.bind.v2.model.impl.RuntimeElementPropertyInfoImpl                   : loaded 2 times (x 139B)
Class com.sun.xml.bind.v2.model.impl.RuntimeBuiltinLeafInfoImpl$28                    : loaded 2 times (x 76B)
Class [Lcom.sun.xml.bind.v2.util.QNameMap$Entry;                                      : loaded 2 times (x 69B)
Class com.sun.xml.bind.unmarshaller.InfosetScanner                                    : loaded 2 times (x 70B)
Class kotlinx.coroutines.Job$DefaultImpls                                             : loaded 2 times (x 71B)
Class com.google.common.io.Files$FileByteSink                                         : loaded 2 times (x 77B)
Class [Lcom.amazon.ion.impl.bin.IonRawBinaryWriter$StreamFlushMode;                   : loaded 2 times (x 69B)
Class com.amazon.ion.UnsupportedIonVersionException                                   : loaded 2 times (x 85B)
Class kotlin.comparisons.ComparisonsKt__ComparisonsKt                                 : loaded 2 times (x 71B)
Class kotlin.collections.SetsKt___SetsKt                                              : loaded 2 times (x 71B)
Class kotlin.ranges.RangesKt__RangesKt                                                : loaded 2 times (x 71B)
Class kotlin.sequences.SequencesKt__SequencesKt                                       : loaded 2 times (x 71B)
Class kotlin.coroutines.Continuation                                                  : loaded 2 times (x 70B)
Class org.gradle.internal.classloader.VisitableURLClassLoader$Spec                    : loaded 2 times (x 74B)
Class org.gradle.internal.classpath.DefaultClassPath                                  : loaded 2 times (x 90B)
Class build_85usgstq4p3zrgvf1xxzxscgy$_run_closure1$_closure5                         : loaded 2 times (x 139B)
Class build_85usgstq4p3zrgvf1xxzxscgy$_run_closure2                                   : loaded 2 times (x 139B)
Class build_8gsxwmmagq84b5gieklt0c7t4$_run_closure1$_closure5                         : loaded 2 times (x 139B)
Class build_7ge58nq9rpezpwjcdge17v52t$_run_closure1$_closure4$_closure6               : loaded 2 times (x 139B)
Class com.sun.xml.bind.v2.model.runtime.RuntimeElementInfo                            : loaded 2 times (x 70B)
Class com.sun.xml.bind.v2.model.core.Ref                                              : loaded 2 times (x 72B)
Class javax.xml.bind.annotation.XmlRootElement                                        : loaded 2 times (x 70B)
Class com.sun.xml.bind.v2.model.runtime.RuntimeReferencePropertyInfo                  : loaded 2 times (x 70B)
Class com.sun.xml.bind.v2.runtime.unmarshaller.ValuePropertyLoader                    : loaded 2 times (x 78B)
Class com.android.tools.lint.model.LintModelDependencies                              : loaded 2 times (x 70B)
Class com.android.build.gradle.internal.ide.dependencies.UsesLibraryDependencyCacheBuildService: loaded 2 times (x 70B)
Class com.android.build.gradle.internal.tasks.featuresplit.PackagedDependenciesWriterTask$CreationAction$configure$1$1$1$1: loaded 2 times (x 78B)
Class [Lorg.jetbrains.kotlin.statistics.metrics.BooleanMetrics;                       : loaded 2 times (x 69B)
Class org.jetbrains.kotlin.gradle.plugin.internal.MavenPublicationComponentAccessorKt : loaded 2 times (x 71B)
Class org.jetbrains.kotlin.gradle.plugin.mpp.KotlinSoftwareComponentKt                : loaded 2 times (x 71B)
Class org.jetbrains.kotlin.gradle.plugin.abi.AbiValidationActionKt$AbiValidationSetupAction$1: loaded 2 times (x 95B)
Class org.jetbrains.kotlin.gradle.plugin.KotlinPluginLifecycleImpl$start$3            : loaded 2 times (x 79B)
Class org.jetbrains.kotlin.konan.target.KonanTarget$WATCHOS_SIMULATOR_ARM64           : loaded 2 times (x 78B)
Class org.jetbrains.kotlin.gradle.utils.PluginManagerUtilsKt$isPluginApplied$3        : loaded 2 times (x 95B)
Class org.jetbrains.kotlin.gradle.plugin.sources.android.KotlinAndroidSourceSets$applyKotlinAndroidSourceSetLayout$3: loaded 2 times (x 79B)
Class org.jetbrains.kotlin.gradle.dsl.abi.AbiFilterSetSpec_Decorated                  : loaded 2 times (x 133B)
Class com.android.build.gradle.internal.coverage.JacocoConfigurations                 : loaded 2 times (x 71B)
Class com.android.build.gradle.internal.HostTestTaskManager$createRunHostTestTask$2   : loaded 2 times (x 75B)
Class build_cc7u0r9xiqyotfw234iubg8pg$_run_closure1$_closure9                         : loaded 2 times (x 139B)
Class build_83uyxmgoc8f1expj6z3p5hcyh$_run_closure1$_closure3                         : loaded 2 times (x 139B)
Class build_85u53m1d3qsy4n3kbdsghmp8c$_run_closure1$_closure4                         : loaded 2 times (x 139B)
Class build_85u53m1d3qsy4n3kbdsghmp8c$_run_closure1$_closure7$_closure10              : loaded 2 times (x 139B)
Class build_9fqrxezi900td8yr8aar060ds$_run_closure1$_closure7$_closure11              : loaded 2 times (x 139B)
Class build_48guv78gsyj6sanu32b36jz3y$_run_closure2                                   : loaded 2 times (x 139B)
Class build_ay3gj9n4izvpq7evo2m6iquhi$_run_closure1$_closure4$_closure9               : loaded 2 times (x 139B)
Class com.intellij.gradle.toolingExtension.impl.model.dependencyModel.DependencyReadContext: loaded 2 times (x 72B)
Class com.intellij.gradle.toolingExtension.impl.model.sourceSetDependencyModel.GradleSourceSetDependencySerialisationService$SourceSetDependencyModelReadContext: loaded 2 times (x 72B)
Class org.jetbrains.plugins.gradle.model.VersionCatalogsModel                         : loaded 2 times (x 70B)
Class [Lcom.amazon.ion.IonType;                                                       : loaded 2 times (x 69B)
Class com.amazon.ion.impl.LocalSymbolTableAsStruct$Factory                            : loaded 2 times (x 79B)
Class com.amazon.ion.impl.bin.IonManagedBinaryWriter$SymbolState$1                    : loaded 2 times (x 80B)
Class jdk.internal.jimage.decompressor.ResourceDecompressorFactory                    : loaded 2 times (x 74B)
Class com.android.build.gradle.internal.SdkLoadingStrategy                            : loaded 2 times (x 72B)
Class com.android.sdklib.repository.generated.addon.v2.ObjectFactory                  : loaded 2 times (x 80B)
Class com.sun.xml.bind.v2.model.core.TypeInfoSet                                      : loaded 2 times (x 70B)
Class com.sun.xml.bind.api.BridgeContext                                              : loaded 2 times (x 76B)
Class [Lcom.sun.xml.bind.v2.model.impl.ClassInfoImpl$SecondaryAnnotation;             : loaded 2 times (x 69B)
Class com.android.builder.model.v2.ide.PrivacySandboxSdkInfo                          : loaded 2 times (x 70B)
Class org.jetbrains.kotlin.gradle.plugin.KotlinCompilerArgumentsProducer$CreateCompilerArgumentsContext$Companion: loaded 2 times (x 71B)
Class org.gradle.tooling.internal.adapter.ProtocolToModelAdapter$MixInBeanMappingAction: loaded 2 times (x 81B)
Class org.jetbrains.kotlin.gradle.plugin.statistics.KotlinBuildStatsBeanService$Companion: loaded 2 times (x 71B)
Class org.jetbrains.kotlin.gradle.targets.native.internal.SetupKotlinNativePlatformDependenciesAndStdlibKt: loaded 2 times (x 71B)
Class org.jetbrains.kotlin.gradle.plugin.mpp.compilationImpl.KotlinCreateResourcesTaskSideEffectKt: loaded 2 times (x 71B)
Class org.jetbrains.kotlin.gradle.utils.AndroidExtensionUitlsKt                       : loaded 2 times (x 71B)
Class org.jetbrains.kotlin.gradle.model.builder.KotlinModelBuilder$Companion          : loaded 2 times (x 71B)
Class com.microsoft.gradle.api.GradleDependencyType                                   : loaded 2 times (x 79B)
Class org.gradle.tooling.internal.consumer.versioning.VersionDetails$R26VersionDetails: loaded 2 times (x 80B)
Class com.android.build.gradle.internal.ide.v2.ProjectSyncIssuesImpl$Companion        : loaded 2 times (x 71B)
Class com.android.build.gradle.internal.ide.v2.LibraryInfoImpl$toKeyComponent$$inlined$sortedBy$1: loaded 2 times (x 89B)
Class com.android.build.gradle.internal.cxx.configure.NativeModelBuilderOutcome$Outcome: loaded 2 times (x 87B)
Class org.jetbrains.kotlin.gradle.utils.PluginManagerUtilsKt$isPluginApplied$2        : loaded 2 times (x 75B)
Class org.jetbrains.kotlin.gradle.internal.StdlibDependencyManagementKt$configureStdlibDefaultDependency$1: loaded 2 times (x 79B)
Class com.sun.xml.bind.api.impl.NameConverter                                         : loaded 2 times (x 70B)
Class com.sun.xml.bind.v2.model.core.NonElement                                       : loaded 2 times (x 70B)
Class com.sun.xml.bind.v2.ContextFactory                                              : loaded 2 times (x 71B)
Class com.android.repository.impl.meta.SchemaModuleUtil                               : loaded 2 times (x 71B)
Class com.android.build.gradle.internal.errors.SyncIssueReporterImpl$GlobalSyncIssueService$Inject_: loaded 2 times (x 102B)
Class jdk.internal.jimage.decompressor.ZipDecompressorFactory                         : loaded 2 times (x 74B)
Class com.amazon.ion.impl.bin.IonManagedBinaryWriter$SymbolState                      : loaded 2 times (x 80B)
Class com.amazon.ion.IonStruct                                                        : loaded 2 times (x 70B)
Class org.jetbrains.plugins.gradle.model.GradleBuildScriptClasspathModel              : loaded 2 times (x 70B)
Class kotlin.sequences.FilteringSequence                                              : loaded 2 times (x 75B)
Class kotlin.text.CharsKt__CharJVMKt                                                  : loaded 2 times (x 71B)
Class kotlin.comparisons.ComparisonsKt                                                : loaded 2 times (x 71B)
Class kotlin.comparisons.ComparisonsKt___ComparisonsKt                                : loaded 2 times (x 71B)
Class kotlin.coroutines.jvm.internal.BaseContinuationImpl                             : loaded 2 times (x 87B)
Class kotlin.Result$Companion                                                         : loaded 2 times (x 71B)
Class org.gradle.util.internal.DefaultGradleVersion                                   : loaded 2 times (x 82B)
Class build_85usgstq4p3zrgvf1xxzxscgy$_run_closure1$_closure6                         : loaded 2 times (x 139B)
Class build_1e4rsgmzwhfdbusthbchkh4rg$_run_closure1                                   : loaded 2 times (x 139B)
Class org.jetbrains.kotlin.gradle.internal.KotlinDependenciesManagementKt$configureDefaultVersionsResolutionStrategy$1: loaded 2 times (x 75B)
Class org.jetbrains.kotlin.gradle.plugin.KotlinPluginLifecycle$ProjectConfigurationResult: loaded 2 times (x 71B)
Class com.android.build.gradle.internal.ide.dependencies.ArtifactCollectionsInputs$RuntimeType: loaded 2 times (x 79B)
Class com.android.build.gradle.internal.lint.SdkVersionInput_Decorated                : loaded 2 times (x 129B)
Class build_cc7u0r9xiqyotfw234iubg8pg$_run_closure1$_closure8                         : loaded 2 times (x 139B)
Class build_rhv3zqymqy5qyoche90t9e9f                                                  : loaded 2 times (x 172B)
Class com.google.protobuf.gradle.GenerateProtoTask$doneInitializing$0                 : loaded 2 times (x 152B)
Class build_9fqrxezi900td8yr8aar060ds$_run_closure1$_closure7$_closure10              : loaded 2 times (x 139B)
Class build_48guv78gsyj6sanu32b36jz3y$_run_closure1                                   : loaded 2 times (x 139B)
Class com.android.build.gradle.internal.dependency.ArtifactCollectionWithExtraArtifact: loaded 2 times (x 92B)
Class org.gradle.internal.installation.GradleInstallation$1                           : loaded 2 times (x 75B)
Class org.gradle.api.internal.classpath.ModuleRegistry                                : loaded 2 times (x 70B)
Class com.intellij.openapi.externalSystem.model.project.dependencies.AbstractDependencyNode: loaded 2 times (x 87B)
Class org.jetbrains.kotlin.gradle.testing.internal.KotlinTestsRegistryKt              : loaded 2 times (x 71B)
Class com.intellij.util.containers.IntObjectHashMap                                   : loaded 2 times (x 72B)
Class org.jetbrains.plugins.gradle.model.ExternalDependency                           : loaded 2 times (x 70B)
Class jdk.internal.jimage.ImageReader$SharedImageReader                               : loaded 2 times (x 95B)
Class org.jetbrains.kotlin.statistics.metrics.BooleanOverridePolicy                   : loaded 2 times (x 85B)
Class com.android.sdklib.repository.legacy.LegacyDownloader                           : loaded 2 times (x 84B)
Class com.android.sdklib.repository.generated.addon.v1.package-info                   : loaded 2 times (x 70B)
Class com.android.repository.impl.generated.v2.package-info                           : loaded 2 times (x 70B)
Class com.android.build.gradle.internal.lint.AndroidLintTask$FixSingleVariantCreationAction: loaded 2 times (x 95B)
Class com.sun.xml.bind.v2.model.impl.ValuePropertyInfoImpl                            : loaded 2 times (x 120B)
Class javax.xml.bind.annotation.XmlAnyAttribute                                       : loaded 2 times (x 70B)
Class org.jetbrains.kotlin.gradle.tasks.KotlinCompile$ClasspathSnapshotProperties     : loaded 2 times (x 75B)
Class org.jetbrains.kotlin.build.report.metrics.BuildTimes                            : loaded 2 times (x 72B)
Class org.jetbrains.kotlin.gradle.plugin.KotlinCompilerArgumentsProducer$ArgumentType$Companion: loaded 2 times (x 71B)
Class com.microsoft.gradle.api.GradleTask                                             : loaded 2 times (x 70B)
Class build_cw0mxxge8puf1gz5jsb1z6mpo$_run_closure1$_closure7$_closure11              : loaded 2 times (x 139B)
Class com.android.build.gradle.internal.attribution.BuildAnalyzerConfiguratorService$State: loaded 2 times (x 79B)
Class org.jetbrains.kotlin.gradle.plugin.PropertiesProvider$propertyWithDeprecatedValues$1: loaded 2 times (x 75B)
Class org.jetbrains.kotlin.gradle.plugin.statistics.DefaultKotlinBuildStatsBeanService: loaded 2 times (x 92B)
Class org.jetbrains.kotlin.statistics.metrics.StringOverridePolicy                    : loaded 2 times (x 85B)
Class org.jetbrains.kotlin.gradle.dsl.PlatformSourceSetConventionsChecker$runChecks$6 : loaded 2 times (x 88B)
Class org.jetbrains.kotlin.gradle.dsl.abi.AbiValidationVariantSpec                    : loaded 2 times (x 70B)
Class org.jetbrains.kotlin.gradle.dsl.abi.AbiValidationVariantSpec$Companion          : loaded 2 times (x 71B)
Class org.jetbrains.kotlin.gradle.tasks.configuration.BaseKotlinCompileConfig$2$1     : loaded 2 times (x 75B)
Class org.jetbrains.kotlin.gradle.internal.StdlibDependencyManagementKt$addStdlibDependency$1$1: loaded 2 times (x 79B)
Class org.jetbrains.kotlin.gradle.plugin.mpp.KotlinWithJavaCompilation                : loaded 2 times (x 199B)
Class org.jetbrains.kotlin.gradle.plugin.mpp.KotlinAndroidTarget$createAndroidUsageContexts$usageContexts$1$1: loaded 2 times (x 79B)
Class com.android.build.gradle.internal.tasks.JacocoTask$Companion                    : loaded 2 times (x 71B)
Class com.android.build.gradle.internal.coverage.JacocoReportTask$BaseCreationAction  : loaded 2 times (x 92B)
Class build_cc7u0r9xiqyotfw234iubg8pg$_run_closure1$_closure7                         : loaded 2 times (x 139B)
Class com.google.protobuf.gradle.GenerateProtoTask$_closure2                          : loaded 2 times (x 135B)
Class build_ay3gj9n4izvpq7evo2m6iquhi$_run_closure1$_closure8$_closure12              : loaded 2 times (x 139B)
Class org.jetbrains.plugins.gradle.model.IntelliJProjectSettings                      : loaded 2 times (x 70B)
Class jdk.internal.jimage.ImageReader                                                 : loaded 2 times (x 75B)
Class com.android.sdklib.repository.meta.SdkCommonFactory                             : loaded 2 times (x 73B)
Class com.android.sdklib.repository.generated.common.v1.package-info                  : loaded 2 times (x 70B)
Class com.android.repository.impl.meta.RemotePackageImpl                              : loaded 2 times (x 144B)
Class org.gradle.tooling.model.cpp.CppBinary                                          : loaded 2 times (x 70B)
Class org.jetbrains.kotlin.build.report.metrics.BuildAttributes                       : loaded 2 times (x 72B)
Class com.sun.xml.bind.v2.runtime.unmarshaller.UnmarshallingContext$DefaultRootLoader : loaded 2 times (x 80B)
Class com.sun.xml.bind.v2.runtime.reflect.PrimitiveArrayListerLong                    : loaded 2 times (x 76B)
Class com.sun.xml.bind.v2.model.core.ClassInfo                                        : loaded 2 times (x 70B)
Class com.android.repository.impl.generated.v1.package-info                           : loaded 2 times (x 70B)
Class com.android.build.gradle.tasks.JavaCompileKt                                    : loaded 2 times (x 71B)
Class com.google.common.io.Closer                                                     : loaded 2 times (x 78B)
Class com.android.builder.model.v2.models.ndk.NativeBuildSystem                       : loaded 2 times (x 79B)
Class org.gradle.internal.classloader.ClassLoaderSpec                                 : loaded 2 times (x 71B)
Class build_85usgstq4p3zrgvf1xxzxscgy$_run_closure1$_closure7                         : loaded 2 times (x 139B)
Class build_eduhyel8b2lf2adh9y8447ow3                                                 : loaded 2 times (x 172B)
Class build_8plm564spnlwnxa85gbkxylp5$_run_closure1$_closure4$_closure6               : loaded 2 times (x 139B)
Class build_48guv78gsyj6sanu32b36jz3y$_run_closure1$_closure4$_closure5               : loaded 2 times (x 139B)
Class build_1e4rsgmzwhfdbusthbchkh4rg$_run_closure2                                   : loaded 2 times (x 139B)
Class com.sun.xml.bind.v2.runtime.JAXBContextImpl                                     : loaded 2 times (x 90B)
Class com.sun.xml.bind.v2.util.QNameMap                                               : loaded 2 times (x 72B)
Class com.android.build.api.component.impl.DefaultSourcesProviderImpl$getAidl$1       : loaded 2 times (x 78B)
Class org.jetbrains.kotlin.gradle.plugin.statistics.KotlinStdlibConfigurationMetrics  : loaded 2 times (x 71B)
Class com.sun.xml.bind.v2.runtime.output.Pcdata                                       : loaded 2 times (x 88B)
Class com.android.build.gradle.internal.dsl.LibrarySingleVariantImpl$AgpDecorated     : loaded 2 times (x 87B)
Class com.sun.xml.bind.v2.model.annotation.SecureLoader                               : loaded 2 times (x 71B)
Class com.sun.xml.bind.v2.model.impl.PropertyInfoImpl                                 : loaded 2 times (x 108B)
Class com.sun.xml.bind.v2.model.nav.ReflectionNavigator$BinderArg                     : loaded 2 times (x 73B)
Class com.android.sdklib.repository.generated.common.v2.ApiDetailsType                : loaded 2 times (x 107B)
Class org.jetbrains.kotlin.gradle.plugin.sources.KotlinDependencyScopeKt              : loaded 2 times (x 71B)
Class com.android.build.gradle.internal.ide.v2.GlobalSyncService$Parameters$Inject_   : loaded 2 times (x 106B)
Class com.android.build.gradle.internal.ide.v2.EdgeImpl                               : loaded 2 times (x 76B)
Class build_cw0mxxge8puf1gz5jsb1z6mpo$_run_closure1$_closure7$_closure10              : loaded 2 times (x 139B)
Class org.jetbrains.kotlin.gradle.internal.KotlinDependenciesManagementKt$configureDefaultVersionsResolutionStrategy$1$1: loaded 2 times (x 75B)
Class org.jetbrains.kotlin.gradle.utils.KotlinExtensionUtilsKt$forAllTargets$1        : loaded 2 times (x 95B)
Class org.jetbrains.kotlin.gradle.plugin.diagnostics.CheckKotlinGradlePluginConfigurationErrorsKt$locateOrRegisterCheckKotlinGradlePluginErrorsTask$taskProvider$1: loaded 2 times (x 75B)
Class org.jetbrains.kotlin.gradle.plugin.diagnostics.checkers.OverriddenKotlinNativeHomeChecker$StdlibExistenceCheckerValueSource$Params: loaded 2 times (x 70B)
Class org.jetbrains.kotlin.gradle.dsl.PlatformSourceSetConventionsChecker$nativeTargetPresets$1$1: loaded 2 times (x 79B)
Class org.jetbrains.kotlin.gradle.tooling.BuildKotlinToolingMetadataTaskKt$buildKotlinToolingMetadataTask$1: loaded 2 times (x 78B)
Class org.jetbrains.kotlin.gradle.plugin.mpp.compilationImpl.KotlinCreateCompilationArchiveTaskKt$KotlinRegisterCompilationArchiveTasksExtension$1: loaded 2 times (x 74B)
Class [Lorg.jetbrains.kotlin.statistics.metrics.NumberOverridePolicy;                 : loaded 2 times (x 69B)
Class org.jetbrains.kotlin.gradle.internal.properties.NativePropertiesLoader$shouldUseEmbeddableCompilerJar$1: loaded 2 times (x 75B)
Class org.jetbrains.kotlin.gradle.targets.native.ConfigureFrameworkExportSideEffectKt$special$$inlined$KotlinTargetSideEffect$1: loaded 2 times (x 74B)
Class org.jetbrains.kotlin.gradle.targets.jvm.KotlinJvmCompilationWireJavaSourcesSideEffectKt$KotlinJvmCompilationWireJavaSourcesSideEffect$1: loaded 2 times (x 74B)
Class org.jetbrains.kotlin.gradle.plugin.diagnostics.checkers.DeprecatedKotlinNativeTargetsChecker: loaded 2 times (x 74B)
Class org.jetbrains.kotlin.gradle.plugin.KotlinPluginLifecycle$Stage$Companion        : loaded 2 times (x 71B)
Class org.jetbrains.kotlin.konan.target.KonanTarget$TVOS_SIMULATOR_ARM64              : loaded 2 times (x 78B)
Class com.android.build.gradle.internal.scope.InternalArtifactType$DESUGAR_LIB_KEEP_RULES: loaded 2 times (x 74B)
Class org.jetbrains.kotlin.gradle.plugin.abi.AbiValidationTaskSet                     : loaded 2 times (x 72B)
Class com.android.build.gradle.internal.lint.ProjectInputs_Decorated                  : loaded 2 times (x 160B)
Class com.android.build.gradle.internal.lint.AndroidArtifactInput$getGeneratedResourceFolders$1: loaded 2 times (x 79B)
Class com.android.build.gradle.internal.scope.InternalArtifactType$DESUGAR_LIB_DEX    : loaded 2 times (x 74B)
Class build_92hga93kpg7aqjtojbjhgkbwd$_run_closure2                                   : loaded 2 times (x 139B)
Class build_cc7u0r9xiqyotfw234iubg8pg$_run_closure1$_closure6                         : loaded 2 times (x 139B)
Class com.google.protobuf.gradle.GenerateProtoTask$_closure1                          : loaded 2 times (x 135B)
Class build_d1blq9flsspetkapp5062l9ai$_run_closure1$_closure7$_closure11              : loaded 2 times (x 139B)
Class build_eduhyel8b2lf2adh9y8447ow3$_run_closure1$_closure4$_closure8               : loaded 2 times (x 139B)
Class kotlin.UninitializedPropertyAccessException                                     : loaded 2 times (x 82B)
Class kotlin.Metadata                                                                 : loaded 2 times (x 70B)
Class kotlin.text.MatchResult$Destructured                                            : loaded 2 times (x 72B)
Class com.android.ide.gradle.model.composites.BuildMap                                : loaded 2 times (x 70B)
Class com.amazon.ion.UnknownSymbolException                                           : loaded 2 times (x 86B)
Class com.android.ide.common.repository.AgpVersion$PreviewKind$WhenMappings           : loaded 2 times (x 71B)
Class com.android.build.gradle.internal.dsl.BaseFlavor$setTargetSdkVersion$1          : loaded 2 times (x 78B)
Class org.objectweb.asm.tree.RecordComponentNode                                      : loaded 2 times (x 79B)
Class org.objectweb.asm.tree.LabelNode                                                : loaded 2 times (x 80B)
Class com.sun.xml.bind.v2.model.annotation.ClassLocatable                             : loaded 2 times (x 78B)
Class com.sun.xml.bind.AccessorFactory                                                : loaded 2 times (x 70B)
Class com.android.sdklib.repository.generated.repository.v3.SourceDetailsType         : loaded 2 times (x 114B)
Class com.sun.xml.bind.v2.runtime.unmarshaller.XsiNilLoader$Array                     : loaded 2 times (x 80B)
Class com.sun.xml.bind.v2.runtime.property.ArrayReferenceNodeProperty$MixedTextLoader : loaded 2 times (x 78B)
Class com.sun.xml.bind.v2.runtime.Utils                                               : loaded 2 times (x 71B)
Class com.android.build.gradle.tasks.JavaCompileUtils$checkDeprecatedSourceAndTargetAtExecutionTime$1: loaded 2 times (x 75B)
Class org.jetbrains.kotlin.gradle.tasks.KotlinJavaToolchain$JavaToolchainSetter       : loaded 2 times (x 70B)
Class org.jetbrains.kotlin.gradle.tasks.KotlinCompile$defaultKotlinJavaToolchain$1    : loaded 2 times (x 79B)
Class com.android.build.gradle.internal.attribution.BuildAnalyzerService$Parameters   : loaded 2 times (x 70B)
Class org.jetbrains.kotlin.statistics.metrics.BooleanAnonymizationPolicy$SAFE         : loaded 2 times (x 85B)
Class org.jetbrains.kotlin.gradle.plugin.diagnostics.KotlinToolingDiagnostics$WasmJsEnvironmentNotChosenExplicitly: loaded 2 times (x 73B)
Class org.jetbrains.kotlin.gradle.plugin.diagnostics.checkers.KonanHomeConflictDeclarationChecker: loaded 2 times (x 74B)
Class org.jetbrains.kotlin.gradle.plugin.DeprecatedKotlinJvmOptions                   : loaded 2 times (x 101B)
Class org.jetbrains.kotlin.gradle.tooling.IncludeKotlinToolingMetadataInApkKt$includeKotlinToolingMetadataInApk$1: loaded 2 times (x 75B)
Class org.jetbrains.kotlin.gradle.plugin.diagnostics.checkers.JsLikeEnvironmentChecker$runChecks$1: loaded 2 times (x 88B)
Class org.jetbrains.kotlin.gradle.dsl.PlatformSourceSetConventionsChecker$runChecks$4 : loaded 2 times (x 78B)
Class org.jetbrains.kotlin.gradle.dsl.abi.AbiFilterSetSpec                            : loaded 2 times (x 70B)
Class [Lorg.jetbrains.kotlin.gradle.dsl.ExplicitApiMode;                              : loaded 2 times (x 69B)
Class com.android.build.gradle.internal.ide.v2.BundleInfoImpl$Companion               : loaded 2 times (x 71B)
Class com.android.build.gradle.tasks.GenerateTestConfig$Companion                     : loaded 2 times (x 71B)
Class com.android.build.gradle.internal.AndroidJarInput_Decorated                     : loaded 2 times (x 128B)
Class org.jetbrains.kotlin.gradle.tasks.DefaultKotlinJavaToolchain$DefaultJavaToolchainSetter: loaded 2 times (x 75B)
Class org.jetbrains.kotlin.build.report.metrics.BuildAttributeKind                    : loaded 2 times (x 79B)
Class com.sun.xml.bind.AccessorFactoryImpl                                            : loaded 2 times (x 81B)
Class com.sun.xml.bind.v2.model.core.MapPropertyInfo                                  : loaded 2 times (x 70B)
Class javax.xml.bind.ModuleUtil                                                       : loaded 2 times (x 71B)
Class com.android.repository.impl.meta.RepoPackageImpl$Archives                       : loaded 2 times (x 72B)
Class com.android.sdklib.repository.meta.SysImgFactory                                : loaded 2 times (x 72B)
Class com.android.build.gradle.internal.services.VersionedSdkLoaderService$sam$java_util_concurrent_Callable$0: loaded 2 times (x 75B)
Class com.amazon.ion.impl.IonWriterSystemTextMarkup                                   : loaded 2 times (x 192B)
Class com.amazon.ion.impl.bin.BlockAllocator                                          : loaded 2 times (x 80B)
Class kotlin.jvm.internal.FunctionReferenceImpl                                       : loaded 2 times (x 122B)
Class kotlin.collections.CollectionsKt___CollectionsJvmKt                             : loaded 2 times (x 71B)
Class build_8n2h6s6d7tkz6st5lvcamamtk$_run_closure1$_closure4$_closure6               : loaded 2 times (x 139B)
Class build_1e4rsgmzwhfdbusthbchkh4rg$_run_closure3                                   : loaded 2 times (x 139B)
Class com.android.build.gradle.internal.lint.JavaArtifactInput_Decorated              : loaded 2 times (x 151B)
Class com.android.build.gradle.internal.scope.InternalArtifactType$JACOCO_CONFIG_RESOURCES: loaded 2 times (x 74B)
Class org.jetbrains.kotlin.gradle.plugin.SubpluginEnvironment$addSubpluginOptions$configureKotlinTask$1: loaded 2 times (x 79B)
Class org.jetbrains.kotlin.gradle.plugin.diagnostics.KotlinToolingDiagnosticsSetupActionKt$KotlinToolingDiagnosticsSetupAction$1$2$diagnostics$1: loaded 2 times (x 75B)
Class org.jetbrains.kotlin.gradle.plugin.mpp.SyncLanguageSettingsWithKotlinExtensionSetupActionKt$SyncLanguageSettingsWithKotlinExtensionSetupAction$1$1: loaded 2 times (x 75B)
Class org.jetbrains.kotlin.gradle.internal.utils.CollectionsKt                        : loaded 2 times (x 71B)
Class com.android.build.gradle.internal.lint.BuildFeaturesInput_Decorated             : loaded 2 times (x 129B)
Class build_92hga93kpg7aqjtojbjhgkbwd$_run_closure1                                   : loaded 2 times (x 139B)
Class org.jetbrains.kotlin.gradle.dsl.abi.AbiValidationExtension                      : loaded 2 times (x 70B)
Class org.jetbrains.kotlin.gradle.plugin.diagnostics.checkers.DuplicateSourceSetChecker$runChecks$1: loaded 2 times (x 88B)
Class org.jetbrains.kotlin.gradle.plugin.sources.android.KotlinAndroidSourceSetFactory$Companion: loaded 2 times (x 71B)
Class build_cc7u0r9xiqyotfw234iubg8pg$_run_closure1$_closure5                         : loaded 2 times (x 139B)
Class com.google.protobuf.gradle.GenerateProtoTask$_makeOptionsPrefix_closure3        : loaded 2 times (x 136B)
Class build_8gsxwmmagq84b5gieklt0c7t4                                                 : loaded 2 times (x 172B)
Class build_44dy2wk5comphocv2k72ieosm$_run_closure1$_closure5$_closure7               : loaded 2 times (x 139B)
Class com.amazon.ion.impl.bin.IonRawBinaryWriter$ThrowingRunnable                     : loaded 2 times (x 70B)
Class com.amazon.ion.impl.bin.IonManagedBinaryWriter$LocalSymbolTableView             : loaded 2 times (x 107B)
Class com.amazon.ion.impl._Private_RecyclingStack$Recycler                            : loaded 2 times (x 70B)
Class jdk.internal.jimage.ImageStringsReader                                          : loaded 2 times (x 80B)
Class com.android.build.gradle.internal.SdkComponentsBuildService$VersionedSdkLoader$adbHelper$1: loaded 2 times (x 75B)
Class com.android.sdklib.repository.generated.common.v1.ObjectFactory                 : loaded 2 times (x 75B)
Class com.android.repository.impl.generated.v1.RevisionType                           : loaded 2 times (x 82B)
Class com.sun.xml.bind.v2.model.annotation.Init                                       : loaded 2 times (x 71B)
Class com.sun.xml.bind.api.impl.NameConverter$Standard                                : loaded 2 times (x 93B)
Class com.android.sdklib.repository.generated.addon.v3.AddonDetailsType               : loaded 2 times (x 135B)
Class com.sun.xml.bind.v2.runtime.property.SingleElementLeafProperty                  : loaded 2 times (x 102B)
Class com.android.build.gradle.internal.AndroidTestTaskManager$createTopLevelTasks$5  : loaded 2 times (x 75B)
Class com.android.build.gradle.internal.ide.v2.SigningConfigImpl$Companion            : loaded 2 times (x 71B)
Class com.android.build.api.artifact.MultipleArtifact$MULTIDEX_KEEP_PROGUARD          : loaded 2 times (x 74B)
Class com.android.build.gradle.internal.ide.v2.DependenciesInfoImpl$Companion         : loaded 2 times (x 71B)
Class com.android.build.gradle.internal.ide.v2.ArtifactDependenciesAdjacencyListImpl$Companion: loaded 2 times (x 71B)
Class com.android.build.gradle.internal.ide.v2.ProjectInfoImpl$Companion              : loaded 2 times (x 71B)
Class org.gradle.tooling.model.eclipse.EclipseClasspathEntry                          : loaded 2 times (x 70B)
Class ijJvmDebugger2_4pjm9q9cfsyp8rqoz0djir1sb$_run_closure1$_closure2                : loaded 2 times (x 140B)
Class com.android.build.gradle.internal.dsl.MinSdkDelegate$setMinSdkVersion$1         : loaded 2 times (x 78B)
Class com.android.build.gradle.internal.scope.InternalArtifactType$LINT_SARIF_REPORT  : loaded 2 times (x 74B)
Class com.android.build.gradle.internal.lint.LintTaskManager$createLintTasks$lintVitalTask$1$1: loaded 2 times (x 75B)
Class org.jetbrains.kotlin.gradle.plugin.RegisterKotlinPluginExtensionsKt             : loaded 2 times (x 71B)
Class org.jetbrains.kotlin.gradle.plugin.sources.android.AndroidBaseSourceSetName$Main: loaded 2 times (x 72B)
Class org.jetbrains.kotlin.gradle.plugin.sources.android.configurator.Agp7AddKotlinSourcesToAndroidSourceSetConfigurator$configure$1: loaded 2 times (x 75B)
Class org.jetbrains.kotlin.gradle.dsl.PlatformSourceSetConventionsChecker$runChecks$3 : loaded 2 times (x 78B)
Class org.jetbrains.kotlin.konan.target.KonanTarget$ANDROID_X86                       : loaded 2 times (x 78B)
Class org.jetbrains.kotlin.gradle.plugin.mpp.KotlinTargetComponentWithCoordinatesAndPublication: loaded 2 times (x 70B)
Class build_cc7u0r9xiqyotfw234iubg8pg$_run_closure1$_closure4                         : loaded 2 times (x 139B)
Class build_cc7u0r9xiqyotfw234iubg8pg$_run_closure1$_closure6$_closure11              : loaded 2 times (x 139B)
Class build_rhv3zqymqy5qyoche90t9e9f$_run_closure1$_closure6$_closure9                : loaded 2 times (x 139B)
Class com.google.protobuf.gradle.tasks.ProtoSourceSet                                 : loaded 2 times (x 70B)
Class com.android.build.gradle.api.BaseVariant$registerJavaGeneratingTask$0           : loaded 2 times (x 152B)
Class build_66q2uwacybia9235i4lc43pwz$_run_closure3                                   : loaded 2 times (x 139B)
Class kotlin.collections.MapsKt__MapsKt                                               : loaded 2 times (x 71B)
Class com.android.build.gradle.internal.tasks.R8ResourceShrinkingParameters           : loaded 2 times (x 82B)
Class com.android.build.api.variant.impl.SingleOutputHandler$singleOutputFileName$1   : loaded 2 times (x 75B)
Class org.jetbrains.kotlin.gradle.tasks.K2MultiplatformStructure$RefinesEdge          : loaded 2 times (x 72B)
Class org.jetbrains.plugins.gradle.tooling.serialization.ExternalTestsSerializationService$WriteContext: loaded 2 times (x 72B)
Class com.sun.xml.bind.DatatypeConverterImpl                                          : loaded 2 times (x 111B)
Class com.sun.xml.bind.v2.ClassFactory                                                : loaded 2 times (x 71B)
Class com.android.sdklib.repository.generated.addon.v2.MavenType                      : loaded 2 times (x 80B)
Class com.android.repository.impl.generated.v2.LicenseRefType                         : loaded 2 times (x 77B)
Class com.android.sdklib.repository.AndroidSdkHandler$DefaultInstanceProvider         : loaded 2 times (x 75B)
Class com.android.repository.api.ProgressIndicatorAdapter                             : loaded 2 times (x 107B)
Class kotlinx.coroutines.CoroutineStart$WhenMappings                                  : loaded 2 times (x 71B)
Class com.google.common.io.Closer$Suppressor                                          : loaded 2 times (x 70B)
Class com.google.common.io.LineProcessor                                              : loaded 2 times (x 70B)
Class [Lcom.android.builder.model.v2.models.ndk.NativeBuildSystem;                    : loaded 2 times (x 69B)
Class Settings_gradle$1$1                                                             : loaded 2 times (x 74B)
Class com.amazon.ion.impl._Private_RecyclingQueue                                     : loaded 2 times (x 80B)
Class com.amazon.ion.system.IonWriterBuilderBase                                      : loaded 2 times (x 83B)
Class kotlin.TuplesKt                                                                 : loaded 2 times (x 71B)
Class kotlin.jvm.internal.markers.KMutableIterable                                    : loaded 2 times (x 70B)
Class kotlin.Unit                                                                     : loaded 2 times (x 71B)
Class kotlin.sequences.SequencesKt___SequencesJvmKt                                   : loaded 2 times (x 71B)
Class build_7bikk7comoicc7aydcr4txaov$_run_closure1$_closure4                         : loaded 2 times (x 139B)
Class build_7bikk7comoicc7aydcr4txaov$_run_closure1                                   : loaded 2 times (x 139B)
Class build_3jrsyzc51tsedjay7ofn8thme$_run_closure1$_closure4                         : loaded 2 times (x 139B)
Class build_a6kys0t2ovmf08ycuug6b5khq$_run_closure1$_closure5$_closure7               : loaded 2 times (x 139B)
Class build_1e4rsgmzwhfdbusthbchkh4rg$_run_closure4                                   : loaded 2 times (x 139B)
Class build_b34an7tfzh7wo5vngfmr36czm$_run_closure1                                   : loaded 2 times (x 139B)
Class build_bf3qlynozrepzy52g1whshzme$_run_closure1$_closure6$_closure10              : loaded 2 times (x 139B)
Class com.google.protobuf.gradle.tasks.ProtoSourceSet$extendsFrom                     : loaded 2 times (x 152B)
Class com.google.protobuf.gradle.ProtobufPlugin$_addGenerateProtoTask_closure20       : loaded 2 times (x 136B)
Class build_d5eo7lwzpuod2zp11ilnh7erc$_run_closure1$_closure3                         : loaded 2 times (x 139B)
Class org.jetbrains.kotlin.idea.gradleTooling.KotlinGradleModel                       : loaded 2 times (x 70B)
Class com.amazon.ion.impl.bin.IonManagedBinaryWriter$SymbolResolverBuilder            : loaded 2 times (x 70B)
Class com.android.build.gradle.tasks.SourceJarTask                                    : loaded 2 times (x 603B)
Class com.amazon.ion.system.IonSystemBuilder$Mutable                                  : loaded 2 times (x 75B)
Class org.objectweb.asm.tree.TypeInsnNode                                             : loaded 2 times (x 79B)
Class org.jetbrains.kotlin.gradle.plugin.mpp.SyncLanguageSettingsWithKotlinExtensionSetupActionKt$SyncLanguageSettingsWithKotlinExtensionSetupAction$1$2: loaded 2 times (x 75B)
Class org.objectweb.asm.tree.InnerClassNode                                           : loaded 2 times (x 73B)
Class kotlinx.coroutines.CoroutineDispatcher$Key                                      : loaded 2 times (x 72B)
Class org.jetbrains.kotlin.gradle.plugin.diagnostics.checkers.OverriddenKotlinNativeHomeChecker$StdlibExistenceCheckerValueSource$Companion: loaded 2 times (x 71B)
Class [Lkotlinx.coroutines.CoroutineStart;                                            : loaded 2 times (x 69B)
Class org.jetbrains.kotlin.gradle.plugin.diagnostics.checkers.WasmWasiEnvironmentChecker$1: loaded 2 times (x 78B)
Class org.jetbrains.kotlin.gradle.plugin.diagnostics.checkers.DisabledCinteropCommonizationInHmppProjectChecker: loaded 2 times (x 74B)
Class org.jetbrains.kotlin.gradle.plugin.diagnostics.checkers.NoKotlinTargetsDeclaredChecker: loaded 2 times (x 74B)
Class org.jetbrains.kotlin.gradle.targets.jvm.KotlinJvmTargetTestFixturesSideEffectKt$ConfigureJavaTestFixturesSideEffect$1: loaded 2 times (x 74B)
Class com.android.build.gradle.internal.SdkDirectLoadingStrategy                      : loaded 2 times (x 72B)
Class com.android.build.gradle.internal.SdkType                                       : loaded 2 times (x 79B)
Class com.android.repository.impl.generated.v1.RemotePackage                          : loaded 2 times (x 157B)
Class com.android.repository.impl.meta.LocalPackageImpl                               : loaded 2 times (x 131B)
Class com.sun.xml.bind.v2.model.impl.RuntimeValuePropertyInfoImpl                     : loaded 2 times (x 135B)
Class com.sun.xml.bind.annotation.OverrideAnnotationOf                                : loaded 2 times (x 70B)
Class org.jetbrains.kotlin.daemon.common.MultiModuleICSettings                        : loaded 2 times (x 72B)
Class org.jetbrains.kotlin.gradle.tasks.AbstractKotlinCompile$defaultKotlinJavaToolchain$1: loaded 2 times (x 78B)
Class com.android.build.gradle.internal.scope.InternalArtifactType$COMPILE_BUILD_CONFIG_JAR: loaded 2 times (x 74B)
Class org.jetbrains.kotlin.gradle.plugin.DefaultKotlinBasePlugin$addKotlinCompilerConfiguration$3$1: loaded 2 times (x 79B)
Class org.jetbrains.kotlin.compilerRunner.KotlinCompilerArgumentsLogLevel$Companion   : loaded 2 times (x 71B)
Class com.android.build.gradle.internal.lint.AndroidLintAnalysisTask                  : loaded 2 times (x 342B)
Class com.android.build.gradle.internal.tasks.ExtractVersionControlInfoTask$CreationAction: loaded 2 times (x 90B)
Class com.android.build.gradle.internal.ide.v2.LibraryInfoImpl$toKeyComponent$2       : loaded 2 times (x 78B)
Class org.jetbrains.kotlin.gradle.plugin.AbstractKotlinPluginWrapper                  : loaded 2 times (x 86B)
Class org.jetbrains.kotlin.gradle.plugin.ide.IdeMultiplatformImport                   : loaded 2 times (x 70B)
Class com.microsoft.gradle.api.GradleDependencyNode                                   : loaded 2 times (x 70B)
Class ijKotlinCoroutineJvmDebugInit2_eka7z124jfyzyurovqgxarai$_run_closure1           : loaded 2 times (x 139B)
Class com.android.build.gradle.internal.lint.AndroidLintTask                          : loaded 2 times (x 361B)
Class org.jetbrains.kotlin.statistics.metrics.StringOverridePolicy$OVERRIDE           : loaded 2 times (x 85B)
Class org.jetbrains.kotlin.gradle.dsl.PlatformSourceSetConventionsChecker$runChecks$2 : loaded 2 times (x 78B)
Class org.jetbrains.kotlin.gradle.internal.StdlibDependencyManagementKt               : loaded 2 times (x 71B)
Class org.jetbrains.kotlin.gradle.plugin.KotlinCompilationInfoKt                      : loaded 2 times (x 71B)
Class org.jetbrains.kotlin.gradle.internal.transforms.BuildToolsApiClasspathEntrySnapshotTransform$Parameters: loaded 2 times (x 88B)
Class org.jetbrains.kotlin.gradle.plugin.statistics.KotlinStdlibConfigurationMetrics$collectMetrics$1: loaded 2 times (x 79B)
Class build_92hga93kpg7aqjtojbjhgkbwd$_run_closure1$_closure6                         : loaded 2 times (x 139B)
Class build_cc7u0r9xiqyotfw234iubg8pg$_run_closure1$_closure3                         : loaded 2 times (x 139B)
Class build_cc7u0r9xiqyotfw234iubg8pg$_run_closure1$_closure6$_closure10              : loaded 2 times (x 139B)
Class build_rhv3zqymqy5qyoche90t9e9f$_run_closure1$_closure6$_closure8                : loaded 2 times (x 139B)
Class com.google.protobuf.gradle.ProtobufPlugin$_doApply_closure8                     : loaded 2 times (x 136B)
Class com.google.protobuf.gradle.tasks.ProtoSourceSet$includesFrom$0                  : loaded 2 times (x 152B)
Class build_2ybws2pajndu6p4l918acwksh$_run_closure3                                   : loaded 2 times (x 139B)
Class build_66q2uwacybia9235i4lc43pwz$_run_closure2                                   : loaded 2 times (x 139B)
Class build_a2j7rkulzo52kpnaoaf05dms3$_run_closure1$_closure5$_closure7               : loaded 2 times (x 139B)
Class build_8n2h6s6d7tkz6st5lvcamamtk                                                 : loaded 2 times (x 172B)
Class build_dgs60ascdojv1dazrss2dlprj$_run_closure1$_closure7$_closure9               : loaded 2 times (x 139B)
Class kotlin.collections.ArrayDeque                                                   : loaded 2 times (x 207B)
Class kotlin.reflect.KFunction                                                        : loaded 2 times (x 70B)
Class org.jetbrains.plugins.gradle.tooling.serialization.KotlinDslScriptsModelSerializationService: loaded 2 times (x 81B)
Class org.jetbrains.plugins.gradle.model.ExternalProjectDependency                    : loaded 2 times (x 70B)
Class org.objectweb.asm.tree.IincInsnNode                                             : loaded 2 times (x 78B)
Class com.android.build.gradle.tasks.ExtractSupportedLocalesTask$CreationAction$configure$1: loaded 2 times (x 79B)
Class com.android.builder.dexing.ToolConfig                                           : loaded 2 times (x 72B)
Class com.google.common.io.Files$FileByteSource                                       : loaded 2 times (x 85B)
Class com.android.build.gradle.internal.ide.v2.ViewBindingOptionsImpl                 : loaded 2 times (x 74B)
Class [Lorg.jetbrains.kotlin.compilerRunner.KotlinCompilerArgumentsLogLevel;          : loaded 2 times (x 69B)
Class org.jetbrains.kotlin.gradle.tasks.KotlinCompile_Decorated                       : loaded 2 times (x 599B)
Class com.sun.xml.bind.v2.runtime.reflect.ListIterator                                : loaded 2 times (x 70B)
Class com.sun.xml.bind.v2.model.impl.RuntimeModelBuilder$IDTransducerImpl             : loaded 2 times (x 88B)
Class com.android.sdklib.repository.generated.repository.v1.PlatformDetailsType       : loaded 2 times (x 120B)
Class javax.xml.bind.annotation.XmlElementRefs                                        : loaded 2 times (x 70B)
Class com.sun.xml.bind.v2.model.runtime.RuntimeElement                                : loaded 2 times (x 70B)
Class com.android.repository.impl.generated.v2.LicenseType                            : loaded 2 times (x 87B)
Class com.android.repository.impl.generated.v1.RepositoryType                         : loaded 2 times (x 86B)
Class com.android.sdklib.repository.generated.common.v2.LibraryType                   : loaded 2 times (x 90B)
Class com.android.sdklib.repository.generated.sysimg.v3.ObjectFactory                 : loaded 2 times (x 75B)
Class [Lcom.android.build.gradle.internal.SdkLocator$SdkLocationSource;               : loaded 2 times (x 69B)
Class [Lcom.android.build.gradle.internal.SdkType;                                    : loaded 2 times (x 69B)
Class [Lorg.objectweb.asm.Label;                                                      : loaded 2 times (x 69B)
Class kotlin.ranges.RangesKt                                                          : loaded 2 times (x 71B)
Class org.gradle.internal.classloader.VisitableURLClassLoader                         : loaded 2 times (x 117B)
Class build_ay3gj9n4izvpq7evo2m6iquhi$_run_closure1                                   : loaded 2 times (x 139B)
Class build_7bikk7comoicc7aydcr4txaov$_run_closure1$_closure5                         : loaded 2 times (x 139B)
Class build_7bikk7comoicc7aydcr4txaov$_run_closure2                                   : loaded 2 times (x 139B)
Class build_3jrsyzc51tsedjay7ofn8thme$_run_closure1$_closure5                         : loaded 2 times (x 139B)
Class build_b34an7tfzh7wo5vngfmr36czm$_run_closure2                                   : loaded 2 times (x 139B)
Class build_bf3qlynozrepzy52g1whshzme$_run_closure1$_closure6$_closure11              : loaded 2 times (x 139B)
Class com.google.protobuf.gradle.Preconditions                                        : loaded 2 times (x 71B)
Class com.google.protobuf.gradle.ProtobufPlugin$_addGenerateProtoTask_closure21       : loaded 2 times (x 135B)
Class build_d5eo7lwzpuod2zp11ilnh7erc$_run_closure1$_closure4                         : loaded 2 times (x 139B)
Class build_d5eo7lwzpuod2zp11ilnh7erc$_run_closure1                                   : loaded 2 times (x 139B)
Class com.android.sdklib.repository.legacy.io.FileOpImpl                              : loaded 2 times (x 78B)
Class com.android.repository.impl.generated.v1.LocalPackage                           : loaded 2 times (x 140B)
Class com.android.build.gradle.internal.lint.AndroidLintAnalysisTask$initializeGlobalInputs$1: loaded 2 times (x 74B)
Class org.jetbrains.kotlin.gradle.plugin.mpp.publishing.PublishingKt                  : loaded 2 times (x 71B)
Class com.sun.xml.bind.v2.model.annotation.AnnotationSource                           : loaded 2 times (x 70B)
Class org.jetbrains.kotlin.gradle.plugin.sources.FragmentConsistencyChecks$unstableFeaturesCheck$1$1: loaded 2 times (x 78B)
Class org.jetbrains.kotlin.gradle.plugin.sources.InternalKotlinSourceSetKt$awaitPlatformCompilations$1: loaded 2 times (x 88B)
Class javax.xml.bind.annotation.adapters.XmlJavaTypeAdapter                           : loaded 2 times (x 70B)
Class [Lorg.jetbrains.kotlin.gradle.plugin.sources.KotlinDependencyScope;             : loaded 2 times (x 69B)
Class javax.xml.bind.annotation.XmlElementWrapper                                     : loaded 2 times (x 70B)
Class org.jetbrains.kotlin.gradle.incremental.IncrementalModuleInfoProvider           : loaded 2 times (x 70B)
Class com.android.build.gradle.internal.ide.v2.VariantImpl                            : loaded 2 times (x 88B)
Class com.android.build.gradle.internal.api.DefaultAndroidSourceDirectorySet$getSourceDirectoryTrees$1$1: loaded 2 times (x 75B)
Class org.jetbrains.kotlin.konan.target.KonanTarget$WATCHOS_X64                       : loaded 2 times (x 78B)
Class org.jetbrains.kotlin.gradle.plugin.diagnostics.KotlinGradleProjectCheckersRunnerKt: loaded 2 times (x 71B)
Class com.android.build.gradle.internal.ide.v2.ProductFlavorImpl$Companion            : loaded 2 times (x 71B)
Class org.gradle.tooling.internal.consumer.connection.StreamingAwareBuildControllerAdapter: loaded 2 times (x 101B)
Class org.jetbrains.kotlin.gradle.plugin.diagnostics.checkers.IncorrectCompileOnlyDependenciesChecker: loaded 2 times (x 74B)
Class org.jetbrains.kotlin.gradle.plugin.diagnostics.checkers.WasmWasiEnvironmentChecker$2: loaded 2 times (x 78B)
Class org.jetbrains.kotlin.gradle.plugin.abi.AbiValidationActionKt                    : loaded 2 times (x 71B)
Class com.android.build.gradle.internal.attribution.BuildAnalyzerConfiguratorService  : loaded 2 times (x 76B)
Class com.android.build.gradle.internal.scope.InternalArtifactType$L8_ART_PROFILE     : loaded 2 times (x 74B)
Class com.android.build.gradle.internal.scope.InternalArtifactType$LINT_VITAL_OUTPUT  : loaded 2 times (x 74B)
Class org.jetbrains.kotlin.gradle.plugin.mpp.compilationImpl.KotlinCompilationProcessorSideEffectKt$KotlinCompilationProcessorSideEffect$1: loaded 2 times (x 74B)
Class org.jetbrains.kotlin.gradle.plugin.sources.android.AndroidVariantTypeKt         : loaded 2 times (x 71B)
Class org.jetbrains.kotlin.gradle.tooling.IncludeKotlinToolingMetadataInApkKt$includeKotlinToolingMetadataInApk$1$1: loaded 2 times (x 75B)
Class org.jetbrains.kotlin.gradle.dsl.PlatformSourceSetConventionsChecker$runChecks$1 : loaded 2 times (x 88B)
Class org.jetbrains.kotlin.gradle.tasks.abi.KotlinLegacyAbiCheckTaskImpl$Companion    : loaded 2 times (x 71B)
Class org.jetbrains.kotlin.gradle.plugin.AndroidProjectHandler$wireKotlinTasks$preJavaKotlinOutput$1: loaded 2 times (x 75B)
Class org.jetbrains.kotlin.gradle.plugin.mpp.KotlinAndroidTarget$createAndroidUsageContexts$artifact$1$1: loaded 2 times (x 75B)
Class com.android.build.gradle.internal.lint.VariantInputs_Decorated                  : loaded 2 times (x 183B)
Class build_92hga93kpg7aqjtojbjhgkbwd$_run_closure1$_closure5                         : loaded 2 times (x 139B)
Class build_2ybws2pajndu6p4l918acwksh$_run_closure2                                   : loaded 2 times (x 139B)
Class build_66q2uwacybia9235i4lc43pwz$_run_closure1                                   : loaded 2 times (x 139B)
Class org.gradle.internal.classpath.ClassPath                                         : loaded 2 times (x 70B)
Class kotlin.collections.SetsKt                                                       : loaded 2 times (x 71B)
Class kotlin.text.StringsKt__IndentKt                                                 : loaded 2 times (x 71B)
Class [Lcom.amazon.ion.SymbolToken;                                                   : loaded 2 times (x 69B)
Class Settings_gradle$1                                                               : loaded 2 times (x 74B)
Class org.objectweb.asm.tree.UnsupportedClassVersionException                         : loaded 2 times (x 82B)
Class com.google.common.io.ByteSink                                                   : loaded 2 times (x 76B)
Class com.android.build.gradle.internal.SdkLocator$ValidationResult                   : loaded 2 times (x 72B)
Class com.sun.xml.bind.v2.model.nav.Navigator                                         : loaded 2 times (x 70B)
Class com.sun.xml.bind.v2.model.impl.RuntimeAnyTypeImpl                               : loaded 2 times (x 94B)
Class javax.xml.bind.annotation.XmlAccessOrder                                        : loaded 2 times (x 79B)
Class com.android.build.gradle.internal.attribution.BuildAnalyzerConfiguratorService$Inject_: loaded 2 times (x 96B)
Class com.sun.xml.bind.v2.runtime.reflect.Lister$CollectionLister                     : loaded 2 times (x 77B)
Class com.google.gson.internal.ConstructorConstructor$13                              : loaded 2 times (x 75B)
Class org.jetbrains.kotlin.gradle.tasks.configuration.BaseKotlinCompileConfig$1$1$classpathEntrySnapshotFiles$1: loaded 2 times (x 74B)
Class com.android.build.gradle.internal.ide.dependencies.ArtifactUtils$resolveArtifacts$projectJarsMap$2: loaded 2 times (x 79B)
Class org.gradle.tooling.model.eclipse.EclipseProject                                 : loaded 2 times (x 70B)
Class org.gradle.tooling.internal.consumer.versioning.ModelMapping$DefaultModelIdentifier: loaded 2 times (x 76B)
Class com.android.build.gradle.internal.ide.dependencies.FullDependencyGraphBuilderKt : loaded 2 times (x 71B)
Class com.android.build.gradle.internal.signing.SigningConfigDataProvider             : loaded 2 times (x 72B)
Class com.google.common.base.Verify                                                   : loaded 2 times (x 71B)
Class com.android.build.gradle.internal.tasks.creationconfig.JavaCompileCreationConfigKt$computeJavaSourceWithoutDependencies$1$1: loaded 2 times (x 79B)
Class com.sun.xml.bind.v2.runtime.unmarshaller.Scope                                  : loaded 2 times (x 72B)
Class javax.xml.bind.helpers.DefaultValidationEventHandler                            : loaded 2 times (x 75B)
Class [Ljavax.xml.bind.annotation.adapters.XmlJavaTypeAdapter;                        : loaded 2 times (x 69B)
Class javax.xml.bind.annotation.XmlElement$DEFAULT                                    : loaded 2 times (x 71B)
Class com.sun.xml.bind.v2.runtime.InternalBridge                                      : loaded 2 times (x 87B)
Class com.android.build.gradle.internal.SdkLocator$SdkLocationSource$TEST_SDK_DIRECTORY: loaded 2 times (x 80B)
Class org.gradle.kotlin.dsl.Accessors1vc5ojqnd7f0dgmcaq6blw3npKt                      : loaded 2 times (x 71B)
Class Settings_gradle                                                                 : loaded 2 times (x 124B)
Class com.amazon.ion.impl.bin.IonRawBinaryWriter$1                                    : loaded 2 times (x 77B)
Class [Lcom.amazon.ion.SymbolTable;                                                   : loaded 2 times (x 69B)
Class com.amazon.ion.impl.bin.IonBinaryWriterAdapter$Factory                          : loaded 2 times (x 70B)
Class com.amazon.ion.impl.BlockedBuffer$BufferedOutputStream                          : loaded 2 times (x 90B)
Class org.jetbrains.plugins.gradle.tooling.serialization.ExternalTestsSerializationService$ReadContext: loaded 2 times (x 72B)
Class kotlin.sequences.FlatteningSequence$iterator$1                                  : loaded 2 times (x 79B)
Class kotlin.jvm.functions.Function0                                                  : loaded 2 times (x 70B)
Class kotlin.collections.ArraysUtilJVM                                                : loaded 2 times (x 71B)
Class com.android.ide.common.build.GenericBuiltArtifact                               : loaded 2 times (x 77B)
Class com.android.build.gradle.internal.lint.AndroidLintTask$SingleVariantCreationAction: loaded 2 times (x 95B)
Class build_ay3gj9n4izvpq7evo2m6iquhi$_run_closure2                                   : loaded 2 times (x 139B)
Class build_alsmf1mgbrpjpxf67f2ibo2a2$_run_closure1                                   : loaded 2 times (x 139B)
Class build_7bikk7comoicc7aydcr4txaov$_run_closure3                                   : loaded 2 times (x 139B)
Class build_3jrsyzc51tsedjay7ofn8thme$_run_closure1$_closure6                         : loaded 2 times (x 139B)
Class build_7ge58nq9rpezpwjcdge17v52t$_run_closure1                                   : loaded 2 times (x 139B)
Class build_b34an7tfzh7wo5vngfmr36czm$_run_closure3                                   : loaded 2 times (x 139B)
Class build_85u53m1d3qsy4n3kbdsghmp8c$_run_closure1$_closure7$_closure9               : loaded 2 times (x 139B)
Class build_rhv3zqymqy5qyoche90t9e9f$_run_closure1                                    : loaded 2 times (x 139B)
Class build_d5eo7lwzpuod2zp11ilnh7erc$_run_closure1$_closure5                         : loaded 2 times (x 139B)
Class build_d5eo7lwzpuod2zp11ilnh7erc$_run_closure2                                   : loaded 2 times (x 139B)
Class org.jetbrains.kotlin.gradle.targets.native.SetupEmbedAndSignAppleFrameworkTaskSideEffectKt$special$$inlined$KotlinTargetSideEffect$1: loaded 2 times (x 74B)
Class org.jetbrains.kotlin.gradle.plugin.sources.android.AndroidBaseSourceSetName$Test: loaded 2 times (x 72B)
Class com.android.build.gradle.internal.lint.AndroidLintAnalysisTask$initializeGlobalInputs$globalLintJarsFromEnvVariable$1: loaded 2 times (x 74B)
Class com.android.build.gradle.internal.lint.AndroidLintAnalysisTask$initializeGlobalInputs$2: loaded 2 times (x 74B)
Class [Lorg.jetbrains.kotlin.gradle.plugin.mpp.KotlinUsageContext$MavenScope;         : loaded 2 times (x 69B)
Class org.jetbrains.kotlin.konan.target.KonanTarget$LINUX_ARM64                       : loaded 2 times (x 78B)
Class org.jetbrains.kotlin.gradle.targets.js.npm.SemVer$Companion                     : loaded 2 times (x 71B)
Class org.jetbrains.kotlin.gradle.plugin.mpp.ApplyUserDefinedAttributesKt$UserDefinedAttributesSetupAction$1$1: loaded 2 times (x 79B)
Class org.jetbrains.kotlin.gradle.utils.GradleAttributesContainerUtilsKt              : loaded 2 times (x 71B)
Class build_92hga93kpg7aqjtojbjhgkbwd$_run_closure1$_closure4                         : loaded 2 times (x 139B)
Class com.google.protobuf.gradle.ProtobufPlugin$_doApply_closure6                     : loaded 2 times (x 136B)
Class build_2ybws2pajndu6p4l918acwksh$_run_closure1                                   : loaded 2 times (x 139B)
Class org.jetbrains.kotlin.gradle.utils.FailuresKt$ideaSyncClasspathModeUtil$1        : loaded 2 times (x 72B)
Class org.jetbrains.kotlin.gradle.artifacts.KotlinJsKlibArtifactKt                    : loaded 2 times (x 71B)
Class com.google.common.collect.NullnessCasts                                         : loaded 2 times (x 71B)
Class kotlin.collections.IntIterator                                                  : loaded 2 times (x 82B)
Class kotlin.text.StringsKt__StringsJVMKt                                             : loaded 2 times (x 71B)
Class com.intellij.gradle.toolingExtension.impl.model.projectModel.GradleExternalProjectSerializationService$WriteContext: loaded 2 times (x 73B)
Class com.amazon.ion.impl.bin._Private_IonManagedBinaryWriterBuilder                  : loaded 2 times (x 72B)
Class com.amazon.ion.impl._Private_IonWriter                                          : loaded 2 times (x 70B)
Class com.amazon.ion.impl.bin.IonManagedBinaryWriter$UserState                        : loaded 2 times (x 85B)
Class com.android.build.gradle.internal.lint.AndroidLintTextOutputTask$LintVitalCreationAction$handleProvider$1: loaded 2 times (x 127B)
Class com.google.common.base.ExtraObjectsMethodsForWeb                                : loaded 2 times (x 71B)
Class jdk.internal.jimage.decompressor.ResourceDecompressor                           : loaded 2 times (x 70B)
Class kotlinx.coroutines.ThreadContextElement                                         : loaded 2 times (x 70B)
Class kotlinx.coroutines.internal.SystemPropsKt__SystemProps_commonKt                 : loaded 2 times (x 71B)
Class kotlinx.coroutines.DispatchedTaskKt                                             : loaded 2 times (x 71B)
Class com.android.build.gradle.internal.SdkLocator$SdkLocationSource$getSdkLocation$1$1: loaded 2 times (x 79B)
Class com.android.sdklib.repository.generated.common.v3.IdDisplayType                 : loaded 2 times (x 83B)
Class com.android.repository.api.RepoManager$Companion                                : loaded 2 times (x 71B)
Class com.sun.xml.bind.v2.model.impl.RuntimeBuiltinLeafInfoImpl$19                    : loaded 2 times (x 136B)
Class javax.xml.bind.annotation.XmlRegistry                                           : loaded 2 times (x 70B)
Class com.android.repository.impl.meta.Archive$HostConfig                             : loaded 2 times (x 72B)
Class com.sun.xml.bind.v2.runtime.SchemaTypeTransducer                                : loaded 2 times (x 88B)
Class com.sun.xml.bind.v2.runtime.unmarshaller.XmlVisitor$TextPredictor               : loaded 2 times (x 70B)
Class com.google.gson.internal.ConstructorConstructor$9                               : loaded 2 times (x 76B)
Class com.android.build.gradle.internal.tasks.ListingFileRedirectTask_Decorated       : loaded 2 times (x 375B)
Class com.android.build.api.variant.BuiltArtifact                                     : loaded 2 times (x 70B)
Class org.jetbrains.kotlin.gradle.plugin.internal.state.TaskLoggers                   : loaded 2 times (x 71B)
Class org.gradle.tooling.model.cpp.CppComponent                                       : loaded 2 times (x 70B)
Class com.google.android.gms.dependencies.ArtifactDependencyManager                   : loaded 2 times (x 72B)
Class org.jetbrains.kotlin.gradle.plugin.StatisticsBuildFlowManager_Decorated         : loaded 2 times (x 115B)
Class org.jetbrains.kotlin.gradle.plugin.statistics.KotlinBuildStatisticsUtilsKt$collectGeneralConfigurationTimeMetrics$statisticOverhead$1$2: loaded 2 times (x 75B)
Class org.jetbrains.kotlin.gradle.artifacts.KotlinNativeKlibArtifactKt$KotlinNativeKlibArtifact$1: loaded 2 times (x 74B)
Class org.jetbrains.kotlin.gradle.plugin.diagnostics.DiagnosticGroup$Kgp              : loaded 2 times (x 82B)
Class org.jetbrains.kotlin.gradle.plugin.diagnostics.KotlinToolingDiagnostics$WasmWasiEnvironmentNotChosenExplicitly: loaded 2 times (x 73B)
Class org.jetbrains.kotlin.gradle.plugin.KotlinPluginLifecycleImpl                    : loaded 2 times (x 80B)
Class org.jetbrains.kotlin.gradle.plugin.sources.android.KotlinAndroidSourceSetLayoutKt$multiplatformAndroidSourceSetLayoutV2$1: loaded 2 times (x 78B)
Class android.databinding.tool.util.Preconditions                                     : loaded 2 times (x 71B)
Class com.android.build.gradle.internal.dependency.JacocoTransform$Inject_1           : loaded 2 times (x 110B)
Class com.android.build.gradle.internal.lint.LintModelWriterTask$partialResultsDirPath$1: loaded 2 times (x 74B)
Class build_92hga93kpg7aqjtojbjhgkbwd$_run_closure1$_closure3                         : loaded 2 times (x 139B)
Class build_d5eo7lwzpuod2zp11ilnh7erc$_run_closure1$_closure5$_closure7               : loaded 2 times (x 139B)
Class com.google.gradle.osdetector.OsDetector_Decorated                               : loaded 2 times (x 123B)
Class com.google.protobuf.gradle.ProtobufPlugin$_doApply_closure5                     : loaded 2 times (x 135B)
Class ijJvmDebugger2_4pjm9q9cfsyp8rqoz0djir1sb                                        : loaded 2 times (x 171B)
Class build_3vj6i99vz7549bydt3dz7b6z1$_run_closure1$_closure5$_closure6$_closure7     : loaded 2 times (x 139B)
Class com.android.build.gradle.internal.ide.v2.JavaArtifactImpl$Companion             : loaded 2 times (x 71B)
Class org.gradle.internal.classpath.DefaultClassPath$ImmutableUniqueList              : loaded 2 times (x 199B)
Class com.android.build.gradle.internal.ide.v2.BasicArtifactImpl$Companion            : loaded 2 times (x 71B)
Class com.android.build.gradle.internal.ide.v2.BasicArtifactImpl                      : loaded 2 times (x 76B)
Class com.sun.xml.bind.v2.runtime.unmarshaller.LocatorEx                              : loaded 2 times (x 70B)
Class com.android.sdklib.repository.meta.DetailsTypes$MavenType                       : loaded 2 times (x 70B)
Class com.sun.xml.bind.v2.model.core.ElementPropertyInfo                              : loaded 2 times (x 70B)
Class com.sun.xml.bind.v2.model.impl.RuntimeElementInfoImpl                           : loaded 2 times (x 119B)
Class com.android.repository.api.RemotePackage                                        : loaded 2 times (x 70B)
Class com.android.sdklib.repository.generated.sysimg.v1.package-info                  : loaded 2 times (x 70B)
Class com.android.sdklib.repository.meta.DetailsTypes$SourceDetailsType               : loaded 2 times (x 70B)
Class kotlinx.coroutines.CompletedExceptionally                                       : loaded 2 times (x 72B)
Class jdk.internal.jimage.decompressor.ZipDecompressor                                : loaded 2 times (x 75B)
Class com.amazon.ion.impl.bin.AbstractIonWriter$WriteValueOptimization                : loaded 2 times (x 79B)
Class kotlin.collections.AbstractMutableList                                          : loaded 2 times (x 206B)
Class kotlin.jvm.functions.Function1                                                  : loaded 2 times (x 70B)
Class build_4z142ny51cclwztgril854ywx                                                 : loaded 2 times (x 172B)
Class build_ay3gj9n4izvpq7evo2m6iquhi$_run_closure3                                   : loaded 2 times (x 139B)
Class build_alsmf1mgbrpjpxf67f2ibo2a2$_run_closure2                                   : loaded 2 times (x 139B)
Class build_3jrsyzc51tsedjay7ofn8thme$_run_closure1$_closure7                         : loaded 2 times (x 139B)
Class build_54g6lnj77pksa32ekajrd11nd$_run_closure1$_closure4                         : loaded 2 times (x 139B)
Class build_7ge58nq9rpezpwjcdge17v52t$_run_closure2                                   : loaded 2 times (x 139B)
Class build_rhv3zqymqy5qyoche90t9e9f$_run_closure2                                    : loaded 2 times (x 139B)
Class build_d5eo7lwzpuod2zp11ilnh7erc$_run_closure1$_closure6                         : loaded 2 times (x 139B)
Class org.gradle.api.internal.ClassPathRegistry                                       : loaded 2 times (x 70B)
Class kotlin.ranges.ClosedRange                                                       : loaded 2 times (x 70B)
Class org.jetbrains.kotlin.gradle.plugin.KotlinTarget$DefaultImpls                    : loaded 2 times (x 71B)
Class org.jetbrains.plugins.gradle.tooling.serialization.RepositoriesModelSerializationService$ReadContext: loaded 2 times (x 72B)
Class org.jetbrains.kotlin.gradle.plugin.mpp.compilationImpl.KotlinCompilationAssociatorKt$addAllDependenciesFromOtherConfigurations$1: loaded 2 times (x 75B)
Class [Lcom.amazon.ion.impl.bin.AbstractIonWriter$WriteValueOptimization;             : loaded 2 times (x 69B)
Class org.jetbrains.kotlin.gradle.tasks.abi.KotlinLegacyAbiDumpTaskImpl               : loaded 2 times (x 345B)
Class com.android.build.gradle.internal.SdkLocator                                    : loaded 2 times (x 71B)
Class org.jetbrains.kotlin.gradle.plugin.sources.android.configurator.SingleTargetSourceDirConfigurator: loaded 2 times (x 75B)
Class org.jetbrains.kotlin.gradle.plugin.mpp.compilationImpl.KotlinCreateCompilationArchiveTaskKt: loaded 2 times (x 71B)
Class com.android.sdklib.repository.generated.repository.v3.ObjectFactory             : loaded 2 times (x 79B)
Class org.jetbrains.kotlin.gradle.plugin.statistics.KotlinBuildStatsMXBean            : loaded 2 times (x 70B)
Class com.sun.xml.bind.v2.model.annotation.Locatable                                  : loaded 2 times (x 70B)
Class com.sun.xml.bind.v2.runtime.AttributeAccessor                                   : loaded 2 times (x 70B)
Class com.sun.xml.bind.WhiteSpaceProcessor                                            : loaded 2 times (x 71B)
Class javax.activation.MimeTypeParseException                                         : loaded 2 times (x 82B)
Class com.sun.xml.bind.v2.model.impl.RuntimeBuiltinLeafInfoImpl$18                    : loaded 2 times (x 136B)
Class com.sun.xml.bind.v2.model.core.PropertyInfo                                     : loaded 2 times (x 70B)
Class com.sun.xml.bind.v2.model.impl.AttributePropertyInfoImpl$1                      : loaded 2 times (x 71B)
Class org.jetbrains.kotlin.gradle.tasks.KotlinCompile$createCompilerArguments$1$4     : loaded 2 times (x 79B)
Class org.gradle.tooling.internal.consumer.connection.UnparameterizedBuildController  : loaded 2 times (x 101B)
Class com.android.build.gradle.internal.errors.MessageReceiverImpl$WhenMappings       : loaded 2 times (x 71B)
Class com.android.build.gradle.internal.lint.LintTaskManager$createLintTasks$7        : loaded 2 times (x 75B)
Class org.jetbrains.kotlin.gradle.plugin.diagnostics.checkers.AndroidSourceSetLayoutV1SourceSetsNotFoundChecker: loaded 2 times (x 74B)
Class org.jetbrains.kotlin.gradle.targets.js.npm.NpmDependency$Scope                  : loaded 2 times (x 79B)
Class org.jetbrains.kotlin.gradle.targets.js.npm.DefaultNpmDependencyExtension        : loaded 2 times (x 152B)
Class org.jetbrains.kotlin.gradle.targets.js.npm.NpmDependency                        : loaded 2 times (x 86B)
Class org.jetbrains.kotlin.gradle.targets.js.npm.DefaultPeerNpmDependencyExtension$delegate$1: loaded 2 times (x 167B)
Class org.jetbrains.kotlin.gradle.internal.abi.AbiValidationExtensionKt               : loaded 2 times (x 71B)
Class org.jetbrains.kotlin.gradle.plugin.mpp.KotlinTargetSoftwareComponentImplKt$KotlinTargetSoftwareComponent$1$1$configuration$1: loaded 2 times (x 79B)
Class com.android.builder.files.RelativeFile                                          : loaded 2 times (x 76B)
Class com.android.tools.lint.model.LintModelLintOptions                               : loaded 2 times (x 70B)
Class com.google.protobuf.gradle.ProtobufPlugin$_doApply_closure4                     : loaded 2 times (x 136B)
Class build_bf3qlynozrepzy52g1whshzme$_run_closure1$_closure9$_closure13              : loaded 2 times (x 139B)
Class build_ebx85kedrqbwr5ivbf60xf58v$_run_closure1$_closure4$_closure5               : loaded 2 times (x 139B)
Class build_5wv5whvxheiikwkqulu34phck$_run_closure3                                   : loaded 2 times (x 139B)
Class build_chw77xvkwtpwlxsf5hg5bz9ix$_run_closure2                                   : loaded 2 times (x 139B)
Class org.gradle.api.internal.DefaultClassPathRegistry                                : loaded 2 times (x 76B)
Class com.android.ide.gradle.model.artifacts.AdditionalClassifierArtifactsModel       : loaded 2 times (x 70B)
Class org.jetbrains.plugins.gradle.tooling.serialization.RepositoriesModelSerializationService: loaded 2 times (x 82B)
Class com.amazon.ion.impl.bin.Symbols                                                 : loaded 2 times (x 71B)
Class com.amazon.ion.IonBufferConfiguration                                           : loaded 2 times (x 73B)
Class org.objectweb.asm.tree.LineNumberNode                                           : loaded 2 times (x 79B)
Class org.objectweb.asm.tree.FrameNode                                                : loaded 2 times (x 79B)
Class com.google.common.base.Present                                                  : loaded 2 times (x 81B)
Class com.android.repository.impl.meta.Archive$ArchiveFile                            : loaded 2 times (x 79B)
Class com.sun.xml.bind.v2.runtime.BridgeAdapter                                       : loaded 2 times (x 87B)
Class com.sun.xml.bind.v2.runtime.ElementBeanInfoImpl                                 : loaded 2 times (x 89B)
Class com.sun.xml.bind.v2.runtime.BridgeContextImpl                                   : loaded 2 times (x 77B)
Class com.sun.xml.bind.v2.model.impl.RuntimeBuiltinLeafInfoImpl$17                    : loaded 2 times (x 136B)
Class com.sun.xml.bind.v2.runtime.property.PropertyImpl                               : loaded 2 times (x 102B)
Class com.sun.xml.bind.v2.runtime.reflect.Lister$ArrayLister                          : loaded 2 times (x 77B)
Class org.gradle.tooling.BuildController                                              : loaded 2 times (x 70B)
Class com.android.build.gradle.internal.ide.v2.EdgeImpl$Companion                     : loaded 2 times (x 71B)
Class org.jetbrains.kotlin.gradle.tasks.KotlinCompile$javaSources$1                   : loaded 2 times (x 75B)
Class org.jetbrains.kotlin.incremental.IncrementalCompilationFeatures                 : loaded 2 times (x 71B)
Class com.sun.xml.bind.v2.runtime.unmarshaller.StructureLoader                        : loaded 2 times (x 78B)
Class com.sun.xml.bind.v2.runtime.reflect.Accessor$SetterOnlyReflection               : loaded 2 times (x 85B)
Class com.sun.xml.bind.v2.model.impl.ElementPropertyInfoImpl                          : loaded 2 times (x 123B)
Class com.sun.xml.bind.v2.model.impl.TypeInfoSetImpl$1                                : loaded 2 times (x 80B)
Class com.sun.xml.bind.v2.model.runtime.RuntimeArrayInfo                              : loaded 2 times (x 70B)
Class com.android.repository.impl.generated.generic.v2.ObjectFactory                  : loaded 2 times (x 75B)
Class com.android.repository.impl.generated.v1.DependenciesType                       : loaded 2 times (x 75B)
Class com.android.build.gradle.internal.dependency.DexingWithClasspathTransform       : loaded 2 times (x 81B)
Class com.amazon.ion.impl.bin.BlockAllocatorProvider                                  : loaded 2 times (x 72B)
Class org.jetbrains.plugins.gradle.tooling.serialization.internal.IdeaProjectSerializationService$WriteContext: loaded 2 times (x 72B)
Class com.intellij.gradle.toolingExtension.impl.model.sourceSetDependencyModel.GradleSourceSetDependencySerialisationService: loaded 2 times (x 77B)
Class org.jetbrains.plugins.gradle.model.GradleSourceSetModel                         : loaded 2 times (x 70B)
Class kotlin.KotlinNothingValueException                                              : loaded 2 times (x 82B)
Class kotlin.jvm.functions.Function2                                                  : loaded 2 times (x 70B)
Class org.gradle.internal.classpath.DefaultClassPath$ImmutableUniqueList$Builder      : loaded 2 times (x 75B)
Class build_dgs60ascdojv1dazrss2dlprj$_run_closure1                                   : loaded 2 times (x 139B)
Class build_alsmf1mgbrpjpxf67f2ibo2a2$_run_closure3                                   : loaded 2 times (x 139B)
Class build_3jrsyzc51tsedjay7ofn8thme$_run_closure1$_closure8                         : loaded 2 times (x 139B)
Class build_7ge58nq9rpezpwjcdge17v52t$_run_closure3                                   : loaded 2 times (x 139B)
Class build_8phhmjghmh1urzp8ufghhdsk8$_run_closure1$_closure4$_closure5               : loaded 2 times (x 139B)
Class build_1e4rsgmzwhfdbusthbchkh4rg                                                 : loaded 2 times (x 172B)
Class kr.motd.maven.os.FileOperationProvider                                          : loaded 2 times (x 70B)
Class com.google.protobuf.gradle.ProtobufExtension$GenerateProtoTaskCollection$_ofSourceSet_closure1: loaded 2 times (x 136B)
Class com.android.build.gradle.internal.dependency.JacocoTransform$Params             : loaded 2 times (x 78B)
Class com.android.build.gradle.internal.tasks.LintModelMetadataTask$Companion$registerOutputArtifacts$1: loaded 2 times (x 127B)
Class com.android.build.gradle.tasks.CommandLineArgumentProviderAdapter               : loaded 2 times (x 75B)
Class org.jetbrains.kotlin.gradle.plugin.mpp.compilationImpl.KotlinCompilationAssociatorKt$addAllDependenciesFromOtherConfigurations$1$1: loaded 2 times (x 79B)
Class com.android.build.gradle.internal.ide.v2.AndroidArtifactImpl                    : loaded 2 times (x 103B)
Class com.android.build.gradle.internal.res.LinkApplicationAndroidResourcesTask$Companion: loaded 2 times (x 71B)
Class com.android.build.gradle.internal.ide.v2.NativeModelBuilder$buildAll$1$2        : loaded 2 times (x 79B)
Class org.jetbrains.kotlin.gradle.tasks.abi.AbiToolsTask$Companion                    : loaded 2 times (x 71B)
Class org.jetbrains.kotlin.gradle.plugin.sources.android.KotlinAndroidSourceSetLayoutKt$multiplatformAndroidSourceSetLayoutV1$1: loaded 2 times (x 78B)
Class org.jetbrains.kotlin.gradle.plugin.diagnostics.checkers.InternalGradlePropertiesUsageChecker: loaded 2 times (x 74B)
Class org.jetbrains.kotlin.gradle.plugin.mpp.compilationImpl.CreateCInteropTasksSideEffectKt: loaded 2 times (x 71B)
Class org.jetbrains.kotlin.gradle.testing.internal.KotlinTestsRegistry$Companion      : loaded 2 times (x 71B)
Class com.android.build.gradle.internal.tasks.featuresplit.PackagedDependenciesWriterTaskKt$aarOrJarType$1: loaded 2 times (x 74B)
Class com.android.build.gradle.tasks.PackageApplication_Decorated                     : loaded 2 times (x 455B)
Class org.jetbrains.kotlin.gradle.tasks.KotlinCompile$createCompilerArguments$1$3     : loaded 2 times (x 79B)
Class [Lcom.android.build.api.variant.FilterConfiguration$FilterType;                 : loaded 2 times (x 69B)
Class com.android.build.gradle.internal.lint.LintTaskManager$createLintTasks$6        : loaded 2 times (x 75B)
Class org.jetbrains.kotlin.gradle.plugin.BuildFinishAndConfigurationTimeMetricsFlowAction: loaded 2 times (x 74B)
Class org.jetbrains.kotlin.gradle.plugin.statistics.FlowActionBuildFusService$Inject_ : loaded 2 times (x 104B)
Class org.jetbrains.kotlin.gradle.plugin.diagnostics.checkers.ComposePluginSuggestApplyChecker: loaded 2 times (x 74B)
Class com.android.build.gradle.internal.tasks.SdkDependencyDataGeneratorTask$CreationAction: loaded 2 times (x 90B)
Class com.android.build.gradle.internal.tasks.BundleReportDependenciesTask            : loaded 2 times (x 327B)
Class org.jetbrains.kotlin.gradle.plugin.AbstractKotlinPlugin                         : loaded 2 times (x 78B)
Class org.jetbrains.kotlin.gradle.plugin.diagnostics.checkers.DisabledCinteropCommonizationInHmppProjectChecker$runChecks$1: loaded 2 times (x 88B)
Class org.jetbrains.kotlin.konan.target.KonanTarget$IOS_ARM64                         : loaded 2 times (x 78B)
Class org.jetbrains.kotlin.gradle.internal.abi.AbiValidationExtensionImpl             : loaded 2 times (x 90B)
Class org.jetbrains.kotlin.gradle.plugin.diagnostics.DefaultProblemsReporter          : loaded 2 times (x 76B)
Class org.jetbrains.kotlin.gradle.plugin.diagnostics.DefaultProblemsReporter$logger$2 : loaded 2 times (x 79B)
Class org.jetbrains.kotlin.gradle.utils.FutureKt$future$2$1                           : loaded 2 times (x 95B)
Class com.android.build.gradle.internal.ide.dependencies.ArtifactCollectionsInputsImpl: loaded 2 times (x 83B)
Class com.android.tools.lint.model.LintModelJavaArtifact                              : loaded 2 times (x 70B)
Class build_92hga93kpg7aqjtojbjhgkbwd$_run_closure1$_closure5$_closure8               : loaded 2 times (x 139B)
Class build_83uyxmgoc8f1expj6z3p5hcyh$_run_closure1$_closure6$_closure11              : loaded 2 times (x 139B)
Class com.google.protobuf.gradle.CopyActionFacade$FileSystemOperationsBased           : loaded 2 times (x 80B)
Class build_bf3qlynozrepzy52g1whshzme$_run_closure1$_closure9$_closure12              : loaded 2 times (x 139B)
Class build_5wv5whvxheiikwkqulu34phck$_run_closure2                                   : loaded 2 times (x 139B)
Class build_chw77xvkwtpwlxsf5hg5bz9ix$_run_closure1                                   : loaded 2 times (x 139B)
Class build_3jrsyzc51tsedjay7ofn8thme                                                 : loaded 2 times (x 172B)
Class build_6sr828pljhmgr29mbhobe64n5$_run_closure1$_closure8$_closure12              : loaded 2 times (x 139B)
Class build_5dtjohsjy0us0jteu4xnj6syp$_run_closure2                                   : loaded 2 times (x 139B)
Class build_ev89muu4mh3fi42ia3b1j8nq4$_run_closure1$_closure4                         : loaded 2 times (x 139B)
Class com.android.build.gradle.internal.SdkLocator$PropertyLocation                   : loaded 2 times (x 79B)
Class com.sun.xml.bind.v2.runtime.IllegalAnnotationsException                         : loaded 2 times (x 86B)
Class com.sun.xml.bind.v2.model.impl.RuntimeBuiltinLeafInfoImpl$16                    : loaded 2 times (x 136B)
Class com.sun.xml.bind.v2.model.impl.AnyTypeImpl                                      : loaded 2 times (x 89B)
Class javax.xml.bind.annotation.XmlTransient                                          : loaded 2 times (x 70B)
Class com.sun.xml.bind.v2.model.impl.ReferencePropertyInfoImpl                        : loaded 2 times (x 127B)
Class build_cw0mxxge8puf1gz5jsb1z6mpo                                                 : loaded 2 times (x 172B)
Class build_2e7q02hlufd5yutcc5jjyw5f6$_run_closure1$_closure2$_closure3$_closure4     : loaded 2 times (x 139B)
Class com.android.sdklib.repository.generated.addon.v1.MavenType                      : loaded 2 times (x 80B)
Class com.android.build.gradle.internal.ide.dependencies.LibraryServiceKt             : loaded 2 times (x 71B)
Class com.android.build.gradle.internal.ide.dependencies.ArtifactUtils$filterProjectDependenciesWithNonAndroidVariants$2: loaded 2 times (x 79B)
Class com.android.build.gradle.internal.ide.v2.ModelBuilder$getGraphBuilder$1         : loaded 2 times (x 79B)
Class com.android.build.gradle.internal.ide.dependencies.GraphEdgeCache               : loaded 2 times (x 70B)
Class com.android.build.gradle.internal.ide.v2.ClassFieldImpl                         : loaded 2 times (x 79B)
Class com.android.build.gradle.internal.ide.v2.ModelBuilder$createAndroidArtifact$testInfo$1: loaded 2 times (x 77B)
Class com.google.gson.stream.JsonToken                                                : loaded 2 times (x 79B)
Class com.sun.xml.bind.v2.runtime.unmarshaller.Intercepter                            : loaded 2 times (x 70B)
Class javax.xml.bind.annotation.adapters.XmlJavaTypeAdapters                          : loaded 2 times (x 70B)
Class [Ljavax.xml.bind.annotation.XmlAccessOrder;                                     : loaded 2 times (x 69B)
Class com.android.sdklib.repository.meta.AddonFactory                                 : loaded 2 times (x 74B)
Class com.android.sdklib.repository.AndroidSdkHandler$Companion                       : loaded 2 times (x 71B)
Class com.android.build.gradle.internal.SdkDirectLoadingStrategy$Companion            : loaded 2 times (x 71B)
Class kotlinx.coroutines.CoroutineStart                                               : loaded 2 times (x 79B)
Class com.amazon.ion.impl.lite.IonSequenceLite                                        : loaded 2 times (x 432B)
Class com.amazon.ion.impl._Private_Utils$1                                            : loaded 2 times (x 89B)
Class com.amazon.ion.impl.SymbolTableAsStruct                                         : loaded 2 times (x 70B)
Class com.android.ide.gradle.model.dependencies.Coordinates                           : loaded 2 times (x 70B)
Class kotlin.collections.MapsKt___MapsJvmKt                                           : loaded 2 times (x 71B)
Class build_7emjr1vw4u1n62mzt2v8ox26f$_run_closure1$_closure5$_closure7               : loaded 2 times (x 139B)
Class build_dgs60ascdojv1dazrss2dlprj$_run_closure2                                   : loaded 2 times (x 139B)
Class build_1e4rsgmzwhfdbusthbchkh4rg$_run_closure3$_closure10$_closure12             : loaded 2 times (x 139B)
Class org.jetbrains.kotlin.build.report.metrics.BuildMetricsReporter                  : loaded 2 times (x 70B)
Class com.android.build.gradle.internal.ide.v2.TestInfoImpl                           : loaded 2 times (x 78B)
Class org.jetbrains.kotlin.gradle.tasks.KotlinCompile$createCompilerArguments$1$2     : loaded 2 times (x 79B)
Class com.android.build.gradle.internal.DependencyResolutionChecksKt$registerDependencyCheck$4$1: loaded 2 times (x 75B)
Class com.android.build.gradle.internal.lint.LintTaskManager$createLintTasks$5        : loaded 2 times (x 75B)
Class org.jetbrains.kotlin.gradle.plugin.AndroidProjectHandler$postprocessVariant$2   : loaded 2 times (x 75B)
Class org.jetbrains.kotlin.gradle.plugin.mpp.compilationImpl.DefaultKotlinCompilationSourceSetsContainer$source$1: loaded 2 times (x 79B)
Class org.jetbrains.kotlin.gradle.internal.abi.ConfigsKt                              : loaded 2 times (x 71B)
Class org.jetbrains.kotlin.gradle.internal.KotlinTestDependencyManagementKt           : loaded 2 times (x 71B)
Class org.jetbrains.kotlin.konan.target.KonanTarget$ANDROID_X64                       : loaded 2 times (x 78B)
Class org.jetbrains.kotlin.statistics.BuildSessionLogger                              : loaded 2 times (x 77B)
Class org.jetbrains.kotlin.gradle.plugin.sources.android.configurator.MultiplatformLayoutV1DependsOnConfigurator: loaded 2 times (x 75B)
Class org.jetbrains.kotlin.gradle.plugin.statistics.FlowActionBuildFusService$Companion: loaded 2 times (x 71B)
Class org.jetbrains.kotlin.gradle.fus.internal.SynchronizedConfigurationMetrics       : loaded 2 times (x 72B)
Class org.jetbrains.kotlin.statistics.metrics.StringAnonymizationPolicy$ComponentVersionAnonymizer: loaded 2 times (x 78B)
Class org.jetbrains.kotlin.gradle.plugin.mpp.SyncLanguageSettingsWithKotlinExtensionSetupActionKt$SyncLanguageSettingsWithKotlinExtensionSetupAction$1: loaded 2 times (x 95B)
Class org.jetbrains.kotlin.gradle.plugin.KotlinJvmPlugin                              : loaded 2 times (x 79B)
Class org.jetbrains.kotlin.gradle.plugin.sources.android.KotlinAndroidSourceSetLayoutKt: loaded 2 times (x 71B)
Class org.jetbrains.kotlin.gradle.utils.ObjectCollectionExtKt                         : loaded 2 times (x 71B)
Class org.jetbrains.kotlin.gradle.plugin.diagnostics.KotlinToolingDiagnosticsSetupActionKt$KotlinToolingDiagnosticsSetupAction$1$3: loaded 2 times (x 75B)
Class com.android.build.gradle.internal.lint.AndroidLintAnalysisTask$PerComponentCreationAction: loaded 2 times (x 90B)
Class org.jetbrains.kotlin.gradle.plugin.mpp.compilationImpl.factory.AndroidCompilationSourceSetsContainerFactory: loaded 2 times (x 75B)
Class org.jetbrains.kotlin.gradle.plugin.mpp.InternalKotlinTargetKt                   : loaded 2 times (x 71B)
Class com.android.build.gradle.internal.tasks.LintModelMetadataTask$Companion         : loaded 2 times (x 71B)
Class com.android.tools.lint.model.LintModelAndroidArtifact                           : loaded 2 times (x 70B)
Class com.android.build.gradle.internal.services.LintParallelBuildServiceKt$getLintParallelBuildService$1: loaded 2 times (x 75B)
Class build_92hga93kpg7aqjtojbjhgkbwd$_run_closure1$_closure5$_closure7               : loaded 2 times (x 139B)
Class build_ckvyah855w9iw77prgrw80pm4$_run_closure2                                   : loaded 2 times (x 139B)
Class build_83uyxmgoc8f1expj6z3p5hcyh$_run_closure1$_closure6$_closure10              : loaded 2 times (x 139B)
Class com.google.protobuf.gradle.ExecutableLocator                                    : loaded 2 times (x 96B)
Class kr.motd.maven.os.Detector                                                       : loaded 2 times (x 75B)
Class build_2ybws2pajndu6p4l918acwksh$_run_closure1$_closure7$_closure9               : loaded 2 times (x 139B)
Class build_a6kys0t2ovmf08ycuug6b5khq$_run_closure1$_closure4$_closure6               : loaded 2 times (x 139B)
Class build_5wv5whvxheiikwkqulu34phck$_run_closure1                                   : loaded 2 times (x 139B)
Class build_5dtjohsjy0us0jteu4xnj6syp$_run_closure1                                   : loaded 2 times (x 139B)
Class org.jetbrains.plugins.gradle.tooling.serialization.ProjectDependenciesSerializationService$ReadContext: loaded 2 times (x 72B)
Class com.intellij.openapi.externalSystem.model.project.dependencies.ProjectDependencies: loaded 2 times (x 70B)
Class jdk.internal.jimage.ImageHeader                                                 : loaded 2 times (x 71B)
Class kotlinx.coroutines.internal.LockFreeTaskQueueCore                               : loaded 2 times (x 72B)
Class com.android.sdklib.repository.meta.DetailsTypes                                 : loaded 2 times (x 71B)
Class javax.xml.bind.ContextFinder                                                    : loaded 2 times (x 71B)
Class com.sun.xml.bind.v2.model.core.MaybeElement                                     : loaded 2 times (x 70B)
Class com.sun.xml.bind.v2.runtime.AnyTypeBeanInfo                                     : loaded 2 times (x 92B)
Class com.sun.xml.bind.v2.model.impl.RuntimeBuiltinLeafInfoImpl$15                    : loaded 2 times (x 136B)
Class com.sun.xml.bind.v2.model.impl.ClassInfoImpl$SecondaryAnnotation                : loaded 2 times (x 80B)
Class com.android.build.gradle.tasks.GenerateTestConfig$TestConfigProperties          : loaded 2 times (x 72B)
Class com.android.build.gradle.internal.tasks.featuresplit.PackagedDependenciesWriterTask$CreationAction$configure$1$1$1: loaded 2 times (x 79B)
Class com.android.buildanalyzer.common.AndroidGradlePluginAttributionData$JavaInfo    : loaded 2 times (x 72B)
Class org.jetbrains.kotlin.gradle.tasks.KotlinCompile$createCompilerArguments$1$1     : loaded 2 times (x 79B)
Class com.android.build.gradle.internal.variant.VariantPathHelper$getDirectorySegments$1: loaded 2 times (x 125B)
Class com.android.build.gradle.internal.lint.LintTaskManager$createLintTasks$4        : loaded 2 times (x 75B)
Class org.jetbrains.kotlin.gradle.plugin.PluginWrappersKt                             : loaded 2 times (x 71B)
Class org.jetbrains.kotlin.gradle.plugin.StatisticsBuildFlowManager                   : loaded 2 times (x 72B)
Class org.jetbrains.kotlin.compilerRunner.GradleCliCommonizerKt                       : loaded 2 times (x 71B)
Class org.jetbrains.kotlin.gradle.plugin.sources.android.configurator.KotlinAndroidSourceSetConfigurator: loaded 2 times (x 70B)
Class build_cw0mxxge8puf1gz5jsb1z6mpo$_run_closure1                                   : loaded 2 times (x 139B)
Class org.jetbrains.kotlin.gradle.targets.js.npm.NpmDependencyWithExternalsExtension  : loaded 2 times (x 70B)
Class org.jetbrains.kotlin.gradle.plugin.diagnostics.KotlinToolingDiagnosticsSetupActionKt$KotlinToolingDiagnosticsSetupAction$1$2: loaded 2 times (x 95B)
Class com.android.build.gradle.internal.api.ReadOnlyBaseConfig                        : loaded 2 times (x 116B)
Class org.jetbrains.kotlin.gradle.plugin.KotlinPluginLifecycleImpl$executeCurrentStageAndScheduleNext$3: loaded 2 times (x 75B)
Class org.jetbrains.kotlin.gradle.plugin.sources.SourceSetsVisibilityInferenceKt      : loaded 2 times (x 71B)
Class com.android.build.gradle.internal.ide.v2.LibraryImpl                            : loaded 2 times (x 85B)
Class com.android.build.gradle.internal.tasks.featuresplit.PackagedDependenciesWriterTask_Decorated: loaded 2 times (x 375B)
Class com.android.build.gradle.internal.ide.dependencies.LocalJarCacheImpl            : loaded 2 times (x 75B)
Class org.jetbrains.kotlin.build.report.metrics.BuildPerformanceMetrics$Companion     : loaded 2 times (x 71B)
Class org.jetbrains.kotlin.gradle.internal.Kapt3KotlinGradleSubpluginKt$checkAndroidAnnotationProcessorDependencyUsage$1: loaded 2 times (x 79B)
Class [Lcom.sun.xml.bind.v2.runtime.property.PropertyImpl;                            : loaded 2 times (x 69B)
Class com.sun.xml.bind.v2.runtime.IllegalAnnotationException                          : loaded 2 times (x 86B)
Class com.sun.xml.bind.v2.model.impl.RuntimeEnumLeafInfoImpl                          : loaded 2 times (x 149B)
Class javax.xml.bind.JAXBIntrospector                                                 : loaded 2 times (x 73B)
Class com.android.repository.api.SettingsController                                   : loaded 2 times (x 70B)
Class kotlinx.coroutines.EventLoopImplBase                                            : loaded 2 times (x 118B)
Class kotlinx.coroutines.CoroutineId                                                  : loaded 2 times (x 93B)
Class com.amazon.ion.impl.bin.AbstractIonWriter                                       : loaded 2 times (x 161B)
Class gnu.trove.TObjectHash                                                           : loaded 2 times (x 94B)
Class org.jetbrains.plugins.gradle.tooling.util.ObjectCollector$Processor             : loaded 2 times (x 70B)
Class kotlin.jvm.functions.Function4                                                  : loaded 2 times (x 70B)
Class kotlin.collections.EmptySet                                                     : loaded 2 times (x 122B)
Class kotlin.annotation.Target                                                        : loaded 2 times (x 70B)
Class kotlin.collections.CollectionsKt___CollectionsKt                                : loaded 2 times (x 71B)
Class build_1hgyn0xd6oo4xqllgmdn8lvh3$_run_closure1$_closure8$_closure10              : loaded 2 times (x 139B)
Class build_dgs60ascdojv1dazrss2dlprj$_run_closure3                                   : loaded 2 times (x 139B)
Class build_9fqrxezi900td8yr8aar060ds                                                 : loaded 2 times (x 172B)
Class kr.motd.maven.os.DetectionException                                             : loaded 2 times (x 82B)
Class com.google.protobuf.gradle.ProtobufExtension$GenerateProtoTaskCollection$_ofTest_closure6: loaded 2 times (x 135B)
Class com.android.build.gradle.internal.lint.LintTool$deriveVersionKey$versionProvider$1: loaded 2 times (x 79B)
Class com.android.build.gradle.internal.tasks.JacocoTask$Action                       : loaded 2 times (x 79B)
Class org.jetbrains.kotlin.gradle.plugin.mpp.InternalKotlinTarget$DefaultImpls        : loaded 2 times (x 71B)
Class org.jetbrains.kotlin.gradle.plugin.mpp.InternalKotlinTargetComponentKt          : loaded 2 times (x 71B)
Class build_ckvyah855w9iw77prgrw80pm4$_run_closure1                                   : loaded 2 times (x 139B)
Class build_1slqx9rimz2qvui69gc485d36                                                 : loaded 2 times (x 172B)
Class org.gradle.api.internal.classpath.UnknownModuleException                        : loaded 2 times (x 82B)
Class org.jetbrains.kotlin.gradle.plugin.diagnostics.KotlinToolingDiagnostics$JsEnvironmentNotChosenExplicitly: loaded 2 times (x 73B)
Class kotlin.internal.ProgressionUtilKt                                               : loaded 2 times (x 71B)
Class kotlin.io.FileAlreadyExistsException                                            : loaded 2 times (x 82B)
Class com.intellij.openapi.externalSystem.model.project.IExternalSystemSourceType     : loaded 2 times (x 70B)
Class com.amazon.ion.impl._Private_IonReaderBuilder$Mutable                           : loaded 2 times (x 97B)
Class [Lcom.amazon.ion.util.GzipStreamInterceptor;                                    : loaded 2 times (x 69B)
Class kotlinx.coroutines.internal.DispatchedContinuationKt                            : loaded 2 times (x 71B)
Class com.android.build.gradle.internal.dependency.DexingWithClasspathTransform$Inject_1: loaded 2 times (x 112B)
Class com.android.build.gradle.internal.SdkComponentsBuildService$VersionedSdkLoader$sdkLoadStrategy$2: loaded 2 times (x 79B)
Class com.android.sdklib.repository.generated.addon.v1.ObjectFactory                  : loaded 2 times (x 80B)
Class com.android.repository.impl.generated.v2.ChecksumType                           : loaded 2 times (x 82B)
Class com.sun.xml.bind.v2.model.core.RegistryInfo                                     : loaded 2 times (x 70B)
Class com.sun.xml.bind.v2.model.impl.RuntimeBuiltinLeafInfoImpl$14                    : loaded 2 times (x 136B)
Class com.sun.xml.bind.v2.model.impl.RuntimeBuiltinLeafInfoImpl$UUIDImpl              : loaded 2 times (x 136B)
Class com.android.repository.impl.generated.v1.TypeDetails                            : loaded 2 times (x 75B)
Class com.sun.xml.bind.v2.model.nav.ReflectionNavigator$10                            : loaded 2 times (x 77B)
Class com.sun.xml.bind.v2.runtime.reflect.AdaptedLister                               : loaded 2 times (x 77B)
Class com.android.build.gradle.internal.ide.v2.ModelBuilder$BuildTypeSourceSetBuilder : loaded 2 times (x 83B)
Class org.jetbrains.kotlin.gradle.tasks.KotlinCompile$ClasspathSnapshotProperties_Decorated: loaded 2 times (x 133B)
Class com.android.build.gradle.internal.ide.v2.InstallationImpl$Companion             : loaded 2 times (x 71B)
Class com.android.build.gradle.internal.ide.v2.AndroidLibraryDataImpl                 : loaded 2 times (x 87B)
Class org.gradle.tooling.internal.consumer.versioning.VersionDetails$R48VersionDetails: loaded 2 times (x 80B)
Class build_cw0mxxge8puf1gz5jsb1z6mpo$_run_closure1$_closure7                         : loaded 2 times (x 139B)
Class com.android.build.gradle.internal.tasks.AndroidReportTask$CreationAction$TaskKind: loaded 2 times (x 79B)
Class com.android.build.gradle.internal.tasks.AndroidReportTask                       : loaded 2 times (x 329B)
Class org.jetbrains.kotlin.gradle.plugin.KotlinProjectSetupAction                     : loaded 2 times (x 70B)
Class org.jetbrains.kotlin.gradle.plugin.sources.android.configurator.MultiplatformLayoutV2SourceDirConfigurator: loaded 2 times (x 75B)
Class org.jetbrains.kotlin.gradle.targets.js.npm.NpmDirectoryDependencyWithExternalsExtension: loaded 2 times (x 70B)
Class org.jetbrains.kotlin.gradle.plugin.diagnostics.KotlinToolingDiagnosticsSetupActionKt$KotlinToolingDiagnosticsSetupAction$1$1: loaded 2 times (x 75B)
Class org.jetbrains.kotlin.gradle.internal.transforms.BuildToolsApiClasspathEntrySnapshotTransform$Parameters_Decorated: loaded 2 times (x 153B)
Class org.jetbrains.kotlin.gradle.plugin.abi.AbiValidationActionKt$AbiValidationSetupAction$1$2: loaded 2 times (x 75B)
Class com.android.build.gradle.internal.lint.KotlinMultiplatformExtensionWrapper      : loaded 2 times (x 72B)
Class com.android.build.gradle.internal.lint.AndroidLintAnalysisTask$PerComponentCreationAction$configure$1: loaded 2 times (x 79B)
Class com.google.protobuf.gradle.ProtobufPlugin$_addTasksForVariant_closure19         : loaded 2 times (x 136B)
Class com.google.protobuf.gradle.CopyActionFacade$Loader                              : loaded 2 times (x 71B)
Class org.gradle.api.internal.classpath.Module                                        : loaded 2 times (x 70B)
Class build_cw0mxxge8puf1gz5jsb1z6mpo$_run_closure2                                   : loaded 2 times (x 139B)
Class org.gradle.tooling.model.eclipse.EclipseExternalDependency                      : loaded 2 times (x 70B)
Class org.gradle.tooling.internal.adapter.ProtocolToModelAdapter$TypeSpecificMappingAction: loaded 2 times (x 81B)
Class org.gradle.tooling.model.eclipse.HierarchicalEclipseProject                     : loaded 2 times (x 70B)
Class org.gradle.tooling.internal.consumer.versioning.VersionDetails$R35VersionDetails: loaded 2 times (x 80B)
Class kotlin.Function                                                                 : loaded 2 times (x 70B)
Class kotlin.collections.SetsKt__SetsJVMKt                                            : loaded 2 times (x 71B)
Class com.android.repository.impl.generated.v1.PatchType                              : loaded 2 times (x 87B)
Class com.sun.xml.bind.v2.runtime.reflect.Accessor$ReadOnlyFieldReflection            : loaded 2 times (x 85B)
Class com.sun.xml.bind.v2.model.impl.RuntimeReferencePropertyInfoImpl                 : loaded 2 times (x 141B)
Class com.sun.xml.bind.v2.model.core.AttributePropertyInfo                            : loaded 2 times (x 70B)
Class javax.xml.bind.Binder                                                           : loaded 2 times (x 85B)
Class javax.xml.bind.JAXBContext                                                      : loaded 2 times (x 78B)
Class [Lcom.android.repository.Revision$PreviewComparison;                            : loaded 2 times (x 69B)
Class com.android.builder.sdk.SdkLibData                                              : loaded 2 times (x 77B)
Class jdk.internal.jimage.ImageStrings                                                : loaded 2 times (x 70B)
Class com.amazon.ion.system.IonReaderBuilder                                          : loaded 2 times (x 95B)
Class org.jetbrains.plugins.gradle.model.AnnotationProcessingConfig                   : loaded 2 times (x 70B)
Class com.amazon.ion.IonReader                                                        : loaded 2 times (x 70B)
Class gnu.trove.Equality                                                              : loaded 2 times (x 70B)
Class kotlin.text.StringsKt___StringsJvmKt                                            : loaded 2 times (x 71B)
Class kotlin.reflect.KDeclarationContainer                                            : loaded 2 times (x 70B)
Class kotlin.annotation.Retention                                                     : loaded 2 times (x 70B)
Class com.android.build.gradle.internal.lint.ProjectInputs                            : loaded 2 times (x 89B)
Class org.jetbrains.plugins.gradle.tooling.util.ObjectCollector                       : loaded 2 times (x 72B)
Class org.jetbrains.kotlin.gradle.plugin.sources.android.KotlinAndroidSourceSetNaming$DefaultImpls: loaded 2 times (x 71B)
Class org.jetbrains.plugins.gradle.model.GradleTaskModel                              : loaded 2 times (x 70B)
Class com.amazon.ion.impl.bin._Private_IonManagedBinaryWriterBuilder$AllocatorMode    : loaded 2 times (x 80B)
Class org.jetbrains.kotlin.gradle.plugin.KotlinPluginLifecycleImpl$launch$1           : loaded 2 times (x 79B)
Class org.jetbrains.kotlin.gradle.plugin.diagnostics.checkers.GradleDeprecatedPropertyChecker$DeprecatedProperty: loaded 2 times (x 72B)
Class com.amazon.ion.impl._Private_SymbolToken                                        : loaded 2 times (x 70B)
Class com.amazon.ion.impl.bin.IonManagedBinaryWriter$SymbolResolver                   : loaded 2 times (x 70B)
Class org.jetbrains.kotlin.gradle.plugin.statistics.KotlinBuildStatsServicesRegistry$Companion: loaded 2 times (x 71B)
Class kotlinx.coroutines.Job                                                          : loaded 2 times (x 70B)
Class com.android.build.gradle.internal.SdkLibDataFactory$getSettingsController$1     : loaded 2 times (x 78B)
Class com.sun.xml.bind.v2.runtime.LeafBeanInfoImpl                                    : loaded 2 times (x 89B)
Class com.sun.xml.bind.v2.model.impl.ModelBuilderI                                    : loaded 2 times (x 70B)
Class com.sun.xml.bind.v2.model.impl.RuntimeBuiltinLeafInfoImpl$13                    : loaded 2 times (x 137B)
Class com.sun.xml.bind.v2.model.annotation.XmlElementQuick                            : loaded 2 times (x 96B)
Class com.sun.xml.bind.v2.model.impl.ClassInfoImpl$ConflictException                  : loaded 2 times (x 82B)
Class javax.xml.bind.annotation.XmlElements                                           : loaded 2 times (x 70B)
Class [Lcom.sun.xml.bind.v2.runtime.property.AttributeProperty;                       : loaded 2 times (x 69B)
Class com.sun.xml.bind.v2.runtime.property.ArrayReferenceNodeProperty                 : loaded 2 times (x 104B)
Class com.sun.xml.bind.v2.runtime.unmarshaller.LeafPropertyXsiLoader                  : loaded 2 times (x 78B)
Class com.android.build.gradle.internal.core.dsl.impl.ComponentDslInfoImpl$computeApplicationIdSuffix$2: loaded 2 times (x 78B)
Class build_cw0mxxge8puf1gz5jsb1z6mpo$_run_closure1$_closure6                         : loaded 2 times (x 139B)
Class com.android.buildanalyzer.common.AndroidGradlePluginAttributionData$BuildInfo   : loaded 2 times (x 72B)
Class com.android.build.api.attributes.ProductFlavorAttr$ImplFactory                  : loaded 2 times (x 75B)
Class org.jetbrains.kotlin.gradle.plugin.statistics.KotlinBuildStatsServicesRegistry  : loaded 2 times (x 78B)
Class org.jetbrains.kotlin.gradle.plugin.statistics.old.Pre232IdeaKotlinBuildStatsMXBean: loaded 2 times (x 70B)
Class org.jetbrains.kotlin.gradle.plugin.statistics.MetricContainer                   : loaded 2 times (x 72B)
Class org.jetbrains.kotlin.gradle.plugin.StatisticsBuildFlowManager$subscribeForBuildResultAndConfigurationTimeMetrics$1: loaded 2 times (x 75B)
Class org.jetbrains.kotlin.gradle.plugin.BuildEventsListenerRegistryHolder_Decorated  : loaded 2 times (x 115B)
Class org.jetbrains.kotlin.gradle.artifacts.KotlinTargetArtifact                      : loaded 2 times (x 70B)
Class org.jetbrains.kotlin.gradle.utils.PluginManagerUtilsKt                          : loaded 2 times (x 71B)
Class org.jetbrains.kotlin.gradle.utils.ConfigurationsKt$createConsumable$1           : loaded 2 times (x 78B)
Class org.jetbrains.kotlin.gradle.plugin.attributes.KlibPackaging$Companion           : loaded 2 times (x 71B)
Class android.databinding.tool.util.LoggedErrorException                              : loaded 2 times (x 82B)
Class com.android.build.gradle.internal.component.VariantCreationConfig$Companion$getLintUseK2UastManualSetting$ret$1: loaded 2 times (x 74B)
Class com.google.protobuf.gradle.ProtobufPlugin$_addTasksForVariant_closure18         : loaded 2 times (x 136B)
Class kotlin.collections.ArraysKt__ArraysKt                                           : loaded 2 times (x 71B)
Class org.jetbrains.kotlin.gradle.tasks.CompilerPluginOptionsKt                       : loaded 2 times (x 71B)
Class com.android.ide.common.caching.CreatingCache$ValueState                         : loaded 2 times (x 72B)
Class com.android.build.gradle.internal.ide.dependencies.LibraryCacheImpl$getLibrary$1$1: loaded 2 times (x 79B)
Class com.android.build.gradle.internal.ide.dependencies.LibraryServiceImpl           : loaded 2 times (x 76B)
Class com.android.build.gradle.internal.ide.dependencies.LibraryService               : loaded 2 times (x 70B)
Class com.android.build.gradle.internal.cxx.configure.NativeModelBuilderOutcome$1     : loaded 2 times (x 151B)
Class org.jetbrains.kotlin.buildtools.api.SourcesChanges                              : loaded 2 times (x 70B)
Class com.sun.xml.bind.v2.runtime.reflect.PrimitiveArrayListerBoolean                 : loaded 2 times (x 76B)
Class com.sun.xml.bind.v2.runtime.property.Property                                   : loaded 2 times (x 70B)
Class com.android.sdklib.repository.generated.sysimg.v3.SysImgDetailsType             : loaded 2 times (x 138B)
Class com.android.repository.api.RepositorySource                                     : loaded 2 times (x 70B)
Class com.sun.xml.bind.v2.model.impl.ClassInfoImpl$1                                  : loaded 2 times (x 71B)
Class com.sun.xml.bind.v2.runtime.reflect.Accessor$GetterOnlyReflection               : loaded 2 times (x 85B)
Class javax.xml.bind.annotation.XmlMixed                                              : loaded 2 times (x 70B)
Class com.sun.xml.bind.v2.model.nav.ReflectionNavigator                               : loaded 2 times (x 123B)
Class com.sun.xml.bind.v2.model.annotation.AnnotationReader                           : loaded 2 times (x 70B)
Class com.android.repository.impl.generated.v1.LicenseType                            : loaded 2 times (x 87B)
Class com.android.sdklib.repository.generated.common.v1.LibraryType                   : loaded 2 times (x 90B)
Class com.android.sdklib.repository.meta.DetailsTypes$AddonDetailsType                : loaded 2 times (x 70B)
Class com.android.sdklib.repository.legacy.remote.internal.DownloadCache              : loaded 2 times (x 77B)
Class kotlin.Result$Failure                                                           : loaded 2 times (x 72B)
Class kotlinx.coroutines.Unconfined                                                   : loaded 2 times (x 100B)
Class kotlinx.coroutines.GlobalScope                                                  : loaded 2 times (x 74B)
Class [Lcom.google.common.io.FileWriteMode;                                           : loaded 2 times (x 69B)
Class com.amazon.ion.IonClob                                                          : loaded 2 times (x 70B)
Class org.jetbrains.plugins.gradle.tooling.ModelBuilderService$Parameter              : loaded 2 times (x 70B)
Class sync_studio_tooling5_8t2ske2s3std3b62cuey1g388                                  : loaded 2 times (x 171B)
Class kotlin.io.FilesKt                                                               : loaded 2 times (x 71B)
Class kotlin.collections.MapsKt___MapsKt                                              : loaded 2 times (x 71B)
Class kotlin.collections.ArraysKt___ArraysKt                                          : loaded 2 times (x 71B)
Class build_ev89muu4mh3fi42ia3b1j8nq4$_run_closure1$_closure4$_closure5               : loaded 2 times (x 139B)
Class build_dgs60ascdojv1dazrss2dlprj$_run_closure1$_closure4                         : loaded 2 times (x 139B)
Class build_3jrsyzc51tsedjay7ofn8thme$_run_closure1$_closure7$_closure10              : loaded 2 times (x 139B)
Class com.android.build.gradle.LibraryExtension_Decorated$hasProperty                 : loaded 2 times (x 152B)
Class com.google.protobuf.gradle.ProtobufPlugin                                       : loaded 2 times (x 90B)
Class com.amazon.ion.ValueFactory                                                     : loaded 2 times (x 70B)
Class [Lcom.amazon.ion.impl.bin.IonManagedBinaryWriter$ImportedSymbolResolverMode;    : loaded 2 times (x 69B)
Class com.android.build.gradle.internal.lint.SystemPropertyInputs                     : loaded 2 times (x 83B)
Class com.amazon.ion.impl.IonWriterSystemText                                         : loaded 2 times (x 190B)
Class com.android.build.gradle.internal.tasks.JacocoTask                              : loaded 2 times (x 334B)
Class org.jetbrains.kotlin.gradle.plugin.KotlinPluginLifecycleKt$awaitFinalValue$1    : loaded 2 times (x 88B)
Class org.jetbrains.kotlin.gradle.plugin.diagnostics.checkers.IncorrectCompileOnlyDependenciesChecker$runChecks$1: loaded 2 times (x 88B)
Class com.amazon.ion.impl.lite.IonContext                                             : loaded 2 times (x 70B)
Class org.jetbrains.kotlin.gradle.targets.js.npm.BaseNpmDependencyExtension           : loaded 2 times (x 70B)
Class com.amazon.ion.impl.lite.IonLoaderLite                                          : loaded 2 times (x 82B)
Class com.amazon.ion.impl.bin.utf8.Utf8StringEncoderPool$1                            : loaded 2 times (x 76B)
Class org.jetbrains.kotlin.gradle.plugin.diagnostics.DiagnosticGroup$Base             : loaded 2 times (x 81B)
Class org.jetbrains.kotlin.gradle.targets.ConfigureNonPackedKlibConsumingSideEffectKt$ConfigureNonPackedKlibConsumingSideEffect$1: loaded 2 times (x 74B)
Class org.jetbrains.plugins.gradle.model.ExternalTask                                 : loaded 2 times (x 70B)
Class com.intellij.openapi.externalSystem.model.ExternalSystemException               : loaded 2 times (x 86B)
Class kotlinx.coroutines.ExecutorCoroutineDispatcher                                  : loaded 2 times (x 108B)
Class com.google.common.collect.FluentIterable$3                                      : loaded 2 times (x 81B)
Class com.android.build.gradle.internal.errors.SyncIssueReporterImpl$GlobalSyncIssueService$Parameters$Inject_: loaded 2 times (x 110B)
Class com.android.sdklib.repository.meta.RepoFactory                                  : loaded 2 times (x 74B)
Class com.sun.xml.bind.v2.model.annotation.AbstractInlineAnnotationReaderImpl         : loaded 2 times (x 104B)
Class com.sun.xml.bind.v2.model.impl.ElementInfoImpl                                  : loaded 2 times (x 109B)
Class com.sun.xml.bind.v2.model.impl.RuntimeBuiltinLeafInfoImpl$PcdataImpl            : loaded 2 times (x 134B)
Class com.sun.xml.bind.v2.model.impl.RuntimeBuiltinLeafInfoImpl$12                    : loaded 2 times (x 136B)
Class com.sun.xml.bind.v2.util.ByteArrayOutputStreamEx                                : loaded 2 times (x 94B)
Class com.sun.xml.bind.api.impl.NameUtil                                              : loaded 2 times (x 80B)
Class com.sun.xml.bind.v2.runtime.property.ArrayElementProperty                       : loaded 2 times (x 105B)
Class com.android.build.gradle.internal.ide.v2.SourceProviderImpl                     : loaded 2 times (x 88B)
Class com.android.build.gradle.internal.ide.v2.BasicAndroidProjectImpl$Companion      : loaded 2 times (x 71B)
Class org.jetbrains.kotlin.build.report.metrics.BuildAttributeKind$Companion          : loaded 2 times (x 71B)
Class org.jetbrains.kotlin.gradle.tasks.UsesKotlinJavaToolchain$DefaultImpls          : loaded 2 times (x 71B)
Class com.android.build.api.variant.BuiltArtifacts                                    : loaded 2 times (x 70B)
Class com.android.build.gradle.internal.ide.dependencies.LibraryCacheImpl$getProjectInfo$1: loaded 2 times (x 79B)
Class build_cw0mxxge8puf1gz5jsb1z6mpo$_run_closure1$_closure5                         : loaded 2 times (x 139B)
Class org.jetbrains.kotlin.gradle.plugin.diagnostics.KotlinToolingDiagnosticsSetupActionKt: loaded 2 times (x 71B)
Class org.jetbrains.kotlin.gradle.utils.WhenEvaluatedKt$whenEvaluated$2               : loaded 2 times (x 75B)
Class org.jetbrains.kotlin.gradle.plugin.sources.android.configurator.Agp7AddKotlinSourcesToAndroidSourceSetConfigurator: loaded 2 times (x 75B)
Class org.jetbrains.kotlin.konan.target.KonanTarget$TVOS_X64                          : loaded 2 times (x 78B)
Class org.jetbrains.kotlin.gradle.plugin.diagnostics.CheckKotlinGradlePluginConfigurationErrorsKt$addDependsOnFromTasksThatShouldFailWhenErrorsReported$1: loaded 2 times (x 75B)
Class org.jetbrains.kotlin.gradle.plugin.AndroidProjectHandler$preprocessVariant$2    : loaded 2 times (x 75B)
Class org.jetbrains.kotlin.gradle.tasks.configuration.KaptGenerateStubsConfig$Companion$configureLibraries$1: loaded 2 times (x 79B)
Class com.android.build.gradle.internal.lint.AndroidLintAnalysisTask$LintVitalCreationAction: loaded 2 times (x 92B)
Class org.jetbrains.kotlin.gradle.plugin.mpp.KotlinTargetSoftwareComponentImplKt$KotlinTargetSoftwareComponent$1$1$1: loaded 2 times (x 75B)
Class com.android.build.gradle.internal.scope.ArtifactPublishingUtil$publishArtifactToDefaultVariant$1: loaded 2 times (x 75B)
Class com.google.protobuf.gradle.ProtobufPlugin$_addTasksForVariant_closure17         : loaded 2 times (x 136B)
Class build_6kbhpc9qtdsduhdrvvm7rvj6i$_run_closure1$_closure5                         : loaded 2 times (x 139B)
Class kotlin.ResultKt                                                                 : loaded 2 times (x 71B)
Class com.amazon.ion.impl.bin.Block                                                   : loaded 2 times (x 79B)
Class com.google.common.collect.FluentIterable$2                                      : loaded 2 times (x 81B)
Class com.google.common.base.Absent                                                   : loaded 2 times (x 80B)
Class com.android.build.gradle.internal.PlatformComponents$Companion                  : loaded 2 times (x 71B)
Class com.android.repository.api.Checksum                                             : loaded 2 times (x 80B)
Class javax.xml.bind.GetPropertyAction                                                : loaded 2 times (x 75B)
Class org.jetbrains.kotlin.gradle.plugin.ide.IdeCompilerArgumentsResolver             : loaded 2 times (x 70B)
Class com.android.build.gradle.internal.profile.AnalyticsService$Params$Inject_       : loaded 2 times (x 120B)
Class com.android.build.gradle.internal.tasks.R8ToolParameters                        : loaded 2 times (x 81B)
Class org.jetbrains.kotlin.gradle.tasks.DefaultKotlinJavaToolchain$DefaultJdkSetter   : loaded 2 times (x 76B)
Class com.sun.xml.bind.v2.model.core.ElementInfo                                      : loaded 2 times (x 70B)
Class com.sun.xml.bind.v2.model.impl.PropertyInfoImpl$1                               : loaded 2 times (x 71B)
Class javax.xml.bind.annotation.XmlInlineBinaryData                                   : loaded 2 times (x 70B)
Class com.sun.xml.bind.v2.runtime.Location                                            : loaded 2 times (x 70B)
Class javax.xml.bind.JAXBContextFactory                                               : loaded 2 times (x 70B)
Class com.android.build.gradle.internal.SystemPropertiesFactory                       : loaded 2 times (x 71B)
Class com.google.common.collect.Iterables$4                                           : loaded 2 times (x 81B)
Class org.jetbrains.kotlin.tooling.core.KotlinToolingVersion$Maturity                 : loaded 2 times (x 79B)
Class kotlinx.coroutines.AbstractCoroutine                                            : loaded 2 times (x 143B)
Class com.google.common.io.Files                                                      : loaded 2 times (x 71B)
Class com.amazon.ion.impl.lite.IonLobLite                                             : loaded 2 times (x 184B)
Class com.amazon.ion.impl.lite.IonTextLite                                            : loaded 2 times (x 181B)
Class com.amazon.ion.IonNumber                                                        : loaded 2 times (x 70B)
Class gnu.trove.TObjectHashingStrategy                                                : loaded 2 times (x 70B)
Class kotlin.collections.MapsKt__MapWithDefaultKt                                     : loaded 2 times (x 71B)
Class build_dgs60ascdojv1dazrss2dlprj$_run_closure1$_closure5                         : loaded 2 times (x 139B)
Class com.google.gradle.osdetector.OsDetector$ConfigurationTimeSafeFileOperations     : loaded 2 times (x 75B)
Class com.google.protobuf.gradle.ProtobufPlugin$_addTasksForVariant_closure17$_closure32: loaded 2 times (x 135B)
Class com.sun.xml.bind.v2.model.runtime.RuntimeEnumLeafInfo                           : loaded 2 times (x 70B)
Class com.sun.xml.bind.v2.model.impl.RuntimeBuiltinLeafInfoImpl$11                    : loaded 2 times (x 136B)
Class com.android.build.gradle.internal.lint.UastInputs_Decorated                     : loaded 2 times (x 131B)
Class android.databinding.tool.DataBindingBuilder$Versions                            : loaded 2 times (x 72B)
Class com.android.build.gradle.internal.tasks.factory.TaskFactoryUtils$dependsOn$1$1$1: loaded 2 times (x 75B)
Class com.android.repository.impl.generated.generic.v2.GenericDetailsType             : loaded 2 times (x 76B)
Class [Lcom.sun.xml.bind.v2.runtime.unmarshaller.Scope;                               : loaded 2 times (x 69B)
Class com.android.repository.impl.meta.SchemaModuleUtil$NamespaceFallbackFilter       : loaded 2 times (x 153B)
Class com.android.build.gradle.internal.cxx.configure.NativeModelBuilderOutcome$Outcome$1: loaded 2 times (x 76B)
Class build_cw0mxxge8puf1gz5jsb1z6mpo$_run_closure1$_closure4                         : loaded 2 times (x 139B)
Class org.jetbrains.kotlin.gradle.internal.transforms.BuildToolsApiClasspathEntrySnapshotTransform$Inject_1: loaded 2 times (x 113B)
Class org.jetbrains.kotlin.gradle.tasks.configuration.AbstractKotlinCompileConfigKt   : loaded 2 times (x 71B)
Class org.jetbrains.kotlin.gradle.internal.StdlibDependencyManagementKt$configureStdlibVersionAlignment$1$1: loaded 2 times (x 75B)
Class org.jetbrains.kotlin.gradle.dsl.KotlinProjectExtension$awaitSourceSets$1        : loaded 2 times (x 88B)
Class com.android.build.gradle.internal.lint.AndroidLintTask$SingleVariantCreationAction$Companion$registerLintReportArtifacts$4: loaded 2 times (x 127B)
Class org.jetbrains.kotlin.gradle.plugin.KotlinPluginLifecycle$CoroutineStart         : loaded 2 times (x 79B)
Class org.jetbrains.kotlin.gradle.tasks.TasksProviderKt$sam$org_gradle_api_Action$0   : loaded 2 times (x 75B)
Class org.jetbrains.kotlin.gradle.tooling.BuildKotlinToolingMetadataTask$FromKotlinExtension: loaded 2 times (x 314B)
Class org.jetbrains.kotlin.gradle.utils.FailuresKt                                    : loaded 2 times (x 71B)
Class org.jetbrains.kotlin.gradle.plugin.diagnostics.DiagnosticGroup                  : loaded 2 times (x 70B)
Class org.jetbrains.kotlin.gradle.targets.native.internal.CInteropConfigurationsKt$special$$inlined$KotlinTargetSideEffect$1: loaded 2 times (x 74B)
Class org.jetbrains.kotlin.gradle.plugin.KotlinGradlePluginExtensionPoint             : loaded 2 times (x 70B)
Class org.jetbrains.kotlin.gradle.plugin.mpp.compilationImpl.KotlinCompilationSideEffect: loaded 2 times (x 70B)
Class org.jetbrains.kotlin.gradle.plugin.diagnostics.checkers.WasmSourceSetsNotFoundChecker$wasmSourceSetRegex$2: loaded 2 times (x 78B)
Class org.jetbrains.kotlin.gradle.plugin.statistics.BuildFusService$Parameters_Decorated: loaded 2 times (x 139B)
Class org.jetbrains.kotlin.gradle.plugin.PropertiesProvider$keepIncrementalCompilationCachesInMemory$1: loaded 2 times (x 79B)
Class org.jetbrains.kotlin.gradle.plugin.diagnostics.KotlinToolingDiagnosticsCollector$Inject_: loaded 2 times (x 96B)
Class org.jetbrains.kotlin.gradle.plugin.AndroidProjectHandler$preprocessVariant$1    : loaded 2 times (x 79B)
Class [Lcom.android.build.gradle.internal.dependency.ArtifactCollectionWithExtraArtifact$ExtraArtifactType;: loaded 2 times (x 69B)
Class org.jetbrains.kotlin.gradle.plugin.KotlinDependencyHandler                      : loaded 2 times (x 70B)
Class com.android.build.gradle.tasks.PackageApplication$CreationAction$handleProvider$2: loaded 2 times (x 125B)
Class com.google.protobuf.gradle.ProtobufPlugin$_createProtobufConfiguration_closure9 : loaded 2 times (x 135B)
Class com.google.protobuf.gradle.ProtobufPlugin$_addTasksForVariant_closure16         : loaded 2 times (x 136B)
Class com.google.protobuf.gradle.Utils$isAndroidProject                               : loaded 2 times (x 146B)
Class build_2ybws2pajndu6p4l918acwksh$_run_closure1$_closure7                         : loaded 2 times (x 139B)
Class build_6kbhpc9qtdsduhdrvvm7rvj6i$_run_closure1$_closure4                         : loaded 2 times (x 139B)
Class build_alsmf1mgbrpjpxf67f2ibo2a2$_run_closure1$_closure4$_closure7               : loaded 2 times (x 139B)
Class build_bs4hlzfgf9e5rp7sirgorlfrg$_run_closure1$_closure4                         : loaded 2 times (x 139B)
Class org.gradle.api.internal.classpath.DefaultModuleRegistry$DefaultModule           : loaded 2 times (x 86B)
Class com.amazon.ion.impl.lite.IonStringLite                                          : loaded 2 times (x 212B)
Class com.amazon.ion.impl.bin.PooledBlockAllocatorProvider$PooledBlockAllocator$1     : loaded 2 times (x 79B)
Class com.google.common.base.Objects                                                  : loaded 2 times (x 71B)
Class jdk.internal.jimage.ImageBufferCache$2                                          : loaded 2 times (x 91B)
Class com.google.common.collect.AbstractMapBasedMultimap$Itr                          : loaded 2 times (x 83B)
Class org.objectweb.asm.tree.LookupSwitchInsnNode                                     : loaded 2 times (x 78B)
Class kotlinx.coroutines.JobSupport                                                   : loaded 2 times (x 132B)
Class com.google.common.collect.FluentIterable$1                                      : loaded 2 times (x 81B)
Class com.android.build.gradle.internal.dsl.ProductFlavor$AgpDecorated_Decorated      : loaded 2 times (x 549B)
Class com.android.repository.api.ProgressIndicator                                    : loaded 2 times (x 70B)
Class com.sun.xml.bind.v2.runtime.BridgeImpl                                          : loaded 2 times (x 87B)
Class com.sun.xml.bind.v2.model.impl.RuntimeBuiltinLeafInfoImpl$9                     : loaded 2 times (x 136B)
Class com.sun.xml.bind.v2.model.impl.RuntimeBuiltinLeafInfoImpl$10                    : loaded 2 times (x 136B)
Class com.sun.xml.bind.v2.model.annotation.XmlSchemaTypeQuick                         : loaded 2 times (x 93B)
Class javax.xml.bind.annotation.XmlSchemaType$DEFAULT                                 : loaded 2 times (x 71B)
Class com.android.build.gradle.internal.ide.v2.InstallationImpl                       : loaded 2 times (x 76B)
Class com.android.build.gradle.internal.ide.v2.AndroidDslImpl                         : loaded 2 times (x 86B)
Class build_cw0mxxge8puf1gz5jsb1z6mpo$_run_closure1$_closure3                         : loaded 2 times (x 139B)
Class com.android.ide.common.build.GenericBuiltArtifactsSplitOutputMatcher            : loaded 2 times (x 71B)
Class com.android.build.gradle.internal.lint.AndroidLintTask$SingleVariantCreationAction$Companion$registerLintReportArtifacts$3: loaded 2 times (x 127B)
Class com.android.build.gradle.internal.scope.InternalArtifactType$LINT_VITAL_RETURN_VALUE: loaded 2 times (x 74B)
Class org.jetbrains.kotlin.gradle.plugin.mpp.apple.swiftexport.internal.SwiftExportInitKt: loaded 2 times (x 71B)
Class org.jetbrains.kotlin.gradle.plugin.diagnostics.DiagnosticGroup$KotlinDiagnosticGroup: loaded 2 times (x 81B)
Class com.android.build.gradle.internal.api.DefaultAndroidSourceDirectorySet$getSourceDirectoryTrees$1: loaded 2 times (x 79B)
Class com.android.build.gradle.tasks.AidlCompile$CreationAction$handleProvider$2      : loaded 2 times (x 127B)
Class com.google.gradle.osdetector.OsDetectorPlugin                                   : loaded 2 times (x 76B)
Class com.google.protobuf.gradle.ProtobufPlugin$_addTasksForVariant_closure15         : loaded 2 times (x 136B)
Class build_2ybws2pajndu6p4l918acwksh$_run_closure1$_closure6                         : loaded 2 times (x 139B)
Class com.android.build.gradle.internal.ide.v2.ProjectInfoImpl                        : loaded 2 times (x 83B)
Class com.android.build.gradle.internal.ide.v2.ArtifactDependenciesAdjacencyListImpl  : loaded 2 times (x 77B)
Class com.android.build.gradle.internal.ide.v2.LintOptionsImpl$Companion              : loaded 2 times (x 71B)
Class com.android.build.gradle.internal.ide.v2.LintOptionsImpl                        : loaded 2 times (x 107B)
Class org.jetbrains.kotlin.gradle.tasks.TaskOutputsBackup                             : loaded 2 times (x 72B)
Class com.android.build.api.variant.impl.FlatSourceDirectoriesImpl$getAsFileTreesForOldVariantAPI$1: loaded 2 times (x 75B)
Class com.sun.xml.bind.v2.runtime.JaxBeanInfo$1                                       : loaded 2 times (x 77B)
Class javax.xml.bind.ValidationEvent                                                  : loaded 2 times (x 70B)
Class com.sun.xml.bind.v2.model.impl.Utils                                            : loaded 2 times (x 71B)
Class com.android.repository.api.Channel                                              : loaded 2 times (x 81B)
Class com.android.sdklib.repository.meta.Library                                      : loaded 2 times (x 89B)
Class com.android.sdklib.repository.generated.sysimg.v4.ObjectFactory                 : loaded 2 times (x 75B)
Class com.android.build.gradle.internal.PlatformToolsComponents$Companion$build$fileExists$1: loaded 2 times (x 75B)
Class com.android.build.gradle.internal.SdkComponentsBuildService$VersionedSdkLoader$coreForSystemModulesProvider$1: loaded 2 times (x 75B)
Class build_1hgyn0xd6oo4xqllgmdn8lvh3                                                 : loaded 2 times (x 172B)
Class [Lcom.amazon.ion.impl.bin.IonManagedBinaryWriter$UserState;                     : loaded 2 times (x 69B)
Class com.amazon.ion.impl.bin.utf8.Utf8StringEncoder                                  : loaded 2 times (x 80B)
Class com.amazon.ion.IonBool                                                          : loaded 2 times (x 70B)
Class com.intellij.openapi.externalSystem.model.project.dependencies.ComponentDependencies: loaded 2 times (x 70B)
Class kotlin.text.StringsKt___StringsKt                                               : loaded 2 times (x 71B)
Class kotlin.collections.CollectionsKt__MutableCollectionsJVMKt                       : loaded 2 times (x 71B)
Class build_44dy2wk5comphocv2k72ieosm$_run_closure3                                   : loaded 2 times (x 139B)
Class kotlin.enums.EnumEntriesKt                                                      : loaded 2 times (x 71B)
Class build_1slqx9rimz2qvui69gc485d36$_run_closure1                                   : loaded 2 times (x 139B)
Class build_dgs60ascdojv1dazrss2dlprj$_run_closure1$_closure6                         : loaded 2 times (x 139B)
Class build_66q2uwacybia9235i4lc43pwz                                                 : loaded 2 times (x 172B)
Class build_8gsxwmmagq84b5gieklt0c7t4$_run_closure1$_closure5$_closure6               : loaded 2 times (x 139B)
Class com.android.build.gradle.api.BaseVariant$getProcessJavaResourcesProvider        : loaded 2 times (x 152B)
Class com.google.protobuf.gradle.ProtobufPlugin$_apply_closure1                       : loaded 2 times (x 136B)
Class build_bs4hlzfgf9e5rp7sirgorlfrg$_run_closure1$_closure3                         : loaded 2 times (x 139B)
Class org.gradle.internal.classloader.ClasspathUtil$1                                 : loaded 2 times (x 76B)
Class com.android.build.gradle.internal.lint.LintTool                                 : loaded 2 times (x 77B)
Class com.android.build.gradle.internal.dependency.JacocoTransform                    : loaded 2 times (x 79B)
Class com.android.build.gradle.internal.tasks.LintModelMetadataTask                   : loaded 2 times (x 329B)
Class kotlin.collections.EmptyList                                                    : loaded 2 times (x 174B)
Class kotlin.collections.MapsKt__MapsJVMKt                                            : loaded 2 times (x 71B)
Class jdk.internal.jimage.ImageBufferCache$1                                          : loaded 2 times (x 83B)
Class org.jetbrains.kotlin.gradle.plugin.sources.FragmentConsistencyChecks$languageVersionCheck$1$1: loaded 2 times (x 79B)
Class kotlinx.coroutines.internal.ThreadLocalKt                                       : loaded 2 times (x 71B)
Class com.android.build.gradle.internal.SdkComponentsBuildService$VersionedSdkLoader$targetBootClasspathProvider$1: loaded 2 times (x 75B)
Class com.android.sdklib.repository.generated.repository.v2.ObjectFactory             : loaded 2 times (x 79B)
Class com.sun.istack.FinalArrayList                                                   : loaded 2 times (x 209B)
Class org.jetbrains.kotlin.gradle.plugin.sources.android.KotlinAndroidSourceSetInfoKt : loaded 2 times (x 71B)
Class org.jetbrains.kotlin.gradle.plugin.sources.android.configurator.AndroidKaptSourceSetConfigurator: loaded 2 times (x 75B)
Class org.jetbrains.kotlin.gradle.plugin.diagnostics.checkers.CInteropInputChecker    : loaded 2 times (x 74B)
Class org.jetbrains.kotlin.gradle.targets.native.internal.CInteropConfigurationsKt$special$$inlined$KotlinTargetSideEffect$2: loaded 2 times (x 74B)
Class org.jetbrains.kotlin.gradle.plugin.statistics.FinalizeConfigurationFusMetricActionKt$FinalizeConfigurationFusMetricAction$1: loaded 2 times (x 95B)
Class org.jetbrains.kotlin.gradle.internal.KotlinDependenciesManagementKt$CustomizeKotlinDependenciesSetupAction$1: loaded 2 times (x 74B)
Class org.jetbrains.kotlin.gradle.plugin.KotlinGradlePluginExtensionPointInternal$registeredExtensions$2: loaded 2 times (x 78B)
Class org.jetbrains.kotlin.statistics.metrics.BooleanOverridePolicy$OR                : loaded 2 times (x 85B)
Class com.sun.xml.bind.api.ErrorListener                                              : loaded 2 times (x 70B)
Class com.sun.xml.bind.v2.model.impl.RuntimeBuiltinLeafInfoImpl$8                     : loaded 2 times (x 136B)
Class com.android.build.gradle.internal.scope.BootClasspathBuilder$computeAdditionalAndRequestedOptionalLibraries$4$1: loaded 2 times (x 79B)
Class com.android.build.gradle.internal.tasks.R8Task$Companion                        : loaded 2 times (x 71B)
Class com.android.build.gradle.internal.lint.AndroidLintAnalysisTask$Companion$registerOutputArtifacts$1: loaded 2 times (x 127B)
Class ijKotlinCoroutineJvmDebugInit2_eka7z124jfyzyurovqgxarai                         : loaded 2 times (x 171B)
Class com.android.buildanalyzer.common.TaskCategoryIssue                              : loaded 2 times (x 79B)
Class com.android.build.gradle.internal.lint.AndroidLintTask$SingleVariantCreationAction$Companion$registerLintReportArtifacts$2: loaded 2 times (x 127B)
Class org.jetbrains.kotlin.gradle.plugin.diagnostics.checkers.JsLikeEnvironmentChecker: loaded 2 times (x 76B)
Class org.jetbrains.kotlin.gradle.targets.js.npm.DefaultDevNpmDependencyExtension     : loaded 2 times (x 145B)
Class org.jetbrains.kotlin.gradle.internal.KotlinDomApiDependencyManagementKt$configureKotlinDomApiDefaultDependency$1: loaded 2 times (x 79B)
Class com.android.build.gradle.tasks.AidlCompile$CreationAction$handleProvider$1      : loaded 2 times (x 127B)
Class com.android.build.gradle.internal.lint.ProjectInputs$initializeFromProject$1    : loaded 2 times (x 74B)
Class com.google.protobuf.gradle.ProtobufPlugin$_addTasksForVariant_closure14         : loaded 2 times (x 135B)
Class com.google.protobuf.gradle.CopyActionFacade$FileSystemOperationsBased_Decorated : loaded 2 times (x 137B)
Class build_1e4rsgmzwhfdbusthbchkh4rg$_run_closure2$_closure5$_closure8               : loaded 2 times (x 139B)
Class build_2ybws2pajndu6p4l918acwksh$_run_closure1$_closure5                         : loaded 2 times (x 139B)
Class build_44dy2wk5comphocv2k72ieosm$_run_closure2                                   : loaded 2 times (x 139B)
Class com.intellij.gradle.toolingExtension.impl.model.buildScriptClasspathModel.GradleBuildScriptClasspathSerializationService$WriteContext: loaded 2 times (x 72B)
Class gnu.trove.THash                                                                 : loaded 2 times (x 81B)
Class com.amazon.ion.IonMutableCatalog                                                : loaded 2 times (x 70B)
Class com.amazon.ion.impl._Private_IonReaderBuilder                                   : loaded 2 times (x 97B)
Class com.amazon.ion.impl._Private_RecyclingStack                                     : loaded 2 times (x 79B)
Class org.jetbrains.plugins.gradle.ExternalDependencyId                               : loaded 2 times (x 70B)
Class com.android.build.gradle.internal.ide.v2.VersionImpl$Companion                  : loaded 2 times (x 71B)
Class com.android.sdklib.repository.generated.repository.v3.LayoutlibType             : loaded 2 times (x 74B)
Class com.sun.xml.bind.v2.model.runtime.RuntimeClassInfo                              : loaded 2 times (x 70B)
Class com.sun.xml.bind.v2.model.impl.RuntimeBuiltinLeafInfoImpl$7                     : loaded 2 times (x 136B)
Class com.sun.xml.bind.api.impl.NameConverter$2                                       : loaded 2 times (x 93B)
Class com.sun.xml.bind.v2.runtime.unmarshaller.Loader                                 : loaded 2 times (x 77B)
Class com.sun.xml.bind.v2.runtime.reflect.PrimitiveArrayListerDouble                  : loaded 2 times (x 76B)
Class com.android.sdklib.repository.targets.PlatformTarget$Library                    : loaded 2 times (x 72B)
Class org.jetbrains.kotlin.build.report.metrics.BuildAttribute$Companion              : loaded 2 times (x 71B)
Class org.jetbrains.kotlin.gradle.tasks.KotlinCompile$scriptSources$1                 : loaded 2 times (x 75B)
Class com.android.build.gradle.internal.tasks.ProguardConfigurableTask$CreationAction$registerAarToRClassTransform$1: loaded 2 times (x 75B)
Class com.android.build.gradle.internal.cxx.configure.NativeModelBuilderOutcome       : loaded 2 times (x 222B)
Class com.android.build.gradle.internal.ide.dependencies.ResolvedArtifact$DependencyType: loaded 2 times (x 79B)
Class com.android.ide.common.caching.CreatingCache$State                              : loaded 2 times (x 79B)
Class com.google.common.base.VerifyException                                          : loaded 2 times (x 82B)
Class com.android.build.gradle.internal.ide.v2.TestInfoImpl$Companion                 : loaded 2 times (x 71B)
Class com.sun.xml.bind.v2.runtime.property.ArrayERProperty$ReceiverImpl               : loaded 2 times (x 75B)
Class [Ljavax.xml.bind.annotation.XmlElement;                                         : loaded 2 times (x 69B)
Class com.sun.xml.bind.v2.runtime.reflect.Utils$1                                     : loaded 2 times (x 77B)
Class javax.xml.bind.annotation.XmlAccessType                                         : loaded 2 times (x 79B)
Class javax.xml.bind.annotation.XmlType                                               : loaded 2 times (x 70B)
Class com.sun.xml.bind.v2.model.annotation.XmlEnumQuick                               : loaded 2 times (x 91B)
Class com.sun.xml.bind.v2.model.annotation.RuntimeInlineAnnotationReader              : loaded 2 times (x 106B)
Class com.android.build.gradle.internal.lint.AndroidLintTask$SingleVariantCreationAction$Companion$registerLintReportArtifacts$1: loaded 2 times (x 127B)
Class org.objectweb.asm.tree.InsnList                                                 : loaded 2 times (x 103B)
Class com.intellij.openapi.externalSystem.model.project.dependencies.DependencyScopeNode: loaded 2 times (x 89B)
Class com.amazon.ion.IonLoader                                                        : loaded 2 times (x 70B)
Class com.intellij.gradle.toolingExtension.model.repositoryModel.ProjectRepositoriesModel: loaded 2 times (x 70B)
Class org.jetbrains.plugins.gradle.model.GradleProperty                               : loaded 2 times (x 70B)
Class gnu.trove.TObjectCanonicalHashingStrategy                                       : loaded 2 times (x 78B)
Class org.gradle.internal.classloader.SystemClassLoaderSpec                           : loaded 2 times (x 71B)
Class build_dgs60ascdojv1dazrss2dlprj$_run_closure1$_closure7                         : loaded 2 times (x 139B)
Class build_6d1fdfbqo2cljg2izpb6bs6hb$_run_closure1$_closure4                         : loaded 2 times (x 139B)
Class build_6d1fdfbqo2cljg2izpb6bs6hb$_run_closure1                                   : loaded 2 times (x 139B)
Class build_3vj6i99vz7549bydt3dz7b6z1$_run_closure1                                   : loaded 2 times (x 139B)
Class [Lcom.google.protobuf.gradle.GenerateProtoTask$State;                           : loaded 2 times (x 69B)
Class com.google.protobuf.gradle.ProtobufPlugin$_apply_closure2                       : loaded 2 times (x 136B)
Class com.android.build.gradle.internal.lint.AndroidLintTask$LintVitalCreationAction  : loaded 2 times (x 95B)
Class [Lorg.jetbrains.kotlin.statistics.metrics.NumericalMetrics;                     : loaded 2 times (x 69B)
Class org.jetbrains.kotlin.gradle.plugin.mpp.ApplyUserDefinedAttributesKt             : loaded 2 times (x 71B)
Class org.jetbrains.kotlin.gradle.plugin.diagnostics.DefaultProblemsReporter_Decorated: loaded 2 times (x 119B)
Class org.jetbrains.kotlin.gradle.targets.native.internal.AddKotlinPlatformIntegersSupportLibraryKt$AddKotlinPlatformIntegersSupportLibrary$1: loaded 2 times (x 95B)
Class org.jetbrains.kotlin.gradle.plugin.mpp.KotlinJvmAndroidCompilationFactory$WhenMappings: loaded 2 times (x 71B)
Class org.jetbrains.kotlin.gradle.targets.CreateDefaultCompilationsSideEffectKt$CreateDefaultCompilationsSideEffect$1: loaded 2 times (x 74B)
Class org.jetbrains.kotlin.gradle.tasks.abi.KotlinLegacyAbiDumpTask                   : loaded 2 times (x 70B)
Class org.jetbrains.kotlin.gradle.utils.KotlinExtensionUtilsKt                        : loaded 2 times (x 71B)
Class [Lorg.jetbrains.kotlin.konan.util.Named;                                        : loaded 2 times (x 69B)
Class org.jetbrains.kotlin.gradle.plugin.diagnostics.checkers.NoKotlinTargetsDeclaredChecker$runChecks$1: loaded 2 times (x 88B)
Class org.jetbrains.kotlin.gradle.plugin.sources.android.KotlinAndroidSourceSetFactory: loaded 2 times (x 72B)
Class org.jetbrains.kotlin.gradle.plugin.sources.android.KotlinAndroidSourceSetLayoutExtensionKt: loaded 2 times (x 71B)
Class org.jetbrains.kotlin.gradle.plugin.sources.android.KotlinAndroidSourceSetLayoutKt$singleTargetAndroidSourceSetLayout$1: loaded 2 times (x 78B)
Class org.jetbrains.kotlin.gradle.plugin.KotlinAndroidPlugin$apply$1                  : loaded 2 times (x 79B)
Class org.jetbrains.kotlin.gradle.targets.js.npm.NpmDependencyExtensionKt$AddNpmDependencyExtensionProjectSetupAction$1$WhenMappings: loaded 2 times (x 71B)
Class org.jetbrains.kotlin.gradle.plugin.diagnostics.CheckKotlinGradlePluginConfigurationErrorsKt: loaded 2 times (x 71B)
Class org.jetbrains.kotlin.gradle.dsl.abi.AbiValidationLegacyDumpExtension            : loaded 2 times (x 70B)
Class org.jetbrains.kotlin.gradle.plugin.BuildEventsListenerRegistryHolder            : loaded 2 times (x 72B)
Class [Lorg.jetbrains.kotlin.statistics.metrics.BooleanOverridePolicy;                : loaded 2 times (x 69B)
Class org.jetbrains.kotlin.gradle.internal.KotlinTestDependencyManagementKt$maybeAddTestDependencyCapability$1: loaded 2 times (x 75B)
Class org.jetbrains.kotlin.gradle.tasks.configuration.KaptGenerateStubsConfig$Companion: loaded 2 times (x 71B)
Class org.jetbrains.kotlin.gradle.plugin.diagnostics.checkers.CInteropInputChecker$runChecks$2: loaded 2 times (x 75B)
Class org.jetbrains.kotlin.gradle.plugin.diagnostics.checkers.AndroidPublicationNotConfiguredChecker$runChecks$2: loaded 2 times (x 75B)
Class org.jetbrains.kotlin.gradle.utils.ReportUtilsKt$addConfigurationMetrics$1       : loaded 2 times (x 75B)
Class com.android.build.gradle.tasks.AidlCompile_Decorated                            : loaded 2 times (x 380B)
Class build_2ybws2pajndu6p4l918acwksh$_run_closure1$_closure4                         : loaded 2 times (x 139B)
Class build_alo5czfvr9bgbyvoloczajhrk$_run_closure3                                   : loaded 2 times (x 139B)
Class build_44dy2wk5comphocv2k72ieosm$_run_closure1                                   : loaded 2 times (x 139B)
Class com.amazon.ion.impl.bin._Private_IonManagedBinaryWriterBuilder$AllocatorMode$2  : loaded 2 times (x 80B)
Class com.amazon.ion.impl._Private_IonTextWriterBuilder                               : loaded 2 times (x 102B)
Class com.amazon.ion.impl.lite.IonFloatLite                                           : loaded 2 times (x 186B)
Class jdk.internal.jrtfs.JrtDirectoryStream$1                                         : loaded 2 times (x 83B)
Class jdk.internal.jimage.ImageLocation                                               : loaded 2 times (x 90B)
Class com.google.common.io.ByteSink$AsCharSink                                        : loaded 2 times (x 80B)
Class com.android.sdklib.repository.generated.repository.v2.package-info              : loaded 2 times (x 70B)
Class com.android.repository.impl.generated.v1.ChannelType                            : loaded 2 times (x 83B)
Class com.sun.xml.bind.v2.model.impl.RuntimeBuiltinLeafInfoImpl$6                     : loaded 2 times (x 136B)
Class com.sun.xml.bind.api.impl.NameConverter$1                                       : loaded 2 times (x 93B)
Class com.android.repository.impl.generated.v2.TypeDetails                            : loaded 2 times (x 75B)
Class com.sun.xml.bind.v2.runtime.property.SingleElementNodeProperty                  : loaded 2 times (x 102B)
Class com.android.build.gradle.tasks.PackageAndroidArtifact$CreationAction$configure$2: loaded 2 times (x 74B)
Class org.gradle.tooling.internal.consumer.converters.FixedBuildIdentifierProvider    : loaded 2 times (x 75B)
Class com.android.build.gradle.internal.scope.InternalArtifactType$LINT_HTML_REPORT   : loaded 2 times (x 74B)
Class org.jetbrains.kotlin.statistics.metrics.NumberAnonymizationPolicy$SAFE          : loaded 2 times (x 85B)
Class org.jetbrains.kotlin.gradle.plugin.KotlinAndroidPlugin$Companion$dynamicallyApplyWhenAndroidPluginIsApplied$2$1: loaded 2 times (x 75B)
Class [Lorg.jetbrains.kotlin.gradle.plugin.sources.android.configurator.KotlinAndroidSourceSetConfigurator;: loaded 2 times (x 69B)
Class org.jetbrains.kotlin.gradle.plugin.sources.android.configurator.MultiplatformLayoutV1SourceDirConfigurator: loaded 2 times (x 75B)
Class org.jetbrains.kotlin.gradle.plugin.KotlinAndroidPlugin$apply$2$1                : loaded 2 times (x 79B)
Class org.jetbrains.kotlin.gradle.plugin.diagnostics.checkers.CInteropInputChecker$runChecks$1: loaded 2 times (x 88B)
Class org.jetbrains.kotlin.gradle.plugin.diagnostics.checkers.AndroidPublicationNotConfiguredChecker$runChecks$1: loaded 2 times (x 88B)
Class org.jetbrains.kotlin.gradle.internal.KotlinDependenciesManagementKt$CustomizeKotlinDependenciesSetupAction$1$coreLibrariesVersion$1: loaded 2 times (x 79B)
Class org.jetbrains.kotlin.compilerRunner.ArgumentsToStrings                          : loaded 2 times (x 71B)
Class org.jetbrains.kotlin.gradle.utils.CompilerArgsUtilsKt                           : loaded 2 times (x 71B)
Class com.android.build.gradle.internal.ide.dependencies.ResolvedArtifact             : loaded 2 times (x 72B)
Class org.jetbrains.kotlin.gradle.utils.FileUtilsKt$fileCollectionFromConfigurableFileTree$1: loaded 2 times (x 79B)
Class com.sun.xml.bind.v2.runtime.Utils$1                                             : loaded 2 times (x 77B)
Class com.sun.xml.bind.v2.runtime.reflect.PrimitiveArrayListerFloat                   : loaded 2 times (x 76B)
Class com.sun.xml.bind.v2.util.FlattenIterator                                        : loaded 2 times (x 79B)
Class com.sun.xml.bind.v2.model.impl.RuntimeElementInfoImpl$RuntimePropertyImpl       : loaded 2 times (x 160B)
Class com.sun.xml.bind.v2.model.runtime.RuntimePropertyInfo                           : loaded 2 times (x 70B)
Class com.sun.xml.bind.v2.model.annotation.XmlElementRefsQuick                        : loaded 2 times (x 91B)
Class javax.xml.bind.annotation.XmlElementRef                                         : loaded 2 times (x 70B)
Class com.android.repository.impl.generated.v1.ArchivesType                           : loaded 2 times (x 75B)
Class com.android.sdklib.BuildToolInfo                                                : loaded 2 times (x 76B)
Class com.android.build.gradle.internal.EnvironmentVariablesPropertiesFactory         : loaded 2 times (x 71B)
Class com.google.common.collect.FluentIterable                                        : loaded 2 times (x 81B)
Class kotlinx.coroutines.internal.LockFreeLinkedListNode                              : loaded 2 times (x 74B)
Class org.objectweb.asm.tree.MultiANewArrayInsnNode                                   : loaded 2 times (x 79B)
Class com.amazon.ion.impl._Private_Utils                                              : loaded 2 times (x 71B)
Class kotlin.ranges.IntRange$Companion                                                : loaded 2 times (x 71B)
Class kotlin.text.MatcherMatchResult$groups$1                                         : loaded 2 times (x 151B)
Class kotlin.collections.EmptyMap                                                     : loaded 2 times (x 108B)
Class kotlin.reflect.KAnnotatedElement                                                : loaded 2 times (x 70B)
Class kotlin.jvm.internal.markers.KMutableCollection                                  : loaded 2 times (x 70B)
Class kotlin.coroutines.intrinsics.IntrinsicsKt                                       : loaded 2 times (x 71B)
Class kotlin.jvm.internal.Intrinsics                                                  : loaded 2 times (x 71B)
Class build_6d1fdfbqo2cljg2izpb6bs6hb$_run_closure2                                   : loaded 2 times (x 139B)
Class build_a2j7rkulzo52kpnaoaf05dms3$_run_closure1                                   : loaded 2 times (x 139B)
Class build_3vj6i99vz7549bydt3dz7b6z1$_run_closure2                                   : loaded 2 times (x 139B)
Class build_65kcrjteq7hc3eme107bfyeen$_run_closure1                                   : loaded 2 times (x 139B)
Class com.google.protobuf.gradle.ProtobufPlugin$_apply_closure3                       : loaded 2 times (x 135B)
Class build_d5eo7lwzpuod2zp11ilnh7erc                                                 : loaded 2 times (x 172B)
Class build_ckvyah855w9iw77prgrw80pm4$_run_closure1$_closure6$_closure9               : loaded 2 times (x 139B)
Class org.jetbrains.kotlin.gradle.plugin.SubpluginEnvironment$addSubpluginOptions$compilerOptions$1: loaded 2 times (x 75B)
Class com.android.build.gradle.internal.lint.AndroidArtifactInput$getGeneratedResourceFolders$1$1: loaded 2 times (x 79B)
Class org.jetbrains.kotlin.gradle.plugin.mpp.KotlinTargetSoftwareComponentImplKt$KotlinTargetSoftwareComponent$1: loaded 2 times (x 95B)
Class org.jetbrains.kotlin.gradle.plugin.mpp.AbstractKotlinTarget$createSourcesJarAndUsageContextIfPublishable$1: loaded 2 times (x 75B)
Class com.android.build.gradle.internal.lint.ArtifactInput                            : loaded 2 times (x 90B)
Class org.jetbrains.kotlin.gradle.plugin.AndroidTestedVariantArtifactsFilter$initFilteredFiles$1: loaded 2 times (x 79B)
Class com.android.build.gradle.internal.lint.UastInputs                               : loaded 2 times (x 74B)
Class build_alo5czfvr9bgbyvoloczajhrk$_run_closure2                                   : loaded 2 times (x 139B)
Class build_ebx85kedrqbwr5ivbf60xf58v$_run_closure3                                   : loaded 2 times (x 139B)
Class build_1hgyn0xd6oo4xqllgmdn8lvh3$_run_closure1$_closure8                         : loaded 2 times (x 139B)
Class build_bk9v0ra86h2wlhrzr7nbew1ma                                                 : loaded 2 times (x 172B)
Class org.gradle.tooling.model.kotlin.dsl.KotlinDslScriptModel                        : loaded 2 times (x 70B)
Class org.jetbrains.kotlin.gradle.plugin.diagnostics.checkers.WasmSourceSetsNotFoundChecker$runChecks$1: loaded 2 times (x 88B)
Class org.jetbrains.kotlin.konan.target.KonanTarget$IOS_SIMULATOR_ARM64               : loaded 2 times (x 78B)
Class org.jetbrains.kotlin.gradle.plugin.KotlinAndroidPlugin$apply$2                  : loaded 2 times (x 79B)
Class org.jetbrains.kotlin.gradle.targets.jvm.KotlinJvmCompilationWireJavaSourcesSideEffectKt: loaded 2 times (x 71B)
Class org.jetbrains.kotlin.gradle.plugin.mpp.compilationImpl.KotlinCreateCompilationArchiveTaskKt$KotlinCreateCompilationArchivesTask$1: loaded 2 times (x 74B)
Class kotlin.text.CharsKt                                                             : loaded 2 times (x 71B)
Class org.jetbrains.plugins.gradle.tooling.serialization.ProjectDependenciesSerializationService: loaded 2 times (x 77B)
Class org.jetbrains.plugins.gradle.tooling.serialization.ProjectDependenciesSerializationService$WriteContext: loaded 2 times (x 72B)
Class com.intellij.compose.ide.plugin.gradleTooling.rt.ComposeResourcesModel          : loaded 2 times (x 70B)
Class com.amazon.ion.impl.bin._Private_IonManagedBinaryWriterBuilder$AllocatorMode$1  : loaded 2 times (x 80B)
Class com.amazon.ion.Decimal                                                          : loaded 2 times (x 133B)
Class com.amazon.ion.impl.bin.AbstractSymbolTable                                     : loaded 2 times (x 107B)
Class com.amazon.ion.impl._Private_ReaderWriter                                       : loaded 2 times (x 70B)
Class com.amazon.ion.impl.lite.IonStructLite                                          : loaded 2 times (x 298B)
Class com.intellij.gradle.toolingExtension.impl.util.collectionUtil.GradleCollections : loaded 2 times (x 71B)
Class org.jetbrains.kotlin.idea.gradleTooling.KotlinGradlePluginVersion               : loaded 2 times (x 70B)
Class com.google.common.base.Optional                                                 : loaded 2 times (x 80B)
Class com.android.sdklib.repository.generated.sysimg.v3.package-info                  : loaded 2 times (x 70B)
Class com.android.sdklib.repository.generated.common.v2.IdDisplayType                 : loaded 2 times (x 83B)
Class com.sun.xml.bind.v2.model.impl.RuntimeBuiltinLeafInfoImpl$5                     : loaded 2 times (x 136B)
Class com.sun.xml.bind.v2.model.impl.GetterSetterPropertySeed                         : loaded 2 times (x 90B)
Class com.sun.xml.bind.v2.runtime.property.ArrayERProperty$ItemsLoader                : loaded 2 times (x 78B)
Class com.sun.xml.bind.v2.runtime.ElementBeanInfoImpl$1                               : loaded 2 times (x 106B)
Class com.sun.xml.bind.v2.runtime.unmarshaller.UnmarshallingContext$ExpectedTypeRootLoader: loaded 2 times (x 80B)
Class com.sun.xml.bind.v2.runtime.unmarshaller.UnmarshallingContext$State             : loaded 2 times (x 72B)
Class com.android.build.gradle.internal.ide.v2.ModelBuilder$DefaultSourceSetContainerBuilder: loaded 2 times (x 83B)
Class org.jetbrains.kotlin.build.report.metrics.BuildTimes$Companion                  : loaded 2 times (x 71B)
Class com.android.build.gradle.internal.ide.v2.ModelBuilder$inspectManifestForInstantTag$1: loaded 2 times (x 74B)
Class com.android.build.gradle.internal.ide.v2.AndroidProjectImpl                     : loaded 2 times (x 87B)
Class com.android.build.gradle.internal.tasks.R8ToolParameters_Decorated              : loaded 2 times (x 145B)
Class com.android.build.gradle.internal.profile.NoOpAnalyticsService$Inject_          : loaded 2 times (x 130B)
Class [Lcom.android.build.gradle.internal.ide.dependencies.ResolvedArtifact$DependencyType;: loaded 2 times (x 69B)
Class com.android.build.gradle.tasks.PackageAndroidArtifact$CreationAction$configure$1: loaded 2 times (x 75B)
Class com.android.build.gradle.internal.attribution.BuildAnalyzerService              : loaded 2 times (x 84B)
Class org.jetbrains.kotlin.gradle.targets.native.internal.SetupKotlinNativePlatformDependenciesAndStdlibKt$SetupKotlinNativePlatformDependenciesAndStdlib$1: loaded 2 times (x 74B)
Class org.jetbrains.kotlin.gradle.targets.js.npm.NpmDependencyExtensionDelegate       : loaded 2 times (x 167B)
Class org.jetbrains.kotlin.gradle.tasks.abi.KotlinLegacyAbiUpdateTask                 : loaded 2 times (x 315B)
Class org.gradle.tooling.model.gradle.GradleBuild                                     : loaded 2 times (x 70B)
Class org.jetbrains.kotlin.gradle.plugin.SubpluginEnvironment$configurePluginOptionsForKapt$1: loaded 2 times (x 79B)
Class org.gradle.tooling.internal.consumer.connection.NestedActionAwareBuildControllerAdapter: loaded 2 times (x 101B)
Class org.gradle.tooling.internal.consumer.versioning.VersionDetails$R51VersionDetails: loaded 2 times (x 80B)
Class org.gradle.tooling.internal.consumer.versioning.VersionDetails                  : loaded 2 times (x 80B)
Class com.android.build.gradle.internal.ide.v2.SyncIssueImpl$Companion                : loaded 2 times (x 71B)
Class [Lcom.android.build.gradle.internal.cxx.configure.NativeModelBuilderOutcome$Outcome;: loaded 2 times (x 69B)
Class com.android.ide.common.process.ProcessException                                 : loaded 2 times (x 82B)
Class org.jetbrains.kotlin.gradle.tasks.GradleCompileTaskProvider                     : loaded 2 times (x 72B)
Class javax.xml.bind.annotation.W3CDomHandler                                         : loaded 2 times (x 85B)
Class com.sun.xml.bind.v2.runtime.reflect.TransducedAccessor$IDREFTransducedAccessorImpl: loaded 2 times (x 80B)
Class com.sun.xml.bind.v2.runtime.unmarshaller.WildcardLoader                         : loaded 2 times (x 79B)
Class com.sun.xml.bind.v2.runtime.unmarshaller.XsiTypeLoader                          : loaded 2 times (x 78B)
Class com.sun.xml.bind.v2.runtime.reflect.AdaptedAccessor                             : loaded 2 times (x 85B)
Class com.sun.xml.bind.v2.model.impl.LeafInfoImpl                                     : loaded 2 times (x 102B)
Class com.android.sdklib.repository.generated.addon.v1.LibrariesType                  : loaded 2 times (x 75B)
Class com.android.sdklib.repository.AndroidSdkHandler                                 : loaded 2 times (x 72B)
Class [Lcom.android.sdklib.repository.legacy.remote.internal.DownloadCache$Strategy;  : loaded 2 times (x 69B)
Class com.android.build.gradle.internal.GradleLocalPropertiesFactory$get$propertiesContent$1: loaded 2 times (x 75B)
Class org.jetbrains.kotlin.gradle.internal.tasks.ProducesKlib                         : loaded 2 times (x 70B)
Class com.google.common.io.ByteStreams$LimitedInputStream                             : loaded 2 times (x 92B)
Class jdk.internal.jrtfs.JrtFileSystem                                                : loaded 2 times (x 102B)
Class com.intellij.gradle.toolingExtension.impl.model.projectModel.GradleExternalProjectSerializationService$ReadContext: loaded 2 times (x 73B)
Class com.intellij.gradle.toolingExtension.impl.model.dependencyModel.DependencyWriteContext: loaded 2 times (x 72B)
Class kotlin.collections.MapsKt                                                       : loaded 2 times (x 71B)
Class kotlin.coroutines.intrinsics.CoroutineSingletons                                : loaded 2 times (x 79B)
Class kotlin.collections.CollectionsKt__IterablesKt                                   : loaded 2 times (x 71B)
Class build_alsmf1mgbrpjpxf67f2ibo2a2                                                 : loaded 2 times (x 172B)
Class build_6d1fdfbqo2cljg2izpb6bs6hb$_run_closure3                                   : loaded 2 times (x 139B)
Class build_a2j7rkulzo52kpnaoaf05dms3$_run_closure2                                   : loaded 2 times (x 139B)
Class build_3vj6i99vz7549bydt3dz7b6z1$_run_closure3                                   : loaded 2 times (x 139B)
Class build_65kcrjteq7hc3eme107bfyeen$_run_closure2                                   : loaded 2 times (x 139B)
Class com.android.build.gradle.internal.api.LibraryVariantImpl_Decorated$hasProperty  : loaded 2 times (x 152B)
Class com.google.protobuf.gradle.ProtobufExtension$GenerateProtoTaskCollection$_ofBuildType_closure3: loaded 2 times (x 136B)
Class org.jetbrains.kotlin.gradle.plugin.sources.KotlinDependencyScope$Companion      : loaded 2 times (x 71B)
Class com.android.build.gradle.internal.AndroidTestTaskManager$createConnectedTestForVariant$2: loaded 2 times (x 75B)
Class build_alo5czfvr9bgbyvoloczajhrk$_run_closure1                                   : loaded 2 times (x 139B)
Class build_ebx85kedrqbwr5ivbf60xf58v$_run_closure2                                   : loaded 2 times (x 139B)
Class build_1hgyn0xd6oo4xqllgmdn8lvh3$_run_closure1$_closure7                         : loaded 2 times (x 139B)
Class org.jetbrains.kotlin.gradle.plugin.KotlinPluginLifecycleKt$launchInStage$1      : loaded 2 times (x 95B)
Class org.jetbrains.kotlin.gradle.utils.ObjectCollectionExtKt$sam$org_gradle_api_Action$0: loaded 2 times (x 75B)
Class org.jetbrains.kotlin.gradle.targets.NativeForwardImplementationToApiElementsSideEffectKt: loaded 2 times (x 71B)
Class build_ay3gj9n4izvpq7evo2m6iquhi$_run_closure1$_closure7$_closure11              : loaded 2 times (x 139B)
Class kotlin.reflect.KCallable                                                        : loaded 2 times (x 70B)
Class org.jetbrains.kotlin.statistics.metrics.StringAnonymizationPolicy$RegexControlled: loaded 2 times (x 79B)
Class org.jetbrains.kotlin.statistics.ValueAnonymizer                                 : loaded 2 times (x 70B)
Class kotlin.io.FilesKt__FilePathComponentsKt                                         : loaded 2 times (x 71B)
Class kotlin.io.TerminateException                                                    : loaded 2 times (x 82B)
Class org.jetbrains.plugins.gradle.tooling.serialization.AnnotationProcessingModelSerializationService$WriteContext: loaded 2 times (x 72B)
Class com.amazon.ion.IonSymbol                                                        : loaded 2 times (x 70B)
Class com.amazon.ion.impl.bin.utf8.Poolable                                           : loaded 2 times (x 79B)
Class [Ljavax.xml.bind.annotation.XmlNsForm;                                          : loaded 2 times (x 69B)
Class com.android.repository.impl.generated.v1.CompleteType                           : loaded 2 times (x 83B)
Class com.sun.xml.bind.v2.model.runtime.RuntimeNonElement                             : loaded 2 times (x 70B)
Class com.sun.xml.bind.v2.runtime.ClassBeanInfoImpl                                   : loaded 2 times (x 92B)
Class javax.xml.bind.Marshaller                                                       : loaded 2 times (x 70B)
Class com.sun.xml.bind.v2.model.core.ErrorHandler                                     : loaded 2 times (x 70B)
Class com.sun.xml.bind.v2.model.impl.RuntimeBuiltinLeafInfoImpl$4                     : loaded 2 times (x 136B)
Class com.sun.xml.bind.v2.model.runtime.RuntimeAttributePropertyInfo                  : loaded 2 times (x 70B)
Class org.jetbrains.kotlin.gradle.tasks.DefaultKotlinJavaToolchain_Decorated          : loaded 2 times (x 122B)
Class com.android.build.gradle.internal.ide.v2.JavaCompileOptionsImpl                 : loaded 2 times (x 78B)
Class com.android.build.gradle.internal.tasks.ExpandArtProfileWildcardsTask$ExpandL8ArtProfileCreationAction$handleProvider$1: loaded 2 times (x 127B)
Class com.android.build.gradle.internal.scope.InternalArtifactType$LINT_INTERMEDIATE_TEXT_REPORT: loaded 2 times (x 74B)
Class org.jetbrains.kotlin.gradle.plugin.KotlinGradlePluginExtensionPointInternalKt   : loaded 2 times (x 71B)
Class org.jetbrains.kotlin.gradle.dsl.KotlinJvmProjectExtension                       : loaded 2 times (x 147B)
Class org.jetbrains.kotlin.gradle.plugin.mpp.compilationImpl.KotlinCreateSourcesJarTaskSideEffectKt: loaded 2 times (x 71B)
Class org.jetbrains.kotlin.gradle.tasks.abi.KotlinLegacyAbiCheckTaskImpl              : loaded 2 times (x 327B)
Class org.jetbrains.kotlin.gradle.plugin.KotlinCompilationInfo$TCS                    : loaded 2 times (x 89B)
Class org.jetbrains.kotlin.gradle.plugin.mpp.KotlinJsCompilation                      : loaded 2 times (x 203B)
Class com.android.build.gradle.internal.tasks.databinding.DataBindingGenBaseClassesTask$CreationAction: loaded 2 times (x 90B)
Class com.android.build.gradle.internal.lint.UastInputs$initializeFromKotlinCompileTask$1: loaded 2 times (x 75B)
Class com.android.build.gradle.internal.ide.dependencies.AdditionalArtifacts          : loaded 2 times (x 72B)
Class com.google.protobuf.gradle.internal.ProjectExt                                  : loaded 2 times (x 85B)
Class org.jetbrains.kotlin.gradle.internal.build.SourcesUtilsKt                       : loaded 2 times (x 71B)
Class javax.xml.bind.ValidationEventLocator                                           : loaded 2 times (x 70B)
Class com.sun.xml.bind.v2.runtime.ElementBeanInfoImpl$IntercepterLoader               : loaded 2 times (x 81B)
Class com.android.sdklib.repository.generated.repository.v2.PlatformDetailsType       : loaded 2 times (x 120B)
Class [Lcom.sun.xml.bind.v2.model.impl.PropertyInfoImpl;                              : loaded 2 times (x 69B)
Class com.sun.xml.bind.v2.model.annotation.XmlElementDeclQuick                        : loaded 2 times (x 96B)
Class com.android.repository.impl.generated.v2.ChannelRefType                         : loaded 2 times (x 77B)
Class com.android.build.gradle.internal.SdkComponentsBuildService$VersionedSdkLoader$emulatorDirectoryProvider$1: loaded 2 times (x 75B)
Class com.android.repository.impl.downloader.LocalFileAwareDownloader                 : loaded 2 times (x 84B)
Class kotlinx.coroutines.internal.LockFreeTaskQueueCore$Companion                     : loaded 2 times (x 71B)
Class org.objectweb.asm.tree.InvokeDynamicInsnNode                                    : loaded 2 times (x 78B)
Class jdk.internal.jimage.decompressor.CompressedResourceHeader                       : loaded 2 times (x 71B)
Class org.jetbrains.plugins.gradle.model.GradleConfiguration                          : loaded 2 times (x 70B)
Class com.amazon.ion.impl.bin.utf8.Utf8StringEncoderPool                              : loaded 2 times (x 74B)
Class com.amazon.ion.impl._Private_IonSystem                                          : loaded 2 times (x 70B)
Class com.amazon.ion.BufferConfiguration$OversizedValueHandler                        : loaded 2 times (x 70B)
Class kotlin.ranges.OpenEndRange                                                      : loaded 2 times (x 70B)
Class kotlin.sequences.SequenceBuilderIterator                                        : loaded 2 times (x 85B)
Class kotlin.KotlinNullPointerException                                               : loaded 2 times (x 83B)
Class build_a2j7rkulzo52kpnaoaf05dms3$_run_closure3                                   : loaded 2 times (x 139B)
Class build_4ap2chnvuy75290r6gne9r739                                                 : loaded 2 times (x 172B)
Class build_9fqrxezi900td8yr8aar060ds$_run_closure1$_closure3                         : loaded 2 times (x 139B)
Class com.google.protobuf.gradle.ProtobufPlugin$_setupExtractIncludeProtosTask_closure23: loaded 2 times (x 136B)
Class build_d1blq9flsspetkapp5062l9ai$_run_closure1$_closure6$_closure10              : loaded 2 times (x 139B)
Class build_ebx85kedrqbwr5ivbf60xf58v$_run_closure1                                   : loaded 2 times (x 139B)
Class build_1hgyn0xd6oo4xqllgmdn8lvh3$_run_closure1$_closure6                         : loaded 2 times (x 139B)
Class build_6sr828pljhmgr29mbhobe64n5$_run_closure1$_closure4$_closure9               : loaded 2 times (x 139B)
Class kotlin.collections.CollectionsKt__MutableCollectionsKt                          : loaded 2 times (x 71B)
Class com.android.build.gradle.internal.dsl.LibrarySingleVariantImpl$AgpDecorated_Decorated: loaded 2 times (x 132B)
Class com.amazon.ion.facet.Faceted                                                    : loaded 2 times (x 70B)
Class org.jetbrains.plugins.gradle.tooling.serialization.ToolingStreamApiUtils        : loaded 2 times (x 71B)
Class com.android.build.gradle.internal.api.ReadOnlyBuildType                         : loaded 2 times (x 138B)
Class com.amazon.ion.system.IonWriterBuilder                                          : loaded 2 times (x 74B)
Class com.amazon.ion.IonBufferConfiguration$OversizedSymbolTableHandler               : loaded 2 times (x 70B)
Class com.amazon.ion.impl.lite.IonContainerLite                                       : loaded 2 times (x 248B)
Class org.jetbrains.kotlin.gradle.targets.native.internal.CommonizerTasksKt           : loaded 2 times (x 71B)
Class [Lorg.jetbrains.kotlin.gradle.targets.js.npm.NpmDependency$Scope;               : loaded 2 times (x 69B)
Class kotlinx.coroutines.scheduling.GlobalQueue                                       : loaded 2 times (x 72B)
Class org.jetbrains.kotlin.gradle.targets.CreateNonPackedKlibVariantsSideEffectKt$CreateNonPackedKlibVariantsSideEffect$1: loaded 2 times (x 74B)
Class com.android.sdklib.OptionalLibrary                                              : loaded 2 times (x 70B)
Class com.android.sdklib.repository.AndroidSdkHandler$InstanceProvider                : loaded 2 times (x 70B)
Class org.jetbrains.kotlin.gradle.plugin.PropertiesProvider$preciseCompilationResultsBackup$1: loaded 2 times (x 79B)
Class com.android.repository.impl.generated.v2.DependenciesType                       : loaded 2 times (x 75B)
Class com.sun.xml.bind.v2.model.core.BuiltinLeafInfo                                  : loaded 2 times (x 70B)
Class com.android.build.gradle.internal.scope.InternalArtifactType$LINT_VITAL_INTERMEDIATE_TEXT_REPORT: loaded 2 times (x 74B)
Class com.sun.xml.bind.v2.model.impl.RuntimeBuiltinLeafInfoImpl$3                     : loaded 2 times (x 136B)
Class com.sun.xml.bind.v2.runtime.Name                                                : loaded 2 times (x 75B)
Class com.android.builder.dexing.PartialShrinking                                     : loaded 2 times (x 70B)
Class com.android.build.gradle.internal.dsl.LintOptions_Decorated                     : loaded 2 times (x 268B)
Class org.jetbrains.kotlin.gradle.plugin.mpp.compilationImpl.KotlinCompilationProcessorSideEffectKt: loaded 2 times (x 71B)
Class org.jetbrains.kotlin.gradle.plugin.diagnostics.checkers.KotlinTargetAlreadyDeclaredChecker: loaded 2 times (x 74B)
Class org.jetbrains.kotlin.gradle.plugin.diagnostics.checkers.OverriddenKotlinNativeHomeChecker$StdlibExistenceCheckerValueSource$Inject_: loaded 2 times (x 109B)
Class org.jetbrains.kotlin.compose.compiler.gradle.model.builder.ComposeCompilerModelBuilder: loaded 2 times (x 75B)
Class org.jetbrains.kotlin.gradle.plugin.KotlinCompilationWithResources               : loaded 2 times (x 70B)
Class org.jetbrains.kotlin.gradle.plugin.abi.AbiValidationTaskSet$setClasspath$2      : loaded 2 times (x 75B)
Class com.android.build.gradle.internal.coverage.JacocoReportTask$CreateActionHostTest: loaded 2 times (x 92B)
Class com.android.build.gradle.internal.DependencyConfigurator$configureJacocoTransforms$jacocoTransformParametersConfig$1: loaded 2 times (x 79B)
Class com.android.build.gradle.internal.lint.VariantInputs$initialize$8$1             : loaded 2 times (x 79B)
Class build_83uyxmgoc8f1expj6z3p5hcyh                                                 : loaded 2 times (x 172B)
Class build_6d1fdfbqo2cljg2izpb6bs6hb                                                 : loaded 2 times (x 172B)
Class build_eduhyel8b2lf2adh9y8447ow3$_run_closure1$_closure6$_closure9               : loaded 2 times (x 139B)
Class build_1hgyn0xd6oo4xqllgmdn8lvh3$_run_closure1$_closure5                         : loaded 2 times (x 139B)
Class kotlin.Pair                                                                     : loaded 2 times (x 72B)
Class kotlin.sequences.TransformingSequence$iterator$1                                : loaded 2 times (x 79B)
Class com.android.ide.gradle.model.GradlePropertiesModel                              : loaded 2 times (x 70B)
Class com.amazon.ion.impl.bin._Private_IonManagedWriter                               : loaded 2 times (x 70B)
Class com.amazon.ion.impl.bin.Symbols$2                                               : loaded 2 times (x 107B)
Class com.amazon.ion.impl.IonWriterSystem                                             : loaded 2 times (x 171B)
Class jdk.internal.jrtfs.JrtFileSystemProvider                                        : loaded 2 times (x 101B)
Class org.objectweb.asm.tree.AnnotationNode                                           : loaded 2 times (x 80B)
Class com.android.build.gradle.internal.SdkComponentsBuildService$VersionedSdkLoader$buildToolInfoProvider$1: loaded 2 times (x 75B)
Class com.sun.xml.bind.v2.util.QNameMap$Entry                                         : loaded 2 times (x 72B)
Class com.sun.xml.bind.v2.model.impl.RuntimeBuiltinLeafInfoImpl$2                     : loaded 2 times (x 136B)
Class javax.xml.bind.annotation.XmlElementDecl$GLOBAL                                 : loaded 2 times (x 71B)
Class com.android.sdklib.repository.generated.sysimg.v1.SysImgDetailsType             : loaded 2 times (x 139B)
Class com.sun.xml.bind.v2.runtime.property.ArrayERProperty                            : loaded 2 times (x 104B)
Class com.sun.xml.bind.v2.runtime.CompositeStructureBeanInfo                          : loaded 2 times (x 98B)
Class com.android.build.gradle.internal.ide.v2.ProjectInfoImpl$toKeyComponent$$inlined$sortedBy$1: loaded 2 times (x 89B)
Class com.android.build.gradle.internal.SdkDirectLoadingStrategy$DirectLoadComponents : loaded 2 times (x 72B)
Class org.jetbrains.kotlin.gradle.tasks.DefaultKotlinJavaToolchain$javaExecutable$1   : loaded 2 times (x 75B)
Class org.jetbrains.kotlin.build.report.metrics.BuildAttribute                        : loaded 2 times (x 79B)
Class com.android.build.gradle.tasks.JavaCompileOptionsForRoom                        : loaded 2 times (x 75B)
Class org.jetbrains.kotlin.gradle.plugin.KotlinCompilerArgumentsProducer$CreateCompilerArgumentsContext: loaded 2 times (x 70B)
Class com.sun.xml.bind.v2.runtime.property.SingleMapNodeProperty$1                    : loaded 2 times (x 78B)
Class javax.xml.bind.annotation.XmlList                                               : loaded 2 times (x 70B)
Class com.sun.xml.bind.v2.model.core.EnumLeafInfo                                     : loaded 2 times (x 70B)
Class com.android.build.gradle.internal.SupportToolsComponents                        : loaded 2 times (x 72B)
Class com.android.build.gradle.internal.PlatformToolsComponents                       : loaded 2 times (x 72B)
Class [Lcom.android.build.gradle.internal.SdkLocator$PropertyLocation;                : loaded 2 times (x 69B)
Class com.android.repository.io.FileOpUtils                                           : loaded 2 times (x 71B)
Class com.google.common.collect.AbstractIterator$State                                : loaded 2 times (x 79B)
Class com.amazon.ion.IonDecimal                                                       : loaded 2 times (x 70B)
Class org.jetbrains.plugins.gradle.model.tests.ExternalTestsModel                     : loaded 2 times (x 70B)
Class kotlin.ranges.RangesKt___RangesKt                                               : loaded 2 times (x 71B)
Class org.gradle.tooling.model.idea.IdeaLanguageLevel                                 : loaded 2 times (x 70B)
Class build_b34an7tfzh7wo5vngfmr36czm                                                 : loaded 2 times (x 172B)
Class build_4ap2chnvuy75290r6gne9r739$_run_closure1                                   : loaded 2 times (x 139B)
Class build_9fqrxezi900td8yr8aar060ds$_run_closure1$_closure4                         : loaded 2 times (x 139B)
Class com.google.gradle.osdetector.OsDetector$Impl                                    : loaded 2 times (x 75B)
Class org.jetbrains.kotlin.gradle.tasks.DefaultKotlinJavaToolchain$DefaultJavaToolchainSetter$useAsConvention$1: loaded 2 times (x 75B)
Class [Lcom.android.builder.dexing.R8OutputType;                                      : loaded 2 times (x 69B)
Class com.android.build.gradle.internal.ide.dependencies.ArtifactCollectionsInputs    : loaded 2 times (x 70B)
Class com.android.build.gradle.internal.lint.SourceProviderInput                      : loaded 2 times (x 87B)
Class com.android.build.gradle.internal.lint.LintModelWriterTask_Decorated            : loaded 2 times (x 377B)
Class org.jetbrains.kotlin.gradle.tasks.abi.KotlinLegacyAbiDumpTaskImpl$Companion     : loaded 2 times (x 71B)
Class org.jetbrains.kotlin.gradle.dsl.abi.AbiFiltersSpec                              : loaded 2 times (x 70B)
Class org.jetbrains.kotlin.gradle.plugin.sources.android.KotlinAndroidSourceSetInfo$Mutable: loaded 2 times (x 76B)
Class [Lorg.jetbrains.kotlin.gradle.plugin.sources.android.checker.KotlinAndroidSourceSetLayoutChecker;: loaded 2 times (x 69B)
Class com.google.android.gms.dependencies.DependencyInspector                         : loaded 2 times (x 78B)
Class com.android.build.gradle.internal.tasks.AndroidReportTask$CreationAction        : loaded 2 times (x 91B)
Class org.jetbrains.kotlin.gradle.plugin.statistics.KotlinBuildStatsLoggerService$Companion: loaded 2 times (x 71B)
Class com.android.build.gradle.internal.VariantTaskManager$createAnchorAssembleTasks$1: loaded 2 times (x 75B)
Class org.jetbrains.kotlin.gradle.plugin.diagnostics.checkers.AndroidSourceSetLayoutV1SourceSetsNotFoundChecker$androidSourceSetRegex$2: loaded 2 times (x 78B)
Class org.jetbrains.kotlin.gradle.plugin.diagnostics.checkers.WasmSourceSetsNotFoundChecker: loaded 2 times (x 74B)
Class [Lorg.jetbrains.kotlin.konan.target.KonanTarget;                                : loaded 2 times (x 69B)
Class org.jetbrains.kotlin.gradle.plugin.hierarchy.KotlinSourceSetTreeClassifierKt$classify$1: loaded 2 times (x 88B)
Class org.jetbrains.kotlin.gradle.plugin.abi.AbiValidationTaskSet$setClasspath$1      : loaded 2 times (x 75B)
Class org.jetbrains.kotlin.gradle.utils.GradleAttributesContainerUtilsKt$copyAttributeTo$1: loaded 2 times (x 79B)
Class com.android.build.gradle.internal.TaskManager$handleJacocoDependencies$1        : loaded 2 times (x 75B)
Class com.android.tools.lint.model.LintModelModuleType                                : loaded 2 times (x 79B)
Class build_ckvyah855w9iw77prgrw80pm4$_run_closure1$_closure8                         : loaded 2 times (x 139B)
Class com.google.protobuf.gradle.ProtobufPlugin$_addTasksForVariant_closure19$_closure34: loaded 2 times (x 136B)
Class com.android.build.api.variant.FilterConfiguration$FilterType                    : loaded 2 times (x 79B)
Class build_8phhmjghmh1urzp8ufghhdsk8$_run_closure3                                   : loaded 2 times (x 139B)
Class build_1hgyn0xd6oo4xqllgmdn8lvh3$_run_closure1$_closure4                         : loaded 2 times (x 139B)
Class build_ev89muu4mh3fi42ia3b1j8nq4$_run_closure3                                   : loaded 2 times (x 139B)
Class org.gradle.internal.service.ServiceLocator                                      : loaded 2 times (x 70B)
Class kotlin.Result                                                                   : loaded 2 times (x 72B)
Class org.jetbrains.plugins.gradle.model.IntelliJSettings                             : loaded 2 times (x 70B)
Class org.jetbrains.kotlin.idea.gradleTooling.KotlinSourceSetContainer                : loaded 2 times (x 70B)
Class [Lorg.objectweb.asm.Attribute;                                                  : loaded 2 times (x 69B)
Class kotlinx.coroutines.BuildersKt__BuildersKt                                       : loaded 2 times (x 71B)
Class kotlinx.coroutines.scheduling.NanoTimeSource                                    : loaded 2 times (x 72B)
Class kotlinx.coroutines.internal.ThreadState                                         : loaded 2 times (x 72B)
Class com.android.build.gradle.internal.utils.ConsoleProgressIndicatorFactory$isTerminalSmart$2$1: loaded 2 times (x 74B)
Class com.sun.xml.bind.v2.model.impl.RuntimeBuiltinLeafInfoImpl$1                     : loaded 2 times (x 76B)
Class com.android.sdklib.repository.generated.common.v1.ApiDetailsType                : loaded 2 times (x 107B)
Class com.sun.xml.bind.v2.model.impl.ERPropertyInfoImpl                               : loaded 2 times (x 108B)
Class com.sun.xml.bind.v2.model.impl.ElementPropertyInfoImpl$1                        : loaded 2 times (x 200B)
Class javax.xml.bind.annotation.adapters.XmlJavaTypeAdapter$DEFAULT                   : loaded 2 times (x 71B)
Class com.sun.xml.bind.v2.runtime.property.ArrayElementLeafProperty                   : loaded 2 times (x 105B)
Class com.android.build.gradle.internal.ide.v2.SourceSetContainerImpl$Companion       : loaded 2 times (x 71B)
Class [Lorg.jetbrains.kotlin.build.report.metrics.BuildAttribute;                     : loaded 2 times (x 69B)
Class com.android.build.gradle.internal.testFixtures.TestFixturesUtil                 : loaded 2 times (x 71B)
Class org.gradle.tooling.internal.consumer.connection.ParameterAwareBuildControllerAdapter: loaded 2 times (x 101B)
Class com.android.build.gradle.internal.tasks.L8DexDesugarLibTask$CreationAction$handleProvider$4: loaded 2 times (x 127B)
Class org.jetbrains.kotlin.gradle.plugin.StatisticsBuildFlowManager$subscribeForBuildResultAndConfigurationTimeMetrics$1$1: loaded 2 times (x 74B)
Class org.jetbrains.kotlin.gradle.plugin.diagnostics.checkers.OverriddenKotlinNativeHomeChecker$StdlibExistenceCheckerValueSource: loaded 2 times (x 78B)
Class org.jetbrains.kotlin.gradle.plugin.hierarchy.KotlinSourceSetTreeClassifier$Default: loaded 2 times (x 71B)
Class org.jetbrains.kotlin.gradle.plugin.mpp.publishing.PublishingKt$kotlinMultiplatformRootPublicationImpl$2: loaded 2 times (x 78B)
Class com.android.build.gradle.internal.tasks.databinding.DataBindingMergeDependencyArtifactsTask$CreationAction$handleProvider$1: loaded 2 times (x 127B)
Class com.android.build.gradle.internal.lint.AndroidLintAnalysisTask_Decorated        : loaded 2 times (x 399B)
Class com.android.build.gradle.internal.component.TestVariantCreationConfig           : loaded 2 times (x 70B)
Class org.jetbrains.kotlin.gradle.tasks.internal.KotlinJvmOptionsCompat               : loaded 2 times (x 101B)
Class com.android.build.gradle.internal.lint.SystemPropertyInputs_Decorated           : loaded 2 times (x 149B)
Class com.android.sdklib.repository.targets.PlatformTarget                            : loaded 2 times (x 129B)
Class javax.xml.bind.helpers.AbstractUnmarshallerImpl                                 : loaded 2 times (x 130B)
Class com.sun.xml.bind.v2.runtime.property.SingleMapNodeProperty$2                    : loaded 2 times (x 78B)
Class com.android.repository.impl.meta.Archive$PatchType                              : loaded 2 times (x 81B)
Class com.sun.xml.bind.v2.model.core.ValuePropertyInfo                                : loaded 2 times (x 70B)
Class com.sun.xml.bind.v2.runtime.RuntimeUtil                                         : loaded 2 times (x 71B)
Class com.android.sdklib.repository.meta.DetailsTypes$SysImgDetailsType               : loaded 2 times (x 70B)
Class com.android.build.gradle.internal.utils.ConsoleProgressIndicatorFactory$create$1: loaded 2 times (x 108B)
Class com.google.common.hash.PrimitiveSink                                            : loaded 2 times (x 70B)
Class org.jetbrains.plugins.gradle.model.tests.ExternalTestSourceMapping              : loaded 2 times (x 70B)
Class com.amazon.ion.impl.bin.IonRawBinaryWriter$StreamCloseMode                      : loaded 2 times (x 79B)
Class com.amazon.ion.impl._Private_IonBinaryWriterBuilder$Mutable                     : loaded 2 times (x 115B)
Class com.intellij.gradle.toolingExtension.impl.model.projectModel.GradleExternalProjectSerializationService: loaded 2 times (x 77B)
Class kotlin.text.CharsKt__CharKt                                                     : loaded 2 times (x 71B)
Class kotlin.collections.ArrayDeque$Companion                                         : loaded 2 times (x 71B)
Class kotlin.collections.ArraysKt                                                     : loaded 2 times (x 71B)
Class build_6kbhpc9qtdsduhdrvvm7rvj6i                                                 : loaded 2 times (x 172B)
Class build_4ap2chnvuy75290r6gne9r739$_run_closure2                                   : loaded 2 times (x 139B)
Class build_9fqrxezi900td8yr8aar060ds$_run_closure1$_closure5                         : loaded 2 times (x 139B)
Class build_bf3qlynozrepzy52g1whshzme$_run_closure1$_closure3                         : loaded 2 times (x 139B)
Class build_ckvyah855w9iw77prgrw80pm4$_run_closure1$_closure7                         : loaded 2 times (x 139B)
Class build_83uyxmgoc8f1expj6z3p5hcyh$_run_closure2                                   : loaded 2 times (x 139B)
Class com.google.protobuf.gradle.ProtobufExtract                                      : loaded 2 times (x 330B)
Class build_9fqrxezi900td8yr8aar060ds$_run_closure2                                   : loaded 2 times (x 139B)
Class build_8phhmjghmh1urzp8ufghhdsk8$_run_closure2                                   : loaded 2 times (x 139B)
Class [Lorg.jetbrains.kotlin.gradle.dsl.PlatformSourceSetConventionsChecker$CheckedPlatformInfo;: loaded 2 times (x 69B)
Class org.jetbrains.kotlin.gradle.plugin.diagnostics.KotlinGradleProjectCheckerContext: loaded 2 times (x 72B)
Class org.jetbrains.kotlin.gradle.plugin.sources.android.configurator.MultiplatformLayoutV2DependsOnConfigurator: loaded 2 times (x 75B)
Class org.jetbrains.kotlin.gradle.plugin.diagnostics.checkers.DuplicateSourceSetChecker: loaded 2 times (x 74B)
Class org.jetbrains.kotlin.gradle.plugin.diagnostics.ToolingDiagnosticFactory         : loaded 2 times (x 73B)
Class org.jetbrains.kotlin.gradle.targets.KotlinTargetSideEffect                      : loaded 2 times (x 70B)
Class build_66q2uwacybia9235i4lc43pwz$_run_closure1$_closure9                         : loaded 2 times (x 139B)
Class org.jetbrains.kotlin.statistics.metrics.NumericalMetrics$Companion              : loaded 2 times (x 71B)
Class [Lorg.jetbrains.kotlin.statistics.metrics.NumberAnonymizationPolicy;            : loaded 2 times (x 69B)
Class org.jetbrains.kotlin.statistics.metrics.NumberOverridePolicy$OVERRIDE           : loaded 2 times (x 85B)
Class build_6d1fdfbqo2cljg2izpb6bs6hb$_run_closure1$_closure4$_closure5               : loaded 2 times (x 139B)
Class build_ev89muu4mh3fi42ia3b1j8nq4$_run_closure2                                   : loaded 2 times (x 139B)
Class com.android.build.gradle.internal.VariantTaskManager$createAnchorAssembleTasks$2: loaded 2 times (x 75B)
Class kotlin.collections.CollectionsKt__IteratorsJVMKt                                : loaded 2 times (x 71B)
Class kotlin.comparisons.ComparisonsKt___ComparisonsJvmKt                             : loaded 2 times (x 71B)
Class com.amazon.ion.impl._Private_IonTextWriterBuilder$Mutable                       : loaded 2 times (x 102B)
Class com.amazon.ion.impl.bin.IonRawBinaryWriter$ContainerType                        : loaded 2 times (x 79B)
Class jdk.internal.jrtfs.SystemImage$2                                                : loaded 2 times (x 76B)
Class kotlinx.coroutines.scheduling.CoroutineScheduler$Companion                      : loaded 2 times (x 71B)
Class com.android.sdklib.repository.generated.addon.v2.package-info                   : loaded 2 times (x 70B)
Class com.android.repository.api.License                                              : loaded 2 times (x 85B)
Class com.sun.xml.bind.v2.model.annotation.LocatableAnnotation                        : loaded 2 times (x 85B)
Class com.sun.xml.bind.v2.runtime.property.AttributeProperty                          : loaded 2 times (x 105B)
Class com.google.android.gms.StrictVersionMatcherPlugin                               : loaded 2 times (x 76B)
Class com.sun.xml.bind.v2.runtime.reflect.NullSafeAccessor                            : loaded 2 times (x 85B)
Class com.sun.xml.bind.v2.runtime.reflect.PrimitiveArrayListerShort                   : loaded 2 times (x 76B)
Class org.jetbrains.kotlin.gradle.tasks.AbstractKotlinCompileTool$sources$1           : loaded 2 times (x 79B)
Class com.android.build.gradle.internal.ide.v2.VariantImpl$Companion                  : loaded 2 times (x 71B)
Class com.android.build.gradle.internal.feature.BundleAllClasses_Decorated            : loaded 2 times (x 377B)
Class org.gradle.tooling.internal.consumer.converters.IdeaProjectJavaLanguageSettingsMixin: loaded 2 times (x 73B)
Class com.android.build.gradle.internal.variant.FlavorCombinationBuilder              : loaded 2 times (x 72B)
Class com.android.build.gradle.internal.tasks.L8DexDesugarLibTask$CreationAction$handleProvider$3: loaded 2 times (x 127B)
Class com.android.build.gradle.internal.tasks.SdkDependencyDataGeneratorTask$CreationAction$handleProvider$2: loaded 2 times (x 127B)
Class org.jetbrains.kotlin.gradle.targets.jvm.KotlinJvmTargetTestFixturesSideEffectKt : loaded 2 times (x 71B)
Class org.jetbrains.kotlin.gradle.plugin.mpp.compilationImpl.KotlinCreateResourcesTaskSideEffectKt$KotlinCreateResourcesTaskSideEffect$1: loaded 2 times (x 74B)
Class [Lorg.jetbrains.kotlin.gradle.plugin.diagnostics.checkers.GradleDeprecatedPropertyChecker$DeprecatedProperty;: loaded 2 times (x 69B)
Class org.jetbrains.kotlin.gradle.plugin.KotlinPluginLifecycle$Stage                  : loaded 2 times (x 79B)
Class org.jetbrains.kotlin.gradle.plugin.AbstractKotlinPlugin$Companion               : loaded 2 times (x 71B)
Class org.jetbrains.kotlin.gradle.plugin.sources.android.checker.MultiplatformLayoutV2MultiplatformLayoutV1StyleSourceDirUsageChecker: loaded 2 times (x 75B)
Class org.jetbrains.kotlin.gradle.plugin.diagnostics.checkers.OverriddenKotlinNativeHomeChecker$allKonanMainSubdirectoriesExist$1: loaded 2 times (x 75B)
Class org.jetbrains.kotlin.gradle.plugin.AndroidProjectHandler$preprocessVariant$2$1  : loaded 2 times (x 78B)
Class build_ckvyah855w9iw77prgrw80pm4$_run_closure1$_closure6                         : loaded 2 times (x 139B)
Class build_83uyxmgoc8f1expj6z3p5hcyh$_run_closure1                                   : loaded 2 times (x 139B)
Class build_9fqrxezi900td8yr8aar060ds$_run_closure1                                   : loaded 2 times (x 139B)
Class build_ebx85kedrqbwr5ivbf60xf58v$_run_closure1$_closure4                         : loaded 2 times (x 139B)
Class build_8phhmjghmh1urzp8ufghhdsk8$_run_closure1                                   : loaded 2 times (x 139B)
Class build_66q2uwacybia9235i4lc43pwz$_run_closure1$_closure8                         : loaded 2 times (x 139B)
Class com.android.build.gradle.internal.ide.v2.ConvertersKt$convertBuildConfig$1      : loaded 2 times (x 78B)
Class build_7emjr1vw4u1n62mzt2v8ox26f$_run_closure1$_closure6$_closure8               : loaded 2 times (x 139B)
Class org.jetbrains.kotlin.compilerRunner.GradleCompilerRunner$Companion              : loaded 2 times (x 71B)
Class com.sun.xml.bind.v2.runtime.unmarshaller.ChildLoader                            : loaded 2 times (x 72B)
Class javax.xml.bind.JAXBElement$GlobalScope                                          : loaded 2 times (x 71B)
Class com.sun.xml.bind.v2.runtime.property.ValueProperty                              : loaded 2 times (x 102B)
Class javax.xml.bind.annotation.XmlSchemaTypes                                        : loaded 2 times (x 70B)
Class javax.xml.bind.annotation.XmlIDREF                                              : loaded 2 times (x 70B)
Class com.android.sdklib.repository.generated.repository.v1.SourceDetailsType         : loaded 2 times (x 114B)
Class javax.xml.bind.annotation.XmlElement                                            : loaded 2 times (x 70B)
Class com.sun.xml.bind.v2.model.runtime.RuntimeLeafInfo                               : loaded 2 times (x 70B)
Class com.android.repository.impl.meta.RepoPackageImpl$UsesLicense                    : loaded 2 times (x 73B)
Class build_ev89muu4mh3fi42ia3b1j8nq4$_run_closure1                                   : loaded 2 times (x 139B)
Class com.google.common.io.CharSink                                                   : loaded 2 times (x 79B)
Class com.amazon.ion.impl.bin.IonRawBinaryWriter$PatchPoint                           : loaded 2 times (x 73B)
Class com.amazon.ion.IonBlob                                                          : loaded 2 times (x 70B)
Class com.amazon.ion.IonLob                                                           : loaded 2 times (x 70B)
Class com.amazon.ion.IonSequence                                                      : loaded 2 times (x 70B)
Class org.jetbrains.plugins.gradle.tooling.serialization.ExternalTestsSerializationService: loaded 2 times (x 77B)
Class kotlin.collections.SetsKt__SetsKt                                               : loaded 2 times (x 71B)
Class kotlin.coroutines.EmptyCoroutineContext                                         : loaded 2 times (x 77B)
Class build_1hgyn0xd6oo4xqllgmdn8lvh3$_run_closure1                                   : loaded 2 times (x 139B)
Class build_5wv5whvxheiikwkqulu34phck$_run_closure1$_closure5$_closure6               : loaded 2 times (x 139B)
Class build_9fqrxezi900td8yr8aar060ds$_run_closure1$_closure6                         : loaded 2 times (x 139B)
Class build_bf3qlynozrepzy52g1whshzme$_run_closure1$_closure4                         : loaded 2 times (x 139B)
Class build_bf3qlynozrepzy52g1whshzme$_run_closure1                                   : loaded 2 times (x 139B)
Class com.android.build.gradle.internal.services.LintParallelBuildService$Companion   : loaded 2 times (x 71B)
Class com.android.build.gradle.internal.lint.VariantInputs$initialize$4               : loaded 2 times (x 78B)
Class com.android.build.gradle.internal.lint.SdkVersionInput                          : loaded 2 times (x 73B)
Class [Lcom.android.tools.lint.model.LintModelModuleType;                             : loaded 2 times (x 69B)
Class kotlin.enums.EnumEntriesList                                                    : loaded 2 times (x 223B)
Class com.android.build.gradle.internal.tasks.JacocoTask$CreationAction               : loaded 2 times (x 90B)
Class kotlin.jvm.internal.FunctionBase                                                : loaded 2 times (x 70B)
Class [Lkotlin.coroutines.intrinsics.CoroutineSingletons;                             : loaded 2 times (x 69B)
Class kotlin.jvm.internal.FunctionReference                                           : loaded 2 times (x 122B)
Class com.amazon.ion.IonValue                                                         : loaded 2 times (x 70B)
Class jdk.internal.jrtfs.SystemImage$1                                                : loaded 2 times (x 78B)
Class kotlinx.coroutines.DisposableHandle                                             : loaded 2 times (x 70B)
Class org.jetbrains.kotlin.gradle.internal.properties.PropertiesBuildService$property$2: loaded 2 times (x 79B)
Class org.jetbrains.kotlin.gradle.utils.ForEachAndroidVariantKt$sam$org_gradle_api_Action$0: loaded 2 times (x 75B)
Class org.jetbrains.kotlin.gradle.internal.KotlinDependenciesManagementKt             : loaded 2 times (x 71B)
Class com.android.build.gradle.internal.utils.ConsoleProgressIndicatorFactory         : loaded 2 times (x 72B)
Class com.android.build.gradle.internal.SdkLocator$SdkLocationSource$LOCAL_SDK_DIR    : loaded 2 times (x 80B)
Class org.jetbrains.kotlin.gradle.plugin.statistics.KotlinBuildStatsLoggerService     : loaded 2 times (x 72B)
Class com.android.sdklib.repository.generated.common.v2.package-info                  : loaded 2 times (x 70B)
Class com.android.repository.impl.generated.v2.ChannelType                            : loaded 2 times (x 83B)
Class com.android.build.gradle.internal.lint.LintTaskManager$createLintTasks$3$1      : loaded 2 times (x 75B)
Class com.android.build.gradle.internal.scope.InternalArtifactType$LINT_RETURN_VALUE  : loaded 2 times (x 74B)
Class com.android.repository.impl.generated.generic.v1.package-info                   : loaded 2 times (x 70B)
Class com.sun.xml.bind.v2.model.core.ArrayInfo                                        : loaded 2 times (x 70B)
Class com.sun.xml.bind.v2.runtime.unmarshaller.ProxyLoader                            : loaded 2 times (x 78B)
Class com.android.build.gradle.internal.scope.BootClasspathBuilder$computeClasspath$1$1: loaded 2 times (x 79B)
Class com.android.build.api.variant.impl.SingleOutputHandler                          : loaded 2 times (x 95B)
Class com.android.build.gradle.internal.tasks.L8DexDesugarLibTask$CreationAction$handleProvider$2: loaded 2 times (x 127B)
Class com.android.build.gradle.internal.tasks.SdkDependencyDataGeneratorTask$CreationAction$handleProvider$1: loaded 2 times (x 127B)
Class org.jetbrains.kotlin.gradle.targets.NativeForwardImplementationToApiElementsSideEffectKt$special$$inlined$KotlinTargetSideEffect$1: loaded 2 times (x 74B)
Class org.jetbrains.kotlin.gradle.plugin.AndroidProjectHandler$addAndroidUnitTestTasksAsDependenciesToAllTest$2: loaded 2 times (x 75B)
Class com.android.build.gradle.internal.api.ImmutableFlavorList                       : loaded 2 times (x 203B)
Class android.databinding.tool.util.L                                                 : loaded 2 times (x 71B)
Class com.android.build.gradle.internal.coverage.JacocoReportTask                     : loaded 2 times (x 332B)
Class build_ckvyah855w9iw77prgrw80pm4$_run_closure1$_closure5                         : loaded 2 times (x 139B)
Class com.google.protobuf.gradle.ProtobufExtension_Decorated                          : loaded 2 times (x 138B)
Class com.google.protobuf.gradle.ProtobufExtension$GenerateProtoTaskCollection$_ofFlavor_closure2: loaded 2 times (x 136B)
Class build_d1blq9flsspetkapp5062l9ai$_run_closure1$_closure4$_closure8               : loaded 2 times (x 139B)
Class build_54g6lnj77pksa32ekajrd11nd                                                 : loaded 2 times (x 172B)
Class build_54g6lnj77pksa32ekajrd11nd$_run_closure1$_closure4$_closure5$_closure6     : loaded 2 times (x 139B)
Class build_66q2uwacybia9235i4lc43pwz$_run_closure1$_closure7                         : loaded 2 times (x 139B)
Class build_6sr828pljhmgr29mbhobe64n5$_run_closure1$_closure8                         : loaded 2 times (x 139B)
Class org.gradle.internal.classloader.InstrumentingClassLoader                        : loaded 2 times (x 70B)
Class org.gradle.internal.classpath.TransformedClassPath                              : loaded 2 times (x 96B)
Class kotlin.text.Regex$Companion                                                     : loaded 2 times (x 71B)
Class org.jetbrains.plugins.gradle.model.ExternalLibraryDependency                    : loaded 2 times (x 70B)
Class org.objectweb.asm.tree.LdcInsnNode                                              : loaded 2 times (x 78B)
Class com.android.builder.model.v2.models.ndk.NativeVariant                           : loaded 2 times (x 70B)
Class org.jetbrains.kotlin.gradle.targets.native.internal.KotlinNativePlatformDependenciesKt: loaded 2 times (x 71B)
Class com.android.build.gradle.internal.SdkLocator$SdkLocationSource$INJECTED_SDK_HOME: loaded 2 times (x 80B)
Class javax.xml.bind.annotation.XmlNs                                                 : loaded 2 times (x 70B)
Class com.sun.xml.bind.v2.model.annotation.RuntimeAnnotationReader                    : loaded 2 times (x 70B)
Class com.sun.xml.bind.v2.runtime.IllegalAnnotationsException$Builder                 : loaded 2 times (x 77B)
Class com.android.sdklib.repository.generated.repository.v2.SourceDetailsType         : loaded 2 times (x 114B)
Class com.sun.xml.bind.v2.runtime.reflect.PrimitiveArrayListerInteger                 : loaded 2 times (x 76B)
Class com.android.builder.model.LintOptions$Companion                                 : loaded 2 times (x 71B)
Class com.android.build.gradle.internal.tasks.L8DexDesugarLibTask$CreationAction$handleProvider$1: loaded 2 times (x 127B)
Class com.android.build.gradle.internal.tasks.BundleReportDependenciesTask$CreationAction$handleProvider$1: loaded 2 times (x 127B)
Class com.android.build.gradle.internal.tasks.SdkDependencyDataGeneratorTask          : loaded 2 times (x 328B)
Class org.jetbrains.kotlin.statistics.metrics.StringMetrics$Companion                 : loaded 2 times (x 71B)
Class org.jetbrains.kotlin.gradle.plugin.StatisticsBuildFlowManager$Companion         : loaded 2 times (x 71B)
Class org.jetbrains.kotlin.gradle.artifacts.KotlinMetadataArtifactKt$KotlinMetadataArtifact$1: loaded 2 times (x 74B)
Class org.jetbrains.kotlin.gradle.plugin.AndroidProjectHandler$addAndroidUnitTestTasksAsDependenciesToAllTest$1: loaded 2 times (x 75B)
Class com.android.build.gradle.internal.ide.v2.LibraryImpl$Companion                  : loaded 2 times (x 71B)
Class org.jetbrains.kotlin.build.report.metrics.BuildAttributes$Companion             : loaded 2 times (x 71B)
Class com.sun.xml.bind.v2.runtime.property.TagAndType                                 : loaded 2 times (x 72B)
Class com.android.repository.impl.generated.v2.PatchesType                            : loaded 2 times (x 75B)
Class com.android.repository.api.LocalPackage                                         : loaded 2 times (x 70B)
Class com.android.repository.impl.generated.v1.DependencyType                         : loaded 2 times (x 81B)
Class javax.xml.bind.annotation.XmlSchema                                             : loaded 2 times (x 70B)
Class com.android.builder.sdk.LicenceNotAcceptedException                             : loaded 2 times (x 82B)
Class com.android.build.gradle.internal.ide.v2.VersionsImpl                           : loaded 2 times (x 76B)
Class org.jetbrains.kotlin.gradle.plugin.SubpluginEnvironmentKt$sam$org_gradle_api_Action$0: loaded 2 times (x 75B)
Class com.amazon.ion.system.IonTextWriterBuilder                                      : loaded 2 times (x 98B)
Class com.amazon.ion.impl.bin.IonManagedBinaryWriter$ImportedSymbolResolverMode$1$1$1 : loaded 2 times (x 76B)
Class com.amazon.ion.impl._Private_LocalSymbolTableFactory                            : loaded 2 times (x 70B)
Class org.jetbrains.plugins.gradle.tooling.serialization.AnnotationProcessingModelSerializationService: loaded 2 times (x 77B)
Class kotlin.collections.ArraysKt__ArraysJVMKt                                        : loaded 2 times (x 71B)
Class build_44dy2wk5comphocv2k72ieosm$_run_closure1$_closure4                         : loaded 2 times (x 139B)
Class build_1hgyn0xd6oo4xqllgmdn8lvh3$_run_closure2                                   : loaded 2 times (x 139B)
Class build_gb6umu5mkhumuu2x638bhcru$_run_closure1                                    : loaded 2 times (x 139B)
Class build_3jrsyzc51tsedjay7ofn8thme$_run_closure1$_closure5$_closure9               : loaded 2 times (x 139B)
Class build_9fqrxezi900td8yr8aar060ds$_run_closure1$_closure7                         : loaded 2 times (x 139B)
Class build_bf3qlynozrepzy52g1whshzme$_run_closure1$_closure5                         : loaded 2 times (x 139B)
Class build_bf3qlynozrepzy52g1whshzme$_run_closure2                                   : loaded 2 times (x 139B)
Class com.google.protobuf.gradle.ProtobufExtension                                    : loaded 2 times (x 99B)
Class android.databinding.tool.util.L$Client                                          : loaded 2 times (x 70B)
Class com.android.build.gradle.internal.lint.SourceProviderInput$initialize$1         : loaded 2 times (x 74B)
Class com.android.build.gradle.tasks.AidlCompile$CreationAction$configure$1           : loaded 2 times (x 79B)
Class com.android.build.gradle.internal.lint.EnvironmentVariableInputs_Decorated      : loaded 2 times (x 141B)
Class build_ckvyah855w9iw77prgrw80pm4$_run_closure1$_closure4                         : loaded 2 times (x 139B)
Class build_d1blq9flsspetkapp5062l9ai$_run_closure1$_closure7                         : loaded 2 times (x 139B)
Class org.jetbrains.kotlin.gradle.plugin.mpp.InternalKotlinTargetKt$special$$inlined$extrasStoredFuture$1: loaded 2 times (x 79B)
Class build_2ybws2pajndu6p4l918acwksh                                                 : loaded 2 times (x 172B)
Class build_8gsxwmmagq84b5gieklt0c7t4$_run_closure3                                   : loaded 2 times (x 139B)
Class build_66q2uwacybia9235i4lc43pwz$_run_closure1$_closure6                         : loaded 2 times (x 139B)
Class build_5azyfdyxkabtfcovcytt5yxgu$_run_closure1$_closure4$_closure7               : loaded 2 times (x 139B)
Class org.jetbrains.kotlin.konan.target.KonanTarget$WATCHOS_DEVICE_ARM64              : loaded 2 times (x 78B)
Class org.jetbrains.kotlin.gradle.plugin.diagnostics.checkers.MissingNativeStdlibChecker$runChecks$1: loaded 2 times (x 88B)
Class build_6sr828pljhmgr29mbhobe64n5$_run_closure1$_closure7                         : loaded 2 times (x 139B)
Class kotlin.collections.CollectionsKt__CollectionsKt                                 : loaded 2 times (x 71B)
Class org.jetbrains.kotlin.gradle.plugin.diagnostics.KotlinToolingDiagnosticsCollector$Parameter$Inject_: loaded 2 times (x 106B)
Class kotlin.collections.ArraysKt___ArraysJvmKt                                       : loaded 2 times (x 71B)
Class kotlin.text.StringsKt__RegexExtensionsJVMKt                                     : loaded 2 times (x 71B)
Class org.jetbrains.kotlin.gradle.targets.native.ConfigureFrameworkExportSideEffectKt : loaded 2 times (x 71B)
Class ijInit2_1k9gzm8zq79pdk07h009ovyri                                               : loaded 2 times (x 171B)
Class com.intellij.openapi.externalSystem.model.project.dependencies.ResolutionState  : loaded 2 times (x 79B)
Class com.amazon.ion.impl._Private_ByteTransferSink                                   : loaded 2 times (x 70B)
Class com.amazon.ion.impl.bin.IonManagedBinaryWriter$ImportedSymbolResolverMode$1$1   : loaded 2 times (x 78B)
Class com.amazon.ion.impl._Private_RecyclingStack$ElementFactory                      : loaded 2 times (x 70B)
Class com.amazon.ion.IonDatagram                                                      : loaded 2 times (x 70B)
Class com.google.common.io.ByteStreams                                                : loaded 2 times (x 71B)
Class kotlinx.coroutines.DispatchedTask                                               : loaded 2 times (x 80B)
Class com.google.common.collect.ComparisonChain$1                                     : loaded 2 times (x 81B)
Class com.android.build.gradle.internal.SdkComponentsBuildService$VersionedSdkLoader$coreLambdaStubsProvider$1: loaded 2 times (x 75B)
Class com.android.sdklib.repository.meta.DetailsTypes$AddonDetailsType$Libraries      : loaded 2 times (x 72B)
Class com.android.repository.impl.generated.v2.ObjectFactory                          : loaded 2 times (x 108B)
Class com.android.repository.impl.generated.v2.RevisionType                           : loaded 2 times (x 82B)
Class com.android.build.gradle.internal.variant.ApplicationVariantFactory$restrictEnabledOutputs$1: loaded 2 times (x 77B)
Class javax.xml.bind.annotation.XmlAnyElement                                         : loaded 2 times (x 70B)
Class com.android.build.gradle.internal.ide.v2.ConvertersKt$variantSourcesForList$1$1 : loaded 2 times (x 78B)
Class org.jetbrains.kotlin.gradle.tasks.KotlinJavaToolchain$JdkSetter                 : loaded 2 times (x 70B)
Class com.android.build.gradle.internal.ide.v2.ClassFieldImpl$Companion               : loaded 2 times (x 71B)
Class com.android.build.gradle.internal.dependency.GenericTransformParameters$Inject_ : loaded 2 times (x 106B)
Class com.android.build.gradle.internal.tasks.BundleToApkTask_Decorated               : loaded 2 times (x 380B)
Class [Lcom.android.ide.common.caching.CreatingCache$State;                           : loaded 2 times (x 69B)
Class build_2e7q02hlufd5yutcc5jjyw5f6$_run_closure1$_closure2$_closure3               : loaded 2 times (x 139B)
Class org.jetbrains.kotlin.gradle.plugin.diagnostics.checkers.WasmJsEnvironmentChecker$4: loaded 2 times (x 78B)
Class org.jetbrains.kotlin.gradle.plugin.sources.android.checker.KotlinAndroidSourceSetLayoutCheckerKt: loaded 2 times (x 71B)
Class org.jetbrains.kotlin.gradle.plugin.sources.android.AndroidBaseSourceSetName     : loaded 2 times (x 72B)
Class org.jetbrains.kotlin.gradle.dsl.PlatformSourceSetConventionsChecker$CheckedPlatformInfo: loaded 2 times (x 72B)
Class org.jetbrains.kotlin.gradle.plugin.diagnostics.checkers.OverriddenKotlinNativeHomeChecker$allKonanMainSubdirectoriesExist$1$1: loaded 2 times (x 75B)
Class org.jetbrains.kotlin.gradle.plugin.diagnostics.checkers.OverriddenKotlinNativeHomeChecker$StdlibExistenceCheckerValueSource$Params$Inject_: loaded 2 times (x 106B)
Class org.jetbrains.kotlin.gradle.internal.StdlibDependencyManagementKt$configureStdlibVersionAlignment$1: loaded 2 times (x 75B)
Class org.jetbrains.kotlin.gradle.internal.abi.AbiValidationVariantSpecImpl           : loaded 2 times (x 86B)
Class org.jetbrains.kotlin.gradle.internal.abi.AbiValidationExtensionImpl$variants$1  : loaded 2 times (x 75B)
Class org.jetbrains.kotlin.gradle.plugin.KotlinPluginLifecycle$ProjectConfigurationResult$Success: loaded 2 times (x 71B)
Class build_ckvyah855w9iw77prgrw80pm4$_run_closure1$_closure3                         : loaded 2 times (x 139B)
Class build_85u53m1d3qsy4n3kbdsghmp8c$_run_closure3                                   : loaded 2 times (x 139B)
Class build_bf3qlynozrepzy52g1whshzme$_run_closure1$_closure9$_closure13$_closure15   : loaded 2 times (x 139B)
Class build_d1blq9flsspetkapp5062l9ai$_run_closure1$_closure6                         : loaded 2 times (x 139B)
Class build_48guv78gsyj6sanu32b36jz3y                                                 : loaded 2 times (x 172B)
Class build_8gsxwmmagq84b5gieklt0c7t4$_run_closure2                                   : loaded 2 times (x 139B)
Class build_66q2uwacybia9235i4lc43pwz$_run_closure1$_closure5                         : loaded 2 times (x 139B)
Class fa2a6a1e67e1066688c59cabcfa6c8_ermw99pr8ej8abdwqnilj6t6g                        : loaded 2 times (x 171B)
Class org.gradle.tooling.internal.consumer.versioning.VersionDetails$R28VersionDetails: loaded 2 times (x 80B)
Class com.android.build.gradle.internal.ide.dependencies.LocalJarCacheImpl$cache$1$create$$inlined$sortedBy$1: loaded 2 times (x 89B)
Class com.android.build.gradle.internal.ide.v2.ProjectInfoImpl$toKeyComponent$2       : loaded 2 times (x 78B)
Class com.android.build.gradle.internal.tasks.featuresplit.PackagedDependenciesWriterTaskKt: loaded 2 times (x 71B)
Class com.android.build.gradle.internal.ide.v2.JavaArtifactImpl                       : loaded 2 times (x 86B)
Class com.android.build.gradle.tasks.GenerateTestConfig_Decorated                     : loaded 2 times (x 374B)
Class com.sun.istack.SAXParseException2                                               : loaded 2 times (x 88B)
Class com.sun.xml.bind.v2.runtime.unmarshaller.DomLoader                              : loaded 2 times (x 78B)
Class com.sun.xml.bind.v2.runtime.ValueListBeanInfoImpl                               : loaded 2 times (x 89B)
Class com.android.repository.impl.meta.RepoPackageImpl$Dependencies                   : loaded 2 times (x 72B)
Class com.android.build.gradle.internal.SdkComponentsBuildService$VersionedSdkLoader$optionalLibrariesProvider$1: loaded 2 times (x 75B)
Class org.objectweb.asm.tree.Util                                                     : loaded 2 times (x 71B)
Class com.amazon.ion.impl.lite.IonNullLite                                            : loaded 2 times (x 175B)
Class org.jetbrains.plugins.gradle.model.DependencyAccessorsModel                     : loaded 2 times (x 70B)
Class [Lcom.intellij.openapi.externalSystem.model.project.dependencies.ResolutionState;: loaded 2 times (x 69B)
Class gnu.trove.TObjectIntHashMap                                                     : loaded 2 times (x 109B)
Class kotlin.text.StringsKt__StringBuilderKt                                          : loaded 2 times (x 71B)
Class kotlin.jvm.internal.CallableReference$NoReceiver                                : loaded 2 times (x 71B)
Class org.gradle.api.internal.classpath.GlobalCacheRootsProvider                      : loaded 2 times (x 70B)
Class build_4z142ny51cclwztgril854ywx$_run_closure1$_closure3                         : loaded 2 times (x 139B)
Class build_44dy2wk5comphocv2k72ieosm$_run_closure1$_closure5                         : loaded 2 times (x 139B)
Class build_1hgyn0xd6oo4xqllgmdn8lvh3$_run_closure3                                   : loaded 2 times (x 139B)
Class build_gb6umu5mkhumuu2x638bhcru$_run_closure2                                    : loaded 2 times (x 139B)
Class build_45138zshy190hpetcgb732n9$_run_closure1$_closure4                          : loaded 2 times (x 139B)
Class build_9fqrxezi900td8yr8aar060ds$_run_closure1$_closure8                         : loaded 2 times (x 139B)
Class build_bf3qlynozrepzy52g1whshzme$_run_closure1$_closure6                         : loaded 2 times (x 139B)
Class com.google.protobuf.gradle.ProtobufPlugin$_setupExtractProtosTask_closure22     : loaded 2 times (x 136B)
Class build_7bikk7comoicc7aydcr4txaov$_run_closure2$_closure7                         : loaded 2 times (x 139B)
Class com.android.build.gradle.internal.lint.VariantInputs$initialize$6               : loaded 2 times (x 79B)
Class com.android.build.gradle.internal.lint.SourceProviderInput$initialize$2         : loaded 2 times (x 74B)
Class org.jetbrains.kotlin.gradle.internal.StdlibDependencyManagementKt$WhenMappings  : loaded 2 times (x 71B)
Class com.android.build.gradle.tasks.AidlCompile$CreationAction                       : loaded 2 times (x 90B)
Class com.android.build.gradle.internal.tasks.databinding.DataBindingGenBaseClassesTask$CreationAction$handleProvider$1: loaded 2 times (x 127B)
Class build_6sr828pljhmgr29mbhobe64n5$_run_closure3                                   : loaded 2 times (x 139B)
Class org.jetbrains.kotlin.gradle.plugin.AndroidProjectHandler$configureTarget$4$1    : loaded 2 times (x 79B)
Class build_6sr828pljhmgr29mbhobe64n5$_run_closure1$_closure6                         : loaded 2 times (x 139B)
Class build_54vjew4mnz39xqxuwowix6y1y                                                 : loaded 2 times (x 172B)
Class org.gradle.api.JavaVersion                                                      : loaded 2 times (x 79B)
Class org.jetbrains.kotlin.gradle.plugin.AndroidProjectHandler$configureTarget$1      : loaded 2 times (x 79B)
Class org.jetbrains.kotlin.gradle.plugin.sources.android.configurator.MultiplatformLayoutV2DefaultManifestLocationConfigurator: loaded 2 times (x 75B)
Class org.jetbrains.kotlin.gradle.plugin.diagnostics.checkers.DisabledNativeTargetsChecker: loaded 2 times (x 74B)
Class org.jetbrains.kotlin.gradle.plugin.mpp.compilationImpl.KotlinCreateSourcesJarTaskSideEffectKt$KotlinCreateSourcesJarTaskSideEffect$1: loaded 2 times (x 74B)
Class org.jetbrains.plugins.gradle.tooling.serialization.GradleExtensionsSerializationService: loaded 2 times (x 77B)
Class org.jetbrains.kotlin.gradle.plugin.statistics.BuildFusService$Parameters$Inject_: loaded 2 times (x 112B)
Class com.amazon.ion.impl.bin.PooledBlockAllocatorProvider$PooledBlockAllocator       : loaded 2 times (x 81B)
Class com.amazon.ion.IonTimestamp                                                     : loaded 2 times (x 70B)
Class kotlinx.coroutines.internal.SystemPropsKt                                       : loaded 2 times (x 71B)
Class com.android.sdklib.repository.generated.common.v1.IdDisplayType                 : loaded 2 times (x 83B)
Class com.sun.xml.bind.v2.model.impl.RuntimeArrayInfoImpl                             : loaded 2 times (x 107B)
Class com.android.repository.impl.meta.TypeDetails                                    : loaded 2 times (x 75B)
Class javax.xml.bind.annotation.XmlID                                                 : loaded 2 times (x 70B)
Class com.android.repository.impl.generated.v2.PatchType                              : loaded 2 times (x 88B)
Class com.sun.xml.bind.v2.runtime.unmarshaller.DefaultIDResolver                      : loaded 2 times (x 76B)
Class org.jetbrains.kotlin.gradle.plugin.mpp.KotlinCompilationsKt$addSourcesToKotlinCompileTask$configureAction$2: loaded 2 times (x 79B)
Class com.android.builder.dexing.ResourceShrinkingConfig                              : loaded 2 times (x 72B)
Class com.google.wireless.android.sdk.stats.GradleTransformExecution                  : loaded 2 times (x 201B)
Class com.android.build.gradle.internal.lint.AndroidLintTask$UpdateBaselineCreationAction: loaded 2 times (x 95B)
Class [Lorg.jetbrains.kotlin.statistics.metrics.StringMetrics;                        : loaded 2 times (x 69B)
Class org.jetbrains.kotlin.gradle.plugin.statistics.BuildFusService$Companion$registerIfAbsentImpl$generalConfigurationMetricsProvider$1: loaded 2 times (x 75B)
Class org.jetbrains.kotlin.gradle.plugin.BuildEventsListenerRegistryHolder$Companion  : loaded 2 times (x 71B)
Class org.jetbrains.kotlin.gradle.targets.ConfigureBuildSideEffectKt                  : loaded 2 times (x 71B)
Class org.jetbrains.kotlin.gradle.plugin.diagnostics.checkers.WasmJsEnvironmentChecker$3: loaded 2 times (x 78B)
Class org.jetbrains.kotlin.gradle.plugin.diagnostics.checkers.WasmWasiEnvironmentChecker: loaded 2 times (x 76B)
Class org.jetbrains.kotlin.gradle.targets.js.npm.NpmDependencyExtension               : loaded 2 times (x 70B)
Class org.jetbrains.kotlin.gradle.internal.properties.PropertiesBuildServiceKt$propertyWithDeprecatedName$1: loaded 2 times (x 75B)
Class com.google.protobuf.gradle.Utils                                                : loaded 2 times (x 85B)
Class com.google.protobuf.gradle.GenerateProtoTask$State                              : loaded 2 times (x 86B)
Class build_85u53m1d3qsy4n3kbdsghmp8c$_run_closure2                                   : loaded 2 times (x 139B)
Class build_d1blq9flsspetkapp5062l9ai$_run_closure1$_closure5                         : loaded 2 times (x 139B)
Class build_alo5czfvr9bgbyvoloczajhrk$_run_closure1$_closure4$_closure7               : loaded 2 times (x 139B)
Class build_8gsxwmmagq84b5gieklt0c7t4$_run_closure1                                   : loaded 2 times (x 139B)
Class build_66q2uwacybia9235i4lc43pwz$_run_closure1$_closure4                         : loaded 2 times (x 139B)
Class build_66q2uwacybia9235i4lc43pwz$_run_closure1$_closure5$_closure10              : loaded 2 times (x 139B)
Class com.android.build.gradle.internal.ide.v2.GraphItemImpl$Companion                : loaded 2 times (x 71B)
Class build_6sr828pljhmgr29mbhobe64n5$_run_closure2                                   : loaded 2 times (x 139B)
Class com.android.build.gradle.internal.tasks.R8ResourceShrinkingParameters_Decorated : loaded 2 times (x 147B)
Class com.android.ide.common.build.CommonBuiltArtifacts                               : loaded 2 times (x 70B)
Class com.android.build.gradle.internal.tasks.factory.BootClasspathConfigImpl$androidJar$2$1$1: loaded 2 times (x 74B)
Class com.google.gson.internal.$Gson$Types$ParameterizedTypeImpl                      : loaded 2 times (x 81B)
Class com.sun.xml.bind.v2.runtime.reflect.TransducedAccessor$CompositeTransducedAccessorImpl: loaded 2 times (x 79B)
Class com.sun.xml.bind.v2.runtime.unmarshaller.XsiNilLoader$Single                    : loaded 2 times (x 80B)
Class com.android.repository.impl.meta.TrimStringAdapter                              : loaded 2 times (x 75B)
Class javax.xml.bind.annotation.XmlSchemaType                                         : loaded 2 times (x 70B)
Class com.sun.xml.bind.v2.model.impl.RuntimeBuiltinLeafInfoImpl                       : loaded 2 times (x 133B)
Class com.sun.xml.bind.v2.model.impl.BuiltinLeafInfoImpl                              : loaded 2 times (x 105B)
Class com.android.build.gradle.internal.utils.ConsoleProgressIndicatorFactory$isTerminalSmart$2: loaded 2 times (x 79B)
Class org.objectweb.asm.tree.MethodInsnNode                                           : loaded 2 times (x 80B)
Class com.amazon.ion.impl.lite.IonClobLite                                            : loaded 2 times (x 220B)
Class com.amazon.ion.impl._Private_ValueFactory                                       : loaded 2 times (x 70B)
Class com.amazon.ion.impl.bin.IonRawBinaryWriter$PreallocationMode$1                  : loaded 2 times (x 82B)
Class [Lcom.amazon.ion.impl.bin._Private_IonManagedBinaryWriterBuilder$AllocatorMode; : loaded 2 times (x 69B)
Class org.jetbrains.kotlin.idea.gradleTooling.KotlinMPPGradleModel                    : loaded 2 times (x 70B)
Class com.intellij.gradle.toolingExtension.impl.model.dependencyDownloadPolicyModel.GradleDependencyDownloadPolicy: loaded 2 times (x 70B)
Class kotlin.NoWhenBranchMatchedException                                             : loaded 2 times (x 82B)
Class build_7emjr1vw4u1n62mzt2v8ox26f                                                 : loaded 2 times (x 172B)
Class build_44dy2wk5comphocv2k72ieosm$_run_closure1$_closure6                         : loaded 2 times (x 139B)
Class build_gb6umu5mkhumuu2x638bhcru$_run_closure3                                    : loaded 2 times (x 139B)
Class build_8plm564spnlwnxa85gbkxylp5$_run_closure1                                   : loaded 2 times (x 139B)
Class build_66q2uwacybia9235i4lc43pwz$_run_closure1$_closure9$_closure11              : loaded 2 times (x 139B)
Class build_bf3qlynozrepzy52g1whshzme$_run_closure1$_closure7                         : loaded 2 times (x 139B)
Class com.google.protobuf.gradle.ProtobufExtension$GenerateProtoTaskCollection        : loaded 2 times (x 95B)
Class com.android.build.gradle.internal.lint.SourceProviderInput$initialize$3         : loaded 2 times (x 74B)
Class build_6sr828pljhmgr29mbhobe64n5$_run_closure1$_closure5                         : loaded 2 times (x 139B)
Class build_6sr828pljhmgr29mbhobe64n5$_run_closure1$_closure7$_closure11              : loaded 2 times (x 139B)
Class [Lcom.android.build.gradle.internal.dsl.AbstractPublishing$Type;                : loaded 2 times (x 69B)
Class com.android.build.gradle.internal.tasks.databinding.DataBindingGenBaseClassesTask$CreationAction$handleProvider$2: loaded 2 times (x 127B)
Class org.jetbrains.kotlin.gradle.plugin.AndroidProjectHandlerKt                      : loaded 2 times (x 71B)
Class org.jetbrains.kotlin.gradle.dsl.AndroidMainSourceSetConventionsChecker$runChecks$1: loaded 2 times (x 88B)
Class org.jetbrains.plugins.gradle.model.ClasspathEntryModel                          : loaded 2 times (x 70B)
Class org.jetbrains.kotlin.idea.gradleTooling.KotlinDslScriptAdditionalTask           : loaded 2 times (x 70B)
Class org.jetbrains.kotlin.gradle.plugin.sources.android.AndroidBaseSourceSetName$Companion: loaded 2 times (x 71B)
Class org.jetbrains.kotlin.gradle.plugin.sources.android.KotlinAndroidSourceSets      : loaded 2 times (x 71B)
Class org.jetbrains.kotlin.idea.gradleTooling.model.kapt.KaptGradleModel              : loaded 2 times (x 70B)
Class com.google.common.io.ByteArrayDataInput                                         : loaded 2 times (x 70B)
Class org.jetbrains.kotlin.gradle.targets.CreateNonPackedKlibVariantsSideEffectKt     : loaded 2 times (x 71B)
Class org.jetbrains.kotlin.gradle.targets.CreateDefaultTestRunSideEffectKt$special$$inlined$KotlinTargetSideEffect$1: loaded 2 times (x 74B)
Class kotlinx.coroutines.IncompleteStateBox                                           : loaded 2 times (x 72B)
Class com.android.build.gradle.internal.FileExistsValueSource$Params_Decorated        : loaded 2 times (x 130B)
Class com.android.sdklib.repository.generated.repository.v1.ObjectFactory             : loaded 2 times (x 79B)
Class com.android.repository.impl.meta.RevisionType                                   : loaded 2 times (x 80B)
Class com.sun.xml.bind.v2.runtime.JAXBContextImpl$JAXBContextBuilder                  : loaded 2 times (x 86B)
Class org.jetbrains.kotlin.gradle.plugin.statistics.KotlinBuildStatisticsUtilsKt      : loaded 2 times (x 71B)
Class org.jetbrains.kotlin.statistics.metrics.BooleanMetrics                          : loaded 2 times (x 80B)
Class com.sun.xml.bind.v2.model.annotation.XmlSchemaQuick                             : loaded 2 times (x 95B)
Class com.sun.xml.bind.annotation.XmlLocation                                         : loaded 2 times (x 70B)
Class com.android.sdklib.repository.generated.addon.v2.ExtraDetailsType               : loaded 2 times (x 85B)
Class com.sun.xml.bind.v2.runtime.FilterTransducer                                    : loaded 2 times (x 88B)
Class com.android.build.gradle.internal.ide.v2.ConvertersKt                           : loaded 2 times (x 71B)
Class com.android.build.gradle.internal.lint.AndroidLintTextOutputTask$LintVitalCreationAction: loaded 2 times (x 92B)
Class com.android.build.gradle.internal.ide.v2.SourceProviderImpl$Companion           : loaded 2 times (x 71B)
Class org.jetbrains.kotlin.gradle.tasks.KotlinCompile$ScriptFilterSpec                : loaded 2 times (x 75B)
Class com.android.build.gradle.internal.ide.v2.BundleInfoImpl                         : loaded 2 times (x 78B)
Class com.android.build.api.variant.impl.BuiltArtifactsImpl                           : loaded 2 times (x 86B)
Class com.google.wireless.android.sdk.stats.GradleBuildVariant                        : loaded 2 times (x 282B)
Class org.jetbrains.kotlin.gradle.plugin.KotlinPluginWrapper                          : loaded 2 times (x 86B)
Class ijKotlinCoroutineJvmDebugInit2_eka7z124jfyzyurovqgxarai$_run_closure1$_closure2 : loaded 2 times (x 139B)
Class com.android.build.gradle.internal.lint.AndroidLintTask$VariantCreationAction$Companion: loaded 2 times (x 71B)
Class org.jetbrains.kotlin.gradle.plugin.diagnostics.checkers.WasmJsEnvironmentChecker$2: loaded 2 times (x 78B)
Class org.jetbrains.kotlin.gradle.plugin.KotlinPluginLifecycleKt                      : loaded 2 times (x 71B)
Class org.jetbrains.kotlin.gradle.plugin.sources.android.configurator.MultiplatformAndroidResourceDirConfigurator: loaded 2 times (x 75B)
Class org.jetbrains.kotlin.gradle.tooling.IncludeKotlinToolingMetadataInApkKt         : loaded 2 times (x 71B)
Class org.jetbrains.kotlin.gradle.targets.js.npm.DefaultPeerNpmDependencyExtension    : loaded 2 times (x 141B)
Class org.jetbrains.kotlin.konan.target.KonanTarget$TVOS_ARM64                        : loaded 2 times (x 78B)
Class org.jetbrains.kotlin.gradle.plugin.diagnostics.checkers.ComposePluginSuggestApplyChecker$runChecks$1: loaded 2 times (x 88B)
Class org.jetbrains.kotlin.gradle.internal.abi.AbiValidationLegacyDumpExtensionImpl   : loaded 2 times (x 82B)
Class com.android.build.gradle.internal.privaysandboxsdk.PrivacySandboxSdkVariantScope: loaded 2 times (x 70B)
Class build_85u53m1d3qsy4n3kbdsghmp8c$_run_closure2$_closure12                        : loaded 2 times (x 139B)
Class build_d1blq9flsspetkapp5062l9ai$_run_closure1$_closure4                         : loaded 2 times (x 139B)
Class build_6sr828pljhmgr29mbhobe64n5$_run_closure1                                   : loaded 2 times (x 139B)
Class build_6sr828pljhmgr29mbhobe64n5$_run_closure1$_closure4                         : loaded 2 times (x 139B)
Class org.gradle.internal.service.UnknownServiceException                             : loaded 2 times (x 83B)
Class org.gradle.tooling.internal.consumer.converters.EclipseExternalDependencyUnresolvedMixin: loaded 2 times (x 73B)
Class org.gradle.tooling.model.BuildableElement                                       : loaded 2 times (x 70B)
Class org.gradle.tooling.model.HasGradleProject                                       : loaded 2 times (x 70B)
Class org.gradle.tooling.internal.consumer.versioning.VersionDetails$R44VersionDetails: loaded 2 times (x 80B)
Class org.jetbrains.kotlin.gradle.plugin.KotlinCompilerArgumentsProducerKt            : loaded 2 times (x 71B)
Class kotlin.collections.CollectionsKt___CollectionsKt$asSequence$$inlined$Sequence$1 : loaded 2 times (x 75B)
Class org.jetbrains.kotlin.gradle.tasks.K2MultiplatformStructure_Decorated            : loaded 2 times (x 131B)
Class org.jetbrains.kotlin.compilerRunner.GradleCompilerRunner                        : loaded 2 times (x 73B)
Class com.android.build.gradle.internal.ide.v2.ModelBuilder$BaseSourceSetContainerBuilder: loaded 2 times (x 83B)
Class com.sun.xml.bind.v2.runtime.NameList                                            : loaded 2 times (x 72B)
Class com.sun.xml.bind.v2.runtime.reflect.TransducedAccessor                          : loaded 2 times (x 78B)
Class com.sun.xml.bind.v2.model.impl.RuntimeClassInfoImpl$RuntimePropertySeed         : loaded 2 times (x 84B)
Class javax.xml.bind.annotation.XmlAttachmentRef                                      : loaded 2 times (x 70B)
Class com.android.repository.api.Repository                                           : loaded 2 times (x 79B)
Class kotlinx.coroutines.Incomplete                                                   : loaded 2 times (x 70B)
Class com.amazon.ion.impl.lite.IonBoolLite                                            : loaded 2 times (x 178B)
Class com.amazon.ion.IonInt                                                           : loaded 2 times (x 70B)
Class com.amazon.ion.impl.bin.IonRawBinaryWriter$PreallocationMode$2                  : loaded 2 times (x 82B)
Class org.jetbrains.kotlin.idea.gradleTooling.PrepareKotlinIdeImportTaskModel         : loaded 2 times (x 70B)
Class build_54vjew4mnz39xqxuwowix6y1y$_run_closure1                                   : loaded 2 times (x 139B)
Class build_8plm564spnlwnxa85gbkxylp5$_run_closure2                                   : loaded 2 times (x 139B)
Class build_7ge58nq9rpezpwjcdge17v52t                                                 : loaded 2 times (x 172B)
Class build_bf3qlynozrepzy52g1whshzme$_run_closure1$_closure8                         : loaded 2 times (x 139B)
Class com.google.protobuf.gradle.GenerateProtoTask$DescriptorSetOptions               : loaded 2 times (x 96B)
Class build_83uyxmgoc8f1expj6z3p5hcyh$_run_closure1$_closure9$_closure12              : loaded 2 times (x 139B)
Class com.android.build.gradle.internal.lint.SourceProviderInput$initialize$4         : loaded 2 times (x 74B)
Class org.jetbrains.plugins.gradle.model.ExternalSourceDirectorySet                   : loaded 2 times (x 70B)
Class org.jetbrains.kotlin.gradle.plugin.sources.KotlinDependencyScopeKt$WhenMappings : loaded 2 times (x 71B)
Class jdk.internal.jrtfs.SystemImage                                                  : loaded 2 times (x 74B)
Class org.jetbrains.kotlin.gradle.plugin.AndroidProjectHandler$configureTarget$3      : loaded 2 times (x 79B)
Class org.jetbrains.kotlin.gradle.plugin.sources.android.configurator.AndroidKaptSourceSetConfigurator$configure$1: loaded 2 times (x 79B)
Class kotlinx.coroutines.ParentJob                                                    : loaded 2 times (x 70B)
Class kotlinx.coroutines.Delay                                                        : loaded 2 times (x 70B)
Class org.jetbrains.kotlin.gradle.plugin.sources.android.KotlinAndroidSourceSetLayout : loaded 2 times (x 72B)
Class kotlinx.coroutines.JobNode                                                      : loaded 2 times (x 86B)
Class org.jetbrains.kotlin.gradle.plugin.diagnostics.checkers.ExperimentalTryNextUsageChecker: loaded 2 times (x 74B)
Class [Lorg.jetbrains.kotlin.gradle.plugin.diagnostics.ToolingDiagnostic$Severity;    : loaded 2 times (x 69B)
Class com.android.build.gradle.internal.SdkComponentsBuildService$VersionedSdkLoader$targetAndroidVersionProvider$1: loaded 2 times (x 75B)
Class com.android.build.gradle.internal.SupportToolsComponents$Companion$build$fileExists$1: loaded 2 times (x 75B)
Class org.jetbrains.kotlin.gradle.plugin.statistics.old.Pre232IdeaKotlinBuildStatsBeanService: loaded 2 times (x 95B)
Class org.jetbrains.kotlin.statistics.metrics.NumberOverridePolicy$AVERAGE            : loaded 2 times (x 85B)
Class com.android.repository.api.ConsoleProgressIndicator                             : loaded 2 times (x 108B)
Class com.android.sdklib.repository.generated.repository.v2.LayoutlibType             : loaded 2 times (x 74B)
Class com.sun.xml.bind.v2.runtime.JAXBContextImpl$6                                   : loaded 2 times (x 91B)
Class com.sun.xml.bind.v2.model.runtime.RuntimeTypeRef                                : loaded 2 times (x 70B)
Class com.sun.xml.bind.v2.runtime.property.SingleMapNodeProperty                      : loaded 2 times (x 102B)
Class org.jetbrains.kotlin.gradle.tasks.CacheableTasksKt                              : loaded 2 times (x 71B)
Class org.jetbrains.kotlin.gradle.tasks.KotlinJvmCompile$DefaultImpls                 : loaded 2 times (x 71B)
Class com.android.build.api.variant.impl.ApplicationMultiOutputHandler                : loaded 2 times (x 95B)
Class com.android.build.gradle.internal.ide.dependencies.LocalJarCache                : loaded 2 times (x 70B)
Class com.android.build.gradle.tasks.PackageAndroidArtifactKt$getPageSize$2           : loaded 2 times (x 74B)
Class com.android.build.gradle.internal.ide.dependencies.GraphEdgeCacheImpl$getEdge$1$1: loaded 2 times (x 79B)
Class org.jetbrains.kotlin.gradle.plugin.CreateCompilerArgumentsContextImpl           : loaded 2 times (x 75B)
Class org.jetbrains.kotlin.cli.common.arguments.Argument                              : loaded 2 times (x 70B)
Class org.jetbrains.kotlin.gradle.plugin.statistics.FlowActionBuildFusService         : loaded 2 times (x 84B)
Class org.jetbrains.kotlin.gradle.targets.js.npm.NpmDependencyExtensionKt$AddNpmDependencyExtensionProjectSetupAction$1: loaded 2 times (x 74B)
Class org.jetbrains.kotlin.gradle.targets.native.internal.SetupKotlinNativePlatformDependenciesAndStdlibKt$SetupKotlinNativeStdlibAndPlatformDependenciesImport$1: loaded 2 times (x 95B)
Class org.jetbrains.kotlin.gradle.plugin.diagnostics.checkers.WasmJsEnvironmentChecker$1: loaded 2 times (x 78B)
Class org.jetbrains.kotlin.gradle.dsl.AndroidMainSourceSetConventionsChecker          : loaded 2 times (x 74B)
Class org.jetbrains.kotlin.gradle.plugin.sources.android.configurator.GradleConventionAddKotlinSourcesToAndroidSourceSetConfigurator: loaded 2 times (x 75B)
Class org.jetbrains.kotlin.gradle.plugin.sources.android.checker.MultiplatformLayoutV2AgpRequirementChecker: loaded 2 times (x 75B)
Class org.jetbrains.kotlin.gradle.plugin.sources.android.KotlinAndroidSourceSetInfo   : loaded 2 times (x 75B)
Class org.jetbrains.kotlin.gradle.targets.js.npm.PeerNpmDependencyExtension           : loaded 2 times (x 70B)
Class org.jetbrains.kotlin.gradle.plugin.diagnostics.checkers.UnusedSourceSetsChecker$runChecks$1: loaded 2 times (x 88B)
Class org.jetbrains.kotlin.konan.target.HostManager$targetValues$2                    : loaded 2 times (x 78B)
Class com.google.protobuf.gradle.ProtobufExtension$_closure3                          : loaded 2 times (x 136B)
Class com.google.protobuf.gradle.GenerateProtoTask$_generateCmds_closure4             : loaded 2 times (x 135B)
Class com.google.gradle.osdetector.OsDetector$ConfigurationTimeSafeSystemPropertyOperations: loaded 2 times (x 77B)
Class build_85u53m1d3qsy4n3kbdsghmp8c$_run_closure2$_closure11                        : loaded 2 times (x 139B)
Class build_5wv5whvxheiikwkqulu34phck                                                 : loaded 2 times (x 172B)
Class org.gradle.tooling.model.build.BuildEnvironment                                 : loaded 2 times (x 70B)
Class org.jetbrains.kotlin.gradle.dsl.KotlinCommonCompilerOptionsExtensionsKt         : loaded 2 times (x 71B)
Class org.jetbrains.kotlin.gradle.plugin.ide.IdeCompilerArgumentsResolverKt$kotlinIdeCompilerArgumentsResolver$2: loaded 2 times (x 78B)
Class build_8n2h6s6d7tkz6st5lvcamamtk$_run_closure1$_closure5$_closure7               : loaded 2 times (x 139B)
Class com.android.build.gradle.tasks.PackageAndroidArtifactKt                         : loaded 2 times (x 71B)
Class org.gradle.api.internal.ClassPathProvider                                       : loaded 2 times (x 70B)
Class com.sun.xml.bind.v2.runtime.unmarshaller.LocatorExWrapper                       : loaded 2 times (x 86B)
Class [Lcom.sun.xml.bind.v2.model.annotation.AnnotationSource;                        : loaded 2 times (x 69B)
Class com.sun.xml.bind.InternalAccessorFactory                                        : loaded 2 times (x 70B)
Class com.sun.xml.bind.v2.model.impl.SingleTypePropertyInfoImpl                       : loaded 2 times (x 113B)
Class com.sun.xml.bind.v2.model.core.LeafInfo                                         : loaded 2 times (x 70B)
Class com.android.repository.impl.generated.generic.v2.package-info                   : loaded 2 times (x 70B)
Class com.android.sdklib.repository.generated.common.v3.package-info                  : loaded 2 times (x 70B)
Class com.android.sdklib.repository.generated.addon.v2.LibrariesType                  : loaded 2 times (x 75B)
Class com.android.sdklib.AndroidTargetHash                                            : loaded 2 times (x 71B)
Class com.android.build.gradle.internal.ide.v2.VersionsImpl$Companion                 : loaded 2 times (x 71B)
Class [Lorg.gradle.api.internal.ClassPathProvider;                                    : loaded 2 times (x 69B)
Class kotlinx.coroutines.AbstractTimeSourceKt                                         : loaded 2 times (x 71B)
Class org.gradle.tooling.ToolingModelContract                                         : loaded 2 times (x 70B)
Class com.google.common.io.ByteStreams$1                                              : loaded 2 times (x 85B)
Class com.amazon.ion.impl.bin.IonRawBinaryWriter$PreallocationMode$3                  : loaded 2 times (x 82B)
Class com.android.ide.gradle.model.GradlePluginModel                                  : loaded 2 times (x 70B)
Class org.gradle.tooling.model.build.JavaEnvironment                                  : loaded 2 times (x 70B)
Class build_54vjew4mnz39xqxuwowix6y1y$_run_closure2                                   : loaded 2 times (x 139B)
Class build_5azyfdyxkabtfcovcytt5yxgu$_run_closure1$_closure4                         : loaded 2 times (x 139B)
Class build_8plm564spnlwnxa85gbkxylp5$_run_closure3                                   : loaded 2 times (x 139B)
Class build_8phhmjghmh1urzp8ufghhdsk8                                                 : loaded 2 times (x 172B)
Class build_alo5czfvr9bgbyvoloczajhrk$_run_closure1$_closure6$_closure8               : loaded 2 times (x 139B)
Class build_bf3qlynozrepzy52g1whshzme$_run_closure1$_closure9                         : loaded 2 times (x 139B)
Class com.android.build.gradle.internal.lint.SourceProviderInput$initialize$5         : loaded 2 times (x 74B)
Class kotlin.sequences.Sequence                                                       : loaded 2 times (x 70B)
Class kotlin.sequences.SequenceScope                                                  : loaded 2 times (x 73B)
Class kotlin.text.MatchResult                                                         : loaded 2 times (x 70B)
Class com.android.build.gradle.internal.tasks.databinding.DataBindingMergeDependencyArtifactsTask$CreationAction: loaded 2 times (x 90B)
Class org.jetbrains.kotlin.gradle.plugin.mpp.MppSourcesJarKt$sourcesJarTaskNamed$result$1: loaded 2 times (x 79B)
Class kotlin.text.StringsKt__StringNumberConversionsJVMKt                             : loaded 2 times (x 71B)
Class sync_studio_tooling5_8t2ske2s3std3b62cuey1g388$_run_closure1                    : loaded 2 times (x 139B)
Class com.amazon.ion.SymbolToken                                                      : loaded 2 times (x 70B)
Class com.amazon.ion.impl.bin.IonRawBinaryWriter                                      : loaded 2 times (x 169B)
Class com.amazon.ion.impl.SharedSymbolTable                                           : loaded 2 times (x 93B)
Class com.amazon.ion.impl._Private_RecyclingStack$$Iterator                           : loaded 2 times (x 99B)
Class org.jetbrains.kotlin.gradle.targets.jvm.KotlinJvmTarget                         : loaded 2 times (x 166B)
Class com.android.repository.impl.generated.v2.DependencyType                         : loaded 2 times (x 81B)
Class org.jetbrains.kotlin.gradle.plugin.diagnostics.checkers.DisabledNativeTargetsChecker$runChecks$1: loaded 2 times (x 88B)
Class org.jetbrains.kotlin.gradle.plugin.KotlinPluginLifecycleImpl$await$2$1          : loaded 2 times (x 79B)
Class com.sun.xml.bind.v2.runtime.JAXBContextImpl$5                                   : loaded 2 times (x 74B)
Class org.jetbrains.kotlin.gradle.plugin.AndroidProjectHandler$configureTarget$4      : loaded 2 times (x 79B)
Class com.sun.xml.bind.v2.model.runtime.RuntimeValuePropertyInfo                      : loaded 2 times (x 70B)
Class com.sun.xml.bind.v2.model.impl.ClassInfoImpl$PropertyGroup                      : loaded 2 times (x 79B)
Class org.jetbrains.kotlin.gradle.targets.CreateTargetConfigurationsSideEffectKt$CreateTargetConfigurationsSideEffect$1: loaded 2 times (x 74B)
Class com.sun.xml.bind.v2.model.core.ID                                               : loaded 2 times (x 79B)
Class com.android.sdklib.repository.generated.addon.v3.MavenType                      : loaded 2 times (x 80B)
Class com.sun.xml.bind.v2.runtime.property.ArrayProperty                              : loaded 2 times (x 102B)
Class com.sun.xml.bind.v2.runtime.property.PropertyFactory$1                          : loaded 2 times (x 71B)
Class com.android.build.gradle.internal.EmulatorComponents$Companion$build$fileExists$1: loaded 2 times (x 75B)
Class com.android.build.gradle.internal.ide.dependencies.FullDependencyGraphBuilder   : loaded 2 times (x 72B)
Class com.android.build.gradle.internal.manifest.LazyManifestParser$issueReporter$1   : loaded 2 times (x 74B)
Class com.android.build.gradle.internal.lint.LintModelWriterTask$PerComponentCreationAction: loaded 2 times (x 90B)
Class com.android.build.gradle.internal.tasks.L8DexDesugarLibTask                     : loaded 2 times (x 337B)
Class com.android.build.gradle.internal.lint.LintTaskManager$createLintTasks$variantLintTask$1$1: loaded 2 times (x 75B)
Class org.jetbrains.kotlin.statistics.metrics.NumericalMetrics                        : loaded 2 times (x 80B)
Class org.jetbrains.kotlin.gradle.plugin.mpp.SyncLanguageSettingsWithKotlinExtensionSetupActionKt: loaded 2 times (x 71B)
Class org.jetbrains.kotlin.gradle.targets.CreateDefaultCompilationsSideEffectKt       : loaded 2 times (x 71B)
Class org.jetbrains.kotlin.gradle.plugin.diagnostics.checkers.KotlinSourceSetTreeDependsOnMismatchChecker: loaded 2 times (x 74B)
Class org.jetbrains.kotlin.gradle.dsl.PlatformSourceSetConventionsChecker             : loaded 2 times (x 74B)
Class org.jetbrains.kotlin.gradle.plugin.KotlinPluginLifecycleCoroutineContextElement : loaded 2 times (x 84B)
Class org.jetbrains.kotlin.gradle.tasks.abi.AbiToolsTask                              : loaded 2 times (x 318B)
Class org.jetbrains.kotlin.gradle.tasks.configuration.KaptGenerateStubsConfig$Companion$wireJavaAndKotlinOutputs$1: loaded 2 times (x 79B)
Class org.jetbrains.kotlin.gradle.plugin.mpp.publishing.PublishingKt$MultiplatformPublishingSetupAction$1: loaded 2 times (x 95B)
Class com.android.build.gradle.internal.dsl.AbstractPublishing$Type                   : loaded 2 times (x 79B)
Class build_cc7u0r9xiqyotfw234iubg8pg                                                 : loaded 2 times (x 172B)
Class build_auqe805o80i2dqhzvu4caq8tk$_run_closure1$_closure7                         : loaded 2 times (x 139B)
Class com.google.protobuf.gradle.ProtobufExtension$_closure2                          : loaded 2 times (x 135B)
Class com.google.protobuf.gradle.GenerateProtoTask$_compile_closure17                 : loaded 2 times (x 136B)
Class build_8plm564spnlwnxa85gbkxylp5$_run_closure1$_closure5$_closure7               : loaded 2 times (x 139B)
Class org.gradle.api.internal.DefaultClassPathProvider                                : loaded 2 times (x 76B)
Class com.google.common.collect.Iterators$PeekingImpl                                 : loaded 2 times (x 89B)
Class com.intellij.gradle.toolingExtension.impl.model.buildScriptClasspathModel.GradleBuildScriptClasspathSerializationService$ReadContext: loaded 2 times (x 72B)
Class com.amazon.ion.impl._Private_IonContainer                                       : loaded 2 times (x 70B)
Class com.amazon.ion.impl._Private_RecyclingQueue$ElementFactory                      : loaded 2 times (x 70B)
Class com.google.common.collect.Iterators$EmptyModifiableIterator                     : loaded 2 times (x 86B)
Class kotlinx.coroutines.EventLoop_commonKt                                           : loaded 2 times (x 71B)
Class org.gradle.tooling.internal.consumer.connection.HasCompatibilityMapping         : loaded 2 times (x 73B)
Class com.android.sdklib.repository.legacy.FileOp                                     : loaded 2 times (x 77B)
Class org.gradle.tooling.internal.consumer.connection.InternalBuildActionAdapter      : loaded 2 times (x 80B)
Class com.android.builder.model.v2.ide.SyncIssue$Companion                            : loaded 2 times (x 71B)
Class com.sun.xml.bind.v2.model.core.Element                                          : loaded 2 times (x 70B)
Class com.android.build.gradle.internal.ide.v2.ModelBuilder$DimensionInformation      : loaded 2 times (x 72B)
Class com.sun.xml.bind.v2.model.impl.DummyPropertyInfo                                : loaded 2 times (x 70B)
Class com.sun.xml.bind.IDResolver                                                     : loaded 2 times (x 75B)
Class com.android.sdklib.repository.generated.addon.v2.AddonDetailsType               : loaded 2 times (x 135B)
Class com.sun.xml.bind.v2.model.impl.Util                                             : loaded 2 times (x 71B)
Class [Lcom.sun.xml.bind.v2.model.core.PropertyKind;                                  : loaded 2 times (x 69B)
Class [Lcom.sun.xml.bind.v2.runtime.Location;                                         : loaded 2 times (x 69B)
Class com.sun.xml.bind.api.JAXBRIContext                                              : loaded 2 times (x 89B)
Class com.android.sdklib.repository.generated.addon.v3.package-info                   : loaded 2 times (x 70B)
Class com.android.build.gradle.internal.SdkLocator$SdkLocationSource                  : loaded 2 times (x 80B)
Class com.sun.xml.bind.v2.model.impl.AttributePropertyInfoImpl                        : loaded 2 times (x 124B)
Class com.sun.xml.bind.v2.model.impl.MapPropertyInfoImpl                              : loaded 2 times (x 119B)
Class org.jetbrains.plugins.gradle.model.GradleExtension                              : loaded 2 times (x 70B)
Class com.amazon.ion.impl.lite.IonDecimalLite                                         : loaded 2 times (x 188B)
Class com.amazon.ion.IonBufferConfiguration$Builder                                   : loaded 2 times (x 78B)
Class kotlin.jvm.internal.markers.KMappedMarker                                       : loaded 2 times (x 70B)
Class org.gradle.internal.installation.CurrentGradleInstallationLocator               : loaded 2 times (x 71B)
Class build_54vjew4mnz39xqxuwowix6y1y$_run_closure3                                   : loaded 2 times (x 139B)
Class build_6sr828pljhmgr29mbhobe64n5$_run_closure1$_closure6$_closure10              : loaded 2 times (x 139B)
Class build_5azyfdyxkabtfcovcytt5yxgu$_run_closure1$_closure5                         : loaded 2 times (x 139B)
Class build_54g6lnj77pksa32ekajrd11nd$_run_closure1                                   : loaded 2 times (x 139B)
Class com.sun.xml.bind.v2.model.impl.RuntimeMapPropertyInfoImpl                       : loaded 2 times (x 137B)
Class com.android.build.gradle.internal.lint.VariantInputs                            : loaded 2 times (x 104B)
Class com.android.build.gradle.internal.scope.BootClasspathBuilder$CacheKey           : loaded 2 times (x 72B)
Class com.android.build.gradle.internal.dsl.LibraryPublishingImpl$singleVariant$1     : loaded 2 times (x 79B)
Class org.jetbrains.kotlin.incremental.ClasspathChanges                               : loaded 2 times (x 71B)
Class com.android.build.gradle.internal.tasks.LintModelMetadataTask$CreationAction    : loaded 2 times (x 90B)
Class com.android.builder.dexing.R8OutputType                                         : loaded 2 times (x 79B)
Class com.android.build.gradle.internal.ide.v2.LibraryInfoImpl$Companion              : loaded 2 times (x 71B)
Class org.jetbrains.kotlin.gradle.tasks.KotlinCompile$createCompilerArguments$1$2$1   : loaded 2 times (x 79B)
Class org.jetbrains.kotlin.gradle.tasks.configuration.BaseKotlinCompileConfig$2       : loaded 2 times (x 79B)
Class org.jetbrains.kotlin.konan.target.KonanTarget$IOS_X64                           : loaded 2 times (x 78B)
Class org.jetbrains.kotlin.gradle.plugin.sources.android.KotlinAndroidSourceSetFactory$getOrCreateKotlinSourceSet$1: loaded 2 times (x 79B)
Class org.gradle.tooling.internal.consumer.converters.ConsumerTargetTypeProvider      : loaded 2 times (x 76B)
Class org.jetbrains.kotlin.gradle.utils.WhenEvaluatedKt                               : loaded 2 times (x 71B)
Class org.jetbrains.kotlin.gradle.targets.native.internal.AddKotlinPlatformIntegersSupportLibraryKt: loaded 2 times (x 71B)
Class com.microsoft.gradle.api.GradleProjectModel                                     : loaded 2 times (x 70B)
Class [Lcom.android.buildanalyzer.common.TaskCategoryIssue;                           : loaded 2 times (x 69B)
Class com.android.build.gradle.internal.lint.LintModelWriterTask                      : loaded 2 times (x 329B)
Class org.jetbrains.kotlin.statistics.metrics.BooleanOverridePolicy$OVERRIDE          : loaded 2 times (x 85B)
Class org.jetbrains.kotlin.statistics.metrics.BooleanAnonymizationPolicy              : loaded 2 times (x 85B)
Class org.jetbrains.kotlin.gradle.targets.CreateDefaultTestRunSideEffectKt            : loaded 2 times (x 71B)
Class org.jetbrains.kotlin.gradle.plugin.diagnostics.KotlinGradleProjectCheckersRunnerKt$launchKotlinGradleProjectCheckers$1$1: loaded 2 times (x 95B)
Class org.jetbrains.kotlin.gradle.plugin.diagnostics.checkers.AndroidSourceSetLayoutV1SourceSetsNotFoundChecker$runChecks$1: loaded 2 times (x 88B)
Class org.jetbrains.kotlin.gradle.plugin.diagnostics.checkers.AndroidPluginWithoutAndroidTargetChecker$runChecks$1: loaded 2 times (x 88B)
Class org.jetbrains.kotlin.gradle.tasks.configuration.KaptGenerateStubsConfig$Companion$configureUseModuleDetection$1: loaded 2 times (x 79B)
Class com.android.build.api.artifact.impl.ScopedArtifactsImpl$ScopedArtifactsOperationImpl$toFork$3: loaded 2 times (x 75B)
Class build_auqe805o80i2dqhzvu4caq8tk$_run_closure1$_closure6                         : loaded 2 times (x 139B)
Class com.google.protobuf.gradle.ProtobufExtension$_closure1                          : loaded 2 times (x 135B)
Class com.google.protobuf.gradle.GenerateProtoTask$_compile_closure16                 : loaded 2 times (x 136B)
Class com.google.protobuf.gradle.GenerateProtoTask$doneConfig$1                       : loaded 2 times (x 152B)
Class build_8phhmjghmh1urzp8ufghhdsk8$_run_closure1$_closure4                         : loaded 2 times (x 139B)
Class build_6kbhpc9qtdsduhdrvvm7rvj6i$_run_closure3                                   : loaded 2 times (x 139B)
Class kotlin.text.StringsKt__AppendableKt                                             : loaded 2 times (x 71B)
Class com.intellij.openapi.externalSystem.model.project.dependencies.DependencyNode   : loaded 2 times (x 70B)
Class com.amazon.ion.IonWriter                                                        : loaded 2 times (x 70B)
Class com.amazon.ion.impl.bin._Private_IonRawWriter                                   : loaded 2 times (x 70B)
Class com.amazon.ion.impl.bin.IonRawBinaryWriter$PreallocationMode                    : loaded 2 times (x 82B)
Class com.amazon.ion.util.InputStreamInterceptor                                      : loaded 2 times (x 70B)
Class com.amazon.ion.impl.lite.IonSystemLite                                          : loaded 2 times (x 275B)
Class org.objectweb.asm.tree.ClassNode                                                : loaded 2 times (x 91B)
Class kotlinx.coroutines.DebugKt                                                      : loaded 2 times (x 71B)
Class com.android.repository.impl.meta.PackageDisplayNameQualifier                    : loaded 2 times (x 70B)
Class com.android.repository.impl.generated.v2.LocalPackage                           : loaded 2 times (x 140B)
Class com.sun.xml.bind.v2.runtime.JAXBContextImpl$3                                   : loaded 2 times (x 74B)
Class com.sun.istack.Pool$Impl                                                        : loaded 2 times (x 77B)
Class com.sun.xml.bind.v2.model.impl.RuntimeClassInfoImpl                             : loaded 2 times (x 162B)
Class com.sun.xml.bind.v2.runtime.Transducer                                          : loaded 2 times (x 70B)
Class com.sun.xml.bind.v2.model.impl.RuntimeBuiltinLeafInfoImpl$StringImplImpl        : loaded 2 times (x 136B)
Class com.sun.xml.bind.v2.runtime.reflect.ListTransducedAccessorImpl                  : loaded 2 times (x 80B)
Class javax.xml.bind.PropertyException                                                : loaded 2 times (x 85B)
Class com.sun.xml.bind.v2.runtime.unmarshaller.TagName                                : loaded 2 times (x 75B)
Class com.android.build.gradle.internal.utils.DesugarConfigJson                       : loaded 2 times (x 78B)
Class com.android.build.gradle.internal.lint.AndroidLintTask$VariantCreationAction$Companion$registerLintIntermediateArtifacts$2: loaded 2 times (x 127B)
Class com.android.build.gradle.internal.scope.InternalMultipleArtifactType$LINT_VITAL_REPORT_LINT_MODEL: loaded 2 times (x 74B)
Class org.jetbrains.kotlin.konan.target.KonanTarget$ANDROID_ARM32                     : loaded 2 times (x 78B)
Class com.android.build.gradle.internal.lint.AndroidLintAnalysisTask$VariantCreationAction: loaded 2 times (x 92B)
Class com.android.build.api.artifact.impl.ScopedArtifactsImpl$ScopedArtifactsOperationImpl$toFork$2: loaded 2 times (x 75B)
Class com.android.build.gradle.internal.lint.BuildFeaturesInput                       : loaded 2 times (x 73B)
Class build_auqe805o80i2dqhzvu4caq8tk$_run_closure1$_closure5                         : loaded 2 times (x 139B)
Class com.google.protobuf.gradle.ProtobufPlugin$_addGenerateProtoTask_closure20$_closure39: loaded 2 times (x 136B)
Class com.android.build.gradle.internal.ide.dependencies.VariantKey                   : loaded 2 times (x 72B)
Class com.android.build.gradle.internal.dependency.VariantDependencies$Companion$getComponentFilter$2$1: loaded 2 times (x 75B)
Class com.google.protobuf.gradle.GenerateProtoTask$_compile_closure15                 : loaded 2 times (x 135B)
Class com.android.build.gradle.internal.ide.v2.VectorDrawableOptionsImpl              : loaded 2 times (x 76B)
Class org.jetbrains.kotlin.gradle.tasks.DefaultKotlinJavaToolchain$getToolsJarFromJvm$1: loaded 2 times (x 75B)
Class org.jetbrains.kotlin.build.report.metrics.GcMetrics                             : loaded 2 times (x 72B)
Class com.android.build.gradle.internal.scope.BootClasspathBuilder$computeAdditionalAndRequestedOptionalLibraries$1: loaded 2 times (x 79B)
Class com.android.repository.impl.generated.v2.RepositoryType                         : loaded 2 times (x 86B)
Class [Ljavax.xml.bind.annotation.XmlNs;                                              : loaded 2 times (x 69B)
Class kotlinx.coroutines.Empty                                                        : loaded 2 times (x 75B)
Class org.objectweb.asm.ClassReader                                                   : loaded 2 times (x 94B)
Class [Lcom.amazon.ion.impl.bin.IonRawBinaryWriter$ContainerType;                     : loaded 2 times (x 69B)
Class org.gradle.tooling.model.DomainObjectSet                                        : loaded 2 times (x 70B)
Class org.gradle.internal.service.DefaultServiceLocator                               : loaded 2 times (x 83B)
Class build_5azyfdyxkabtfcovcytt5yxgu$_run_closure1$_closure6$_closure8               : loaded 2 times (x 139B)
Class build_5azyfdyxkabtfcovcytt5yxgu$_run_closure1$_closure6                         : loaded 2 times (x 139B)
Class build_54g6lnj77pksa32ekajrd11nd$_run_closure1$_closure4$_closure5               : loaded 2 times (x 139B)
Class build_54g6lnj77pksa32ekajrd11nd$_run_closure2                                   : loaded 2 times (x 139B)
Class build_65kcrjteq7hc3eme107bfyeen$_run_closure1$_closure5$_closure7               : loaded 2 times (x 139B)
Class build_bf3qlynozrepzy52g1whshzme$_run_closure1$_closure9$_closure12$_closure14   : loaded 2 times (x 139B)
Class build_85u53m1d3qsy4n3kbdsghmp8c$_run_closure2$_closure12$_closure13             : loaded 2 times (x 139B)
Class com.google.protobuf.gradle.ProtobufExtension$GenerateProtoTaskCollection$_ofNonTest_closure5: loaded 2 times (x 135B)
Class build_6kbhpc9qtdsduhdrvvm7rvj6i$_run_closure2                                   : loaded 2 times (x 139B)
Class com.android.build.gradle.internal.lint.AndroidArtifactInput_Decorated           : loaded 2 times (x 159B)
Class com.android.build.gradle.internal.lint.KotlinCompilationWrapper                 : loaded 2 times (x 72B)
Class com.android.build.gradle.internal.dependency.ConfigurationVariantMapping        : loaded 2 times (x 75B)
Class build_45138zshy190hpetcgb732n9                                                  : loaded 2 times (x 172B)
Class build_3jrsyzc51tsedjay7ofn8thme$_run_closure3                                   : loaded 2 times (x 139B)
Class build_85usgstq4p3zrgvf1xxzxscgy                                                 : loaded 2 times (x 172B)
Class org.gradle.api.internal.classpath.EffectiveClassPath                            : loaded 2 times (x 90B)
Class kotlin.sequences.SequencesKt___SequencesKt$flatMap$2                            : loaded 2 times (x 125B)
Class org.jetbrains.kotlin.gradle.plugin.mpp.KotlinJvmAndroidCompilationFactory       : loaded 2 times (x 81B)
Class org.jetbrains.plugins.gradle.tooling.serialization.internal.IdeaProjectSerializationService: loaded 2 times (x 77B)
Class org.jetbrains.kotlin.gradle.plugin.diagnostics.checkers.WasmJsEnvironmentChecker: loaded 2 times (x 76B)
Class org.jetbrains.kotlin.gradle.plugin.diagnostics.checkers.AndroidPluginWithoutAndroidTargetChecker: loaded 2 times (x 74B)
Class org.jetbrains.kotlin.gradle.plugin.statistics.FlowActionBuildFusService$getConfigurationTimeMetrics$1: loaded 2 times (x 75B)
Class org.jetbrains.kotlin.gradle.plugin.statistics.SynchronizedMetricsContainer      : loaded 2 times (x 82B)
Class org.jetbrains.kotlin.statistics.metrics.NumberOverridePolicy                    : loaded 2 times (x 85B)
Class org.jetbrains.kotlin.statistics.metrics.StringAnonymizationPolicy$AllowedListAnonymizer$Companion: loaded 2 times (x 71B)
Class com.intellij.gradle.toolingExtension.model.repositoryModel.RepositoryModel      : loaded 2 times (x 70B)
Class org.jetbrains.kotlin.idea.projectModel.KotlinTaskProperties                     : loaded 2 times (x 70B)
Class org.jetbrains.kotlin.gradle.testing.internal.KotlinTestsRegistry                : loaded 2 times (x 72B)
Class com.android.sdklib.SdkVersionInfo                                               : loaded 2 times (x 71B)
Class com.android.sdklib.repository.meta.DetailsTypes$ApiDetailsType                  : loaded 2 times (x 70B)
Class com.android.repository.impl.meta.RemotePackageImpl$ChannelRef                   : loaded 2 times (x 73B)
Class com.sun.xml.bind.v2.runtime.JAXBContextImpl$2                                   : loaded 2 times (x 78B)
Class javax.xml.bind.annotation.XmlEnum                                               : loaded 2 times (x 70B)
Class com.sun.xml.bind.v2.runtime.reflect.Utils                                       : loaded 2 times (x 71B)
Class [Lcom.sun.xml.bind.v2.runtime.property.Property;                                : loaded 2 times (x 69B)
Class javax.xml.bind.DatatypeConverterInterface                                       : loaded 2 times (x 70B)
Class org.jetbrains.kotlin.build.report.metrics.BuildPerformanceMetrics               : loaded 2 times (x 72B)
Class com.android.build.gradle.internal.ide.dependencies.ArtifactUtils$resolveArtifacts$lintJars$1: loaded 2 times (x 78B)
Class com.android.build.gradle.internal.ide.dependencies.LocalJarCacheImpl$cache$1$jarFiles$1: loaded 2 times (x 74B)
Class com.android.build.gradle.internal.scope.InternalMultipleArtifactType$LINT_REPORT_LINT_MODEL: loaded 2 times (x 74B)
Class com.android.build.gradle.internal.lint.AndroidLintTask$VariantCreationAction$Companion$registerLintIntermediateArtifacts$1: loaded 2 times (x 127B)
Class org.jetbrains.kotlin.gradle.plugin.KotlinProjectSetupActionKt                   : loaded 2 times (x 71B)
Class org.jetbrains.kotlin.gradle.plugin.mpp.compilationImpl.KotlinCreateNativeCompileTasksSideEffectKt: loaded 2 times (x 71B)
Class org.jetbrains.kotlin.gradle.plugin.KotlinPluginLifecycleKt$await$1              : loaded 2 times (x 88B)
Class com.android.build.gradle.tasks.SourceJarTask$CreationAction                     : loaded 2 times (x 90B)
Class com.android.build.api.artifact.impl.ScopedArtifactsImpl$ScopedArtifactsOperationImpl$toFork$1: loaded 2 times (x 75B)
Class com.android.build.gradle.internal.coverage.JacocoPropertiesTask                 : loaded 2 times (x 326B)
Class com.android.build.gradle.internal.ide.dependencies.Level1RuntimeArtifactCollections: loaded 2 times (x 72B)
Class build_92hga93kpg7aqjtojbjhgkbwd                                                 : loaded 2 times (x 172B)
Class build_auqe805o80i2dqhzvu4caq8tk$_run_closure1$_closure4                         : loaded 2 times (x 139B)
Class com.google.gradle.osdetector.OsDetector                                         : loaded 2 times (x 79B)
Class com.google.protobuf.gradle.GenerateProtoTask$_compile_closure14                 : loaded 2 times (x 135B)
Class com.google.protobuf.gradle.ProtobufPlugin$_addGenerateProtoTask_closure20$_closure38: loaded 2 times (x 136B)
Class com.google.protobuf.gradle.GenerateProtoTask$PluginOptions_Decorated            : loaded 2 times (x 130B)
Class build_6kbhpc9qtdsduhdrvvm7rvj6i$_run_closure1                                   : loaded 2 times (x 139B)
Class build_3jrsyzc51tsedjay7ofn8thme$_run_closure2                                   : loaded 2 times (x 139B)
Class org.jetbrains.kotlin.gradle.plugin.KotlinCompilerArgumentsProducer$ArgumentType : loaded 2 times (x 79B)
Class org.gradle.internal.classloader.ClassLoaderVisitor                              : loaded 2 times (x 76B)
Class com.android.build.gradle.internal.ide.dependencies.LibraryCache                 : loaded 2 times (x 70B)
Class com.google.wireless.android.sdk.stats.AndroidStudioEvent$Builder                : loaded 2 times (x 1018B)
Class com.android.build.gradle.internal.dependency.AarToRClassTransform               : loaded 2 times (x 78B)
Class org.jetbrains.kotlin.gradle.tasks.configuration.BaseKotlinCompileConfig$1$1$1   : loaded 2 times (x 75B)
Class com.android.build.gradle.internal.ide.v2.ApiVersionImpl                         : loaded 2 times (x 76B)
Class org.jetbrains.kotlin.gradle.tasks.KotlinCompile$scriptExtensions$1              : loaded 2 times (x 79B)
Class org.jetbrains.kotlin.gradle.tasks.K2MultiplatformStructure$Fragment             : loaded 2 times (x 72B)
Class kotlin.collections.AbstractList$Companion                                       : loaded 2 times (x 71B)
Class com.android.build.gradle.internal.scope.BootClasspathBuilder$computeAdditionalAndRequestedOptionalLibraries$2: loaded 2 times (x 80B)
Class com.android.repository.impl.generated.v1.PatchesType                            : loaded 2 times (x 75B)
Class [Lcom.sun.xml.bind.v2.model.core.ID;                                            : loaded 2 times (x 69B)
Class javax.xml.bind.annotation.XmlAttribute                                          : loaded 2 times (x 70B)
Class com.android.sdklib.repository.generated.repository.v3.package-info              : loaded 2 times (x 70B)
Class com.android.build.gradle.internal.FileExistsValueSource$Params$Inject_          : loaded 2 times (x 106B)
Class com.google.common.collect.ComparisonChain$InactiveComparisonChain               : loaded 2 times (x 80B)
Class org.objectweb.asm.tree.JumpInsnNode                                             : loaded 2 times (x 79B)
Class jdk.internal.jrtfs.JrtDirectoryStream                                           : loaded 2 times (x 89B)
Class org.jetbrains.plugins.gradle.model.FilePatternSet                               : loaded 2 times (x 70B)
Class com.amazon.ion.impl.bin.utf8.Utf8StringEncoder$Result                           : loaded 2 times (x 74B)
Class com.amazon.ion.impl.bin.utf8.Pool$Allocator                                     : loaded 2 times (x 70B)
Class com.amazon.ion.IonText                                                          : loaded 2 times (x 70B)
Class com.amazon.ion.impl.SymbolTokenImpl                                             : loaded 2 times (x 81B)
Class com.amazon.ion.SubstituteSymbolTableException                                   : loaded 2 times (x 84B)
Class kotlin.coroutines.jvm.internal.SuspendFunction                                  : loaded 2 times (x 70B)
Class org.gradle.internal.installation.CurrentGradleInstallation                      : loaded 2 times (x 73B)
Class build_ay3gj9n4izvpq7evo2m6iquhi$_run_closure1$_closure4                         : loaded 2 times (x 139B)
Class build_44dy2wk5comphocv2k72ieosm                                                 : loaded 2 times (x 172B)
Class build_by6ddmbkhgkr5zix4cyq5diz4                                                 : loaded 2 times (x 172B)
Class build_54g6lnj77pksa32ekajrd11nd$_run_closure3                                   : loaded 2 times (x 139B)
Class build_b34an7tfzh7wo5vngfmr36czm$_run_closure1$_closure4$_closure5               : loaded 2 times (x 139B)
Class build_9fqrxezi900td8yr8aar060ds$_run_closure1$_closure5$_closure9               : loaded 2 times (x 139B)
Class com.google.protobuf.gradle.ProtobufExtension$GenerateProtoTaskCollection$all    : loaded 2 times (x 152B)
Class com.android.tools.lint.model.LintModelArtifact                                  : loaded 2 times (x 70B)
Class com.android.build.gradle.internal.lint.LintMode                                 : loaded 2 times (x 79B)
Class com.android.build.api.dsl.LibrarySingleVariant                                  : loaded 2 times (x 70B)
Class org.jetbrains.kotlin.gradle.plugin.mpp.InternalKotlinCompilationKt$awaitAllKotlinSourceSets$1: loaded 2 times (x 88B)
Class kotlin.sequences.SequencesKt___SequencesKt                                      : loaded 2 times (x 71B)
Class kotlin.text.MatcherMatchResult$groupValues$1                                    : loaded 2 times (x 198B)
Class com.amazon.ion.impl.bin.IonManagedBinaryWriter$ImportedSymbolResolverMode$2     : loaded 2 times (x 80B)
Class kotlinx.coroutines.CopyableThreadContextElement                                 : loaded 2 times (x 70B)
Class [Lcom.google.common.collect.AbstractIterator$State;                             : loaded 2 times (x 69B)
Class com.android.sdklib.repository.legacy.remote.internal.DownloadCache$Strategy     : loaded 2 times (x 79B)
Class com.sun.xml.bind.v2.runtime.JAXBContextImpl$1                                   : loaded 2 times (x 78B)
Class com.sun.xml.bind.v2.model.impl.TypeInfoImpl                                     : loaded 2 times (x 85B)
Class com.android.sdklib.repository.generated.sysimg.v4.SysImgDetailsType             : loaded 2 times (x 138B)
Class com.sun.xml.bind.v2.runtime.property.Utils$1                                    : loaded 2 times (x 77B)
Class org.jetbrains.kotlin.gradle.plugin.PropertiesProvider$kotlinCompilerArgumentsLogLevel$1: loaded 2 times (x 74B)
Class com.android.build.gradle.internal.ide.dependencies.StringCache                  : loaded 2 times (x 70B)
Class org.jetbrains.kotlin.gradle.plugin.CreateCompilerArgumentsContextImpl$ContributeCompilerArgumentsContextImpl: loaded 2 times (x 79B)
Class com.android.build.gradle.internal.ide.v2.ProjectSyncIssuesImpl                  : loaded 2 times (x 75B)
Class org.jetbrains.kotlin.statistics.metrics.StringAnonymizationPolicy               : loaded 2 times (x 78B)
Class org.jetbrains.kotlin.statistics.metrics.NumberAnonymizationPolicy               : loaded 2 times (x 85B)
Class org.jetbrains.kotlin.gradle.targets.js.npm.NpmDependencyExtensionKt             : loaded 2 times (x 71B)
Class org.jetbrains.kotlin.gradle.plugin.diagnostics.checkers.JsEnvironmentChecker    : loaded 2 times (x 76B)
Class org.jetbrains.kotlin.gradle.dsl.abi.ExperimentalAbiValidation                   : loaded 2 times (x 70B)
Class org.jetbrains.kotlin.gradle.internal.abi.ConfigsKt$configureLegacyTasks$2       : loaded 2 times (x 75B)
Class build_auqe805o80i2dqhzvu4caq8tk$_run_closure1$_closure3                         : loaded 2 times (x 139B)
Class build_b34an7tfzh7wo5vngfmr36czm$_run_closure1$_closure4                         : loaded 2 times (x 139B)
Class build_3jrsyzc51tsedjay7ofn8thme$_run_closure1                                   : loaded 2 times (x 139B)
Class build_alsmf1mgbrpjpxf67f2ibo2a2$_run_closure1$_closure6$_closure8               : loaded 2 times (x 139B)
Class org.gradle.internal.classloader.DefaultClassLoaderFactory                       : loaded 2 times (x 82B)
Class com.intellij.util.containers.IntObjectHashMap$ArrayProducer                     : loaded 2 times (x 70B)
Class com.amazon.ion.impl.bin.IonManagedBinaryWriter$ImportedSymbolResolverMode$1     : loaded 2 times (x 80B)
Class com.amazon.ion.impl.lite.IonSymbolLite                                          : loaded 2 times (x 246B)
Class [Lcom.amazon.ion.impl.bin.IonRawBinaryWriter$StreamCloseMode;                   : loaded 2 times (x 69B)
Class org.jetbrains.kotlin.idea.gradleTooling.AndroidAwareGradleModelProvider$Companion: loaded 2 times (x 71B)
Class kotlinx.coroutines.EventLoopImplPlatform                                        : loaded 2 times (x 108B)
Class kotlinx.coroutines.scheduling.SchedulerTimeSource                               : loaded 2 times (x 72B)
Class kotlinx.coroutines.scheduling.CoroutineScheduler                                : loaded 2 times (x 81B)
Class com.android.builder.model.v2.models.Versions$Companion                          : loaded 2 times (x 71B)
Class com.android.build.gradle.internal.SdkComponentsBuildService$VersionedSdkLoader$buildToolsRevisionProvider$1: loaded 2 times (x 75B)
Class com.android.build.gradle.internal.ide.dependencies.LibraryUtils                 : loaded 2 times (x 71B)
Class org.gradle.tooling.model.gradle.ProjectPublications                             : loaded 2 times (x 70B)
Class org.jetbrains.kotlin.gradle.tasks.KotlinCompilerExecutionStrategy               : loaded 2 times (x 79B)
Class com.android.build.gradle.internal.ide.v2.BasicVariantImpl$Companion             : loaded 2 times (x 71B)
Class com.android.build.gradle.internal.scope.BootClasspathBuilder$computeAdditionalAndRequestedOptionalLibraries$3: loaded 2 times (x 77B)
Class com.sun.xml.bind.v2.model.impl.TypeRefImpl                                      : loaded 2 times (x 87B)
Class com.android.repository.impl.meta.Archive                                        : loaded 2 times (x 84B)
Class com.android.repository.api.Dependency                                           : loaded 2 times (x 77B)
Class [Lcom.android.repository.api.SchemaModule;                                      : loaded 2 times (x 69B)
Class com.android.build.gradle.internal.utils.ConsoleProgressIndicatorFactory$IsTerminalSmartValueSource$Inject_: loaded 2 times (x 109B)
Class kotlinx.coroutines.scheduling.Task                                              : loaded 2 times (x 75B)
Class kotlinx.coroutines.BlockingCoroutine                                            : loaded 2 times (x 143B)
Class com.amazon.ion.impl.bin.IonManagedBinaryWriter$ImportDescriptor                 : loaded 2 times (x 76B)
Class com.amazon.ion.SymbolTable                                                      : loaded 2 times (x 70B)
Class org.jetbrains.plugins.gradle.javaModel.JavaGradleManifestModel                  : loaded 2 times (x 70B)
Class org.jetbrains.plugins.gradle.tooling.serialization.GradleExtensionsSerializationService$WriteContext: loaded 2 times (x 72B)
Class com.intellij.gradle.toolingExtension.impl.model.taskModel.GradleTaskSerialisationService$Companion: loaded 2 times (x 71B)
Class kotlin.jvm.internal.Ref$BooleanRef                                              : loaded 2 times (x 71B)
Class kotlin.jvm.internal.StringCompanionObject                                       : loaded 2 times (x 71B)
Class kotlin.coroutines.intrinsics.IntrinsicsKt__IntrinsicsJvmKt                      : loaded 2 times (x 71B)
Class kotlin.coroutines.jvm.internal.CoroutineStackFrame                              : loaded 2 times (x 70B)
Class org.gradle.tooling.internal.adapter.ProtocolToModelAdapter$MethodInvocationCache$MethodInvocationKey: loaded 2 times (x 73B)
Class org.gradle.util.internal.GUtil                                                  : loaded 2 times (x 71B)
Class build_ay3gj9n4izvpq7evo2m6iquhi$_run_closure1$_closure5                         : loaded 2 times (x 139B)
Class build_a2j7rkulzo52kpnaoaf05dms3$_run_closure1$_closure4$_closure6               : loaded 2 times (x 139B)
Class build_chw77xvkwtpwlxsf5hg5bz9ix$_run_closure1$_closure3$_closure4               : loaded 2 times (x 139B)
Class build_chw77xvkwtpwlxsf5hg5bz9ix$_run_closure1$_closure3                         : loaded 2 times (x 139B)
Class build_5wv5whvxheiikwkqulu34phck$_run_closure1$_closure4                         : loaded 2 times (x 139B)
Class build_3vj6i99vz7549bydt3dz7b6z1                                                 : loaded 2 times (x 172B)
Class com.google.protobuf.gradle.ProtobufPlugin$_doApply_closure8$_closure24          : loaded 2 times (x 135B)
Class com.android.build.gradle.internal.ide.dependencies.LibraryCacheImpl$WhenMappings: loaded 2 times (x 71B)
Class [Lorg.jetbrains.kotlin.compose.compiler.gradle.ComposeFeatureFlag;              : loaded 2 times (x 69B)
Class com.android.build.gradle.internal.ide.dependencies.ArtifactCollections          : loaded 2 times (x 72B)
Class [Lorg.jetbrains.kotlin.statistics.ValueAnonymizer;                              : loaded 2 times (x 69B)
Class org.jetbrains.kotlin.gradle.plugin.sources.android.KotlinAndroidSourceSetNaming : loaded 2 times (x 70B)
Class com.android.build.api.component.impl.OldVariantApiLegacySupportImpl$getJavaClasspathArtifacts$1: loaded 2 times (x 79B)
Class org.jetbrains.kotlin.gradle.plugin.mpp.InternalKotlinTargetKt$isSourcesPublishableFuture$2: loaded 2 times (x 95B)
Class org.jetbrains.kotlin.gradle.plugin.sources.DefaultKotlinSourceSet$MetadataDependencyTransformation: loaded 2 times (x 72B)
Class org.jetbrains.kotlin.gradle.internal.abi.ConfigsKt$configureLegacyTasks$1       : loaded 2 times (x 75B)
Class org.jetbrains.kotlin.gradle.dsl.IosSourceSetConventionChecker$runChecks$1       : loaded 2 times (x 88B)
Class org.jetbrains.kotlin.gradle.plugin.KotlinPluginLifecycle$ProjectConfigurationResult$Failure: loaded 2 times (x 72B)
Class org.jetbrains.kotlin.gradle.plugin.diagnostics.checkers.UnusedSourceSetsChecker : loaded 2 times (x 74B)
Class com.android.build.gradle.internal.api.ReadOnlyProductFlavor                     : loaded 2 times (x 161B)
Class org.jetbrains.kotlin.gradle.plugin.statistics.KotlinBuildStatsConfiguration$Companion: loaded 2 times (x 71B)
Class com.android.tools.lint.model.LintModelModule                                    : loaded 2 times (x 70B)
Class com.android.build.gradle.internal.lint.DependencyCaches                         : loaded 2 times (x 72B)
Class com.android.build.gradle.internal.lint.SourceProviderInput_Decorated            : loaded 2 times (x 157B)
Class build_65kcrjteq7hc3eme107bfyeen                                                 : loaded 2 times (x 172B)
Class build_7emjr1vw4u1n62mzt2v8ox26f$_run_closure3                                   : loaded 2 times (x 139B)
Class org.gradle.tooling.internal.adapter.MethodInvocation                            : loaded 2 times (x 85B)
Class kotlin.sequences.TransformingSequence                                           : loaded 2 times (x 75B)
Class com.intellij.util.ThrowableConsumer                                             : loaded 2 times (x 70B)
Class jdk.internal.jimage.decompressor.StringSharingDecompressorFactory               : loaded 2 times (x 74B)
Class kotlinx.coroutines.ChildHandle                                                  : loaded 2 times (x 70B)
Class kotlinx.coroutines.CoroutineScope                                               : loaded 2 times (x 70B)
Class javax.xml.bind.ContextFinder$1                                                  : loaded 2 times (x 73B)
Class com.sun.xml.bind.api.Bridge                                                     : loaded 2 times (x 85B)
Class com.android.buildanalyzer.common.TaskCategoryIssue$Severity                     : loaded 2 times (x 79B)
Class com.sun.xml.bind.v2.model.impl.RuntimeTypeInfoSetImpl                           : loaded 2 times (x 123B)
Class com.sun.xml.bind.v2.model.impl.Utils$1                                          : loaded 2 times (x 77B)
Class javax.xml.bind.annotation.XmlMimeType                                           : loaded 2 times (x 70B)
Class javax.xml.bind.annotation.adapters.CollapsedStringAdapter                       : loaded 2 times (x 75B)
Class com.sun.xml.bind.v2.runtime.unmarshaller.XmlVisitor                             : loaded 2 times (x 70B)
Class javax.xml.bind.UnmarshalException                                               : loaded 2 times (x 85B)
Class org.jetbrains.kotlin.gradle.tasks.CacheableTasksKt$cacheOnlyIfEnabledForKotlin$1: loaded 2 times (x 75B)
Class org.jetbrains.kotlin.gradle.tasks.AbstractKotlinCompile$compilerRunner$1        : loaded 2 times (x 75B)
Class com.android.build.gradle.internal.scope.ArtifactTypeUtil$getRegularFiles$1      : loaded 2 times (x 75B)
Class com.android.build.gradle.internal.ide.v2.VariantDependenciesAdjacencyListImpl   : loaded 2 times (x 83B)
Class com.android.build.gradle.internal.ide.v2.VariantDependenciesAdjacencyListImpl$Companion: loaded 2 times (x 71B)
Class org.gradle.tooling.internal.consumer.converters.IdeaModuleDependencyTargetNameMixin: loaded 2 times (x 73B)
Class [Lcom.android.build.gradle.internal.attribution.BuildAnalyzerConfiguratorService$State;: loaded 2 times (x 69B)
Class org.jetbrains.kotlin.gradle.plugin.statistics.KotlinBuildStatsBeanService$Companion$initStatsService$1: loaded 2 times (x 79B)
Class org.jetbrains.kotlin.statistics.metrics.StringOverridePolicy$OVERRIDE_VERSION_IF_NOT_SET: loaded 2 times (x 85B)
Class org.jetbrains.kotlin.gradle.plugin.KotlinGradlePluginExtensionPointInternal     : loaded 2 times (x 76B)
Class org.jetbrains.kotlin.gradle.plugin.KotlinPluginLifecycleImpl$WhenMappings       : loaded 2 times (x 71B)
Class org.jetbrains.kotlin.gradle.plugin.diagnostics.checkers.DeprecatedKotlinNativeTargetsChecker$runChecks$1: loaded 2 times (x 88B)
Class org.jetbrains.kotlin.gradle.plugin.KotlinPluginLifecycleImplKt                  : loaded 2 times (x 71B)
Class org.jetbrains.kotlin.konan.target.KonanTarget$WATCHOS_ARM32                     : loaded 2 times (x 78B)
Class build_cw0mxxge8puf1gz5jsb1z6mpo$_run_closure1$_closure5$_closure8               : loaded 2 times (x 139B)
Class com.android.build.gradle.internal.scope.BootClasspathBuilder$computeAdditionalAndRequestedOptionalLibraries$4: loaded 2 times (x 79B)
Class javax.xml.bind.UnmarshallerHandler                                              : loaded 2 times (x 70B)
Class com.android.sdklib.repository.generated.repository.v3.PlatformDetailsType       : loaded 2 times (x 120B)
Class com.sun.xml.bind.v2.model.core.Adapter                                          : loaded 2 times (x 72B)
Class com.sun.xml.bind.v2.model.impl.ClassInfoImpl$DuplicateException                 : loaded 2 times (x 82B)
Class [Ljavax.xml.bind.annotation.XmlAccessType;                                      : loaded 2 times (x 69B)
Class javax.xml.bind.annotation.XmlElementDecl                                        : loaded 2 times (x 70B)
Class com.android.repository.impl.generated.v2.CompleteType                           : loaded 2 times (x 84B)
Class com.android.repository.api.SchemaModule$SchemaModuleVersion                     : loaded 2 times (x 76B)
Class com.android.build.gradle.internal.PlatformToolsComponents$Companion             : loaded 2 times (x 71B)
Class com.android.build.gradle.internal.SdkComponentsBuildService$VersionedSdkLoader$sdkLoadStrategy$2$1$1: loaded 2 times (x 79B)
Class kotlinx.coroutines.internal.LockFreeTaskQueue                                   : loaded 2 times (x 72B)
Class kotlinx.coroutines.scheduling.DefaultScheduler                                  : loaded 2 times (x 109B)
Class kotlinx.coroutines.Dispatchers                                                  : loaded 2 times (x 71B)
Class com.google.common.io.ByteSource                                                 : loaded 2 times (x 84B)
Class [Lcom.amazon.ion.impl.bin.IonManagedBinaryWriter$SymbolState;                   : loaded 2 times (x 69B)
Class com.amazon.ion.impl._Private_IonWriterBase                                      : loaded 2 times (x 162B)
Class com.amazon.ion.system.IonSystemBuilder                                          : loaded 2 times (x 75B)
Class com.amazon.ion.IonCatalog                                                       : loaded 2 times (x 70B)
Class com.intellij.gradle.toolingExtension.impl.model.utilTurnOffDefaultTasksModel.TurnOffDefaultTasks: loaded 2 times (x 70B)
Class com.intellij.gradle.toolingExtension.impl.model.sourceSetModel.GradleSourceSetSerialisationService$SourceSetModelReadContext: loaded 2 times (x 72B)
Class kotlin.io.NoSuchFileException                                                   : loaded 2 times (x 82B)
Class kotlin.collections.CollectionsKt                                                : loaded 2 times (x 71B)
Class build_ay3gj9n4izvpq7evo2m6iquhi$_run_closure1$_closure6                         : loaded 2 times (x 139B)
Class build_eduhyel8b2lf2adh9y8447ow3$_run_closure1                                   : loaded 2 times (x 139B)
Class build_5wv5whvxheiikwkqulu34phck$_run_closure1$_closure5                         : loaded 2 times (x 139B)
Class build_45138zshy190hpetcgb732n9$_run_closure1                                    : loaded 2 times (x 139B)
Class build_alo5czfvr9bgbyvoloczajhrk                                                 : loaded 2 times (x 172B)
Class build_a6kys0t2ovmf08ycuug6b5khq                                                 : loaded 2 times (x 172B)
Class build_85u53m1d3qsy4n3kbdsghmp8c$_run_closure2$_closure12$_closure13$_closure14  : loaded 2 times (x 139B)
Class com.google.protobuf.gradle.ProtobufPlugin$_doApply_closure8$_closure25          : loaded 2 times (x 135B)
Class com.google.protobuf.gradle.CopyActionFacade                                     : loaded 2 times (x 70B)
Class build_cc7u0r9xiqyotfw234iubg8pg$_run_closure1$_closure9$_closure12              : loaded 2 times (x 139B)
Class com.android.build.gradle.internal.lint.JavaArtifactInput                        : loaded 2 times (x 90B)
Class org.jetbrains.kotlin.gradle.plugin.attributes.KlibPackaging                     : loaded 2 times (x 70B)
Class org.jetbrains.kotlin.gradle.plugin.mpp.KotlinTargetSoftwareComponentImplKt      : loaded 2 times (x 71B)
Class org.jetbrains.kotlin.gradle.plugin.KotlinProjectSetupActionKt$KotlinProjectSetupCoroutine$1$1: loaded 2 times (x 95B)
Class org.jetbrains.kotlin.gradle.plugin.mpp.KotlinJvmAndroidCompilation_Decorated    : loaded 2 times (x 247B)
Class org.jetbrains.kotlin.gradle.tasks.configuration.AbstractKotlinCompileConfig$2   : loaded 2 times (x 79B)
Class org.jetbrains.kotlin.gradle.internal.transforms.BuildToolsApiClasspathEntrySnapshotTransform: loaded 2 times (x 82B)
Class org.jetbrains.kotlin.gradle.internal.abi.AbiFiltersSpecImpl                     : loaded 2 times (x 86B)
Class org.jetbrains.kotlin.gradle.utils.GradleAttributesContainerUtilsKt$setAttributeProvider$1: loaded 2 times (x 75B)
Class org.jetbrains.kotlin.gradle.plugin.sources.android.configurator.KotlinAndroidSourceSetConfigurationWithCondition: loaded 2 times (x 76B)
Class com.android.build.gradle.internal.tasks.databinding.DataBindingGenBaseClassesTask: loaded 2 times (x 338B)
Class org.jetbrains.kotlin.gradle.internal.StdlibDependencyManagementKt$addStdlibDependency$1$1$1$1: loaded 2 times (x 75B)
Class com.android.build.gradle.tasks.AidlCompile$Companion                            : loaded 2 times (x 71B)
Class org.jetbrains.kotlin.statistics.fileloggers.MetricsContainer                    : loaded 2 times (x 77B)
Class com.google.protobuf.gradle.GenerateProtoTask$_getReleaseExecutableLocators_closure7: loaded 2 times (x 135B)
Class build_1e4rsgmzwhfdbusthbchkh4rg$_run_closure2$_closure7$_closure9               : loaded 2 times (x 139B)
Class build_ebx85kedrqbwr5ivbf60xf58v                                                 : loaded 2 times (x 172B)
Class build_7ge58nq9rpezpwjcdge17v52t$_run_closure1$_closure5$_closure7               : loaded 2 times (x 139B)
Class build_7emjr1vw4u1n62mzt2v8ox26f$_run_closure2                                   : loaded 2 times (x 139B)
Class com.android.build.gradle.internal.scope.InternalArtifactType$LINT_XML_REPORT    : loaded 2 times (x 74B)
Class kotlin.ranges.IntProgression$Companion                                          : loaded 2 times (x 71B)
Class org.jetbrains.plugins.gradle.model.GradleExtensions                             : loaded 2 times (x 70B)
Class org.jetbrains.plugins.gradle.model.AnnotationProcessingModel                    : loaded 2 times (x 70B)
Class com.amazon.ion.system.IonBinaryWriterBuilder                                    : loaded 2 times (x 99B)
Class com.amazon.ion.impl.bin.IonManagedBinaryWriter$UserState$4                      : loaded 2 times (x 85B)
Class org.jetbrains.plugins.gradle.model.UnresolvedExternalDependency                 : loaded 2 times (x 70B)
Class com.google.common.io.ByteArrayDataOutput                                        : loaded 2 times (x 70B)
Class org.objectweb.asm.tree.LocalVariableNode                                        : loaded 2 times (x 73B)
Class com.android.build.gradle.internal.SdkLibDataFactory                             : loaded 2 times (x 72B)
Class com.sun.xml.bind.api.CompositeStructure                                         : loaded 2 times (x 72B)
Class javax.xml.bind.annotation.XmlValue                                              : loaded 2 times (x 70B)
Class com.sun.xml.bind.v2.runtime.reflect.Accessor$2                                  : loaded 2 times (x 87B)
Class com.sun.xml.bind.v2.runtime.unmarshaller.DefaultValueLoaderDecorator            : loaded 2 times (x 78B)
Class org.jetbrains.kotlin.gradle.report.GradleBuildMetricsReporter                   : loaded 2 times (x 98B)
Class com.android.build.gradle.internal.core.dsl.impl.DslInfoUtilsKt$computeName$flavorName$1: loaded 2 times (x 127B)
Class org.jetbrains.kotlin.gradle.tasks.KotlinCompile$androidLayoutResources$1        : loaded 2 times (x 74B)
Class com.android.build.gradle.internal.tasks.R8Task$CreationAction$configure$1       : loaded 2 times (x 74B)
Class org.jetbrains.kotlin.gradle.plugin.statistics.FlowActionBuildFusService$Companion$registerIfAbsentImpl$1: loaded 2 times (x 75B)
Class org.jetbrains.kotlin.gradle.plugin.mpp.compilationImpl.KotlinCompilationSideEffect$Companion: loaded 2 times (x 71B)
Class org.jetbrains.kotlin.gradle.artifacts.KotlinNativeHostSpecificMetadataArtifactKt$KotlinNativeHostSpecificMetadataArtifact$1: loaded 2 times (x 74B)
Class org.jetbrains.kotlin.gradle.plugin.sources.android.AndroidBaseSourceSetName$AndroidTest: loaded 2 times (x 72B)
Class org.jetbrains.kotlin.gradle.plugin.KotlinAndroidPlugin$Companion$dynamicallyApplyWhenAndroidPluginIsApplied$3: loaded 2 times (x 75B)
Class org.jetbrains.kotlin.konan.target.KonanTarget$ANDROID_ARM64                     : loaded 2 times (x 78B)
Class org.jetbrains.kotlin.gradle.plugin.sources.KotlinDependencyScope                : loaded 2 times (x 79B)
Class com.android.build.api.component.impl.OldVariantApiLegacySupportImpl$getJavaClasspathArtifacts$1$testedAllClasses$1: loaded 2 times (x 79B)
Class org.jetbrains.kotlin.gradle.plugin.mpp.KotlinMetadataCompilation                : loaded 2 times (x 70B)
Class org.jetbrains.kotlin.gradle.plugin.mpp.KotlinAndroidTarget$createAndroidUsageContexts$filterOutAndroidVariantAttributes$1: loaded 2 times (x 79B)
Class org.jetbrains.kotlin.gradle.utils.FutureKt$future$1                             : loaded 2 times (x 95B)
Class com.android.build.gradle.internal.lint.AndroidLintAnalysisTask$VariantCreationAction$configure$1: loaded 2 times (x 79B)
Class com.google.protobuf.gradle.GenerateProtoTask$PluginOptions                      : loaded 2 times (x 96B)
Class build_7emjr1vw4u1n62mzt2v8ox26f$_run_closure1                                   : loaded 2 times (x 139B)
Class build_cw0mxxge8puf1gz5jsb1z6mpo$_run_closure1$_closure5$_closure9               : loaded 2 times (x 139B)
Class org.gradle.tooling.internal.consumer.converters.IncludedBuildsMixin             : loaded 2 times (x 74B)
Class org.gradle.api.internal.classpath.ManifestUtil                                  : loaded 2 times (x 71B)
Class org.gradle.tooling.model.build.GradleEnvironment                                : loaded 2 times (x 70B)
Class org.jetbrains.plugins.gradle.tooling.util.IntObjectMap$ObjectFactory            : loaded 2 times (x 70B)
Class com.amazon.ion.IonException                                                     : loaded 2 times (x 84B)
Class com.android.build.gradle.internal.ide.dependencies.Graph$AdjacencyList          : loaded 2 times (x 72B)
Class com.android.build.gradle.internal.ide.dependencies.ArtifactUtils$getArtifactsForModelBuilder$1: loaded 2 times (x 78B)
Class com.amazon.ion.util.GzipStreamInterceptor                                       : loaded 2 times (x 85B)
Class com.android.build.gradle.internal.ide.v2.VectorDrawableOptionsImpl$Companion    : loaded 2 times (x 71B)
Class com.android.build.gradle.internal.scope.BootClasspathBuilder$computeAdditionalAndRequestedOptionalLibraries$5: loaded 2 times (x 80B)
Class javax.xml.bind.annotation.DomHandler                                            : loaded 2 times (x 70B)
Class com.sun.xml.bind.v2.runtime.property.PropertyFactory                            : loaded 2 times (x 71B)
Class com.sun.xml.bind.v2.model.impl.ElementInfoImpl$PropertyImpl                     : loaded 2 times (x 133B)
Class javax.activation.DataSource                                                     : loaded 2 times (x 70B)
Class com.sun.xml.bind.v2.model.runtime.RuntimeBuiltinLeafInfo                        : loaded 2 times (x 70B)
Class com.android.sdklib.repository.generated.sysimg.v4.package-info                  : loaded 2 times (x 70B)
Class com.android.sdklib.repository.meta.DetailsTypes$ExtraDetailsType                : loaded 2 times (x 70B)
Class com.android.build.gradle.internal.SdkComponentsBuildService$VersionedSdkLoader$aidlFrameworkProvider$1: loaded 2 times (x 75B)
Class com.android.build.gradle.internal.SdkComponentsBuildService$VersionedSdkLoader$androidJarProvider$1: loaded 2 times (x 75B)
Class org.gradle.kotlin.dsl.CompileOnlyConfigurationAccessorsKt                       : loaded 2 times (x 71B)
Class kotlinx.coroutines.intrinsics.CancellableKt                                     : loaded 2 times (x 71B)
Class org.objectweb.asm.Context                                                       : loaded 2 times (x 72B)
Class org.objectweb.asm.tree.TypeAnnotationNode                                       : loaded 2 times (x 81B)
Class com.intellij.gradle.toolingExtension.impl.model.sourceSetModel.GradleSourceSetSerialisationService$SourceSetModelWriteContext: loaded 2 times (x 72B)
Class kotlin.ranges.IntProgressionIterator                                            : loaded 2 times (x 82B)
Class kotlin.coroutines.CoroutineContext                                              : loaded 2 times (x 70B)
Class kotlin.coroutines.jvm.internal.DebugProbesKt                                    : loaded 2 times (x 71B)
Class org.gradle.internal.installation.GradleInstallation                             : loaded 2 times (x 75B)
Class build_ay3gj9n4izvpq7evo2m6iquhi$_run_closure1$_closure7                         : loaded 2 times (x 139B)
Class build_eduhyel8b2lf2adh9y8447ow3$_run_closure2                                   : loaded 2 times (x 139B)
Class build_3jrsyzc51tsedjay7ofn8thme$_run_closure1$_closure8$_closure11              : loaded 2 times (x 139B)
Class build_45138zshy190hpetcgb732n9$_run_closure2                                    : loaded 2 times (x 139B)
Class build_a6kys0t2ovmf08ycuug6b5khq$_run_closure1                                   : loaded 2 times (x 139B)
Class build_bf3qlynozrepzy52g1whshzme                                                 : loaded 2 times (x 172B)
Class kr.motd.maven.os.SystemPropertyOperationProvider                                : loaded 2 times (x 70B)
Class build_auqe805o80i2dqhzvu4caq8tk                                                 : loaded 2 times (x 172B)
Class com.amazon.ion.impl.bin.IonManagedBinaryWriter$UserState$3                      : loaded 2 times (x 85B)
Class com.android.build.gradle.internal.dependency.JacocoTransform$Params_Decorated   : loaded 2 times (x 136B)
Class org.objectweb.asm.tree.FieldInsnNode                                            : loaded 2 times (x 79B)
Class com.android.build.gradle.internal.SdkParsingUtilsKt                             : loaded 2 times (x 71B)
Class com.android.sdklib.repository.generated.repository.v1.LayoutlibType             : loaded 2 times (x 74B)
Class org.jetbrains.kotlin.gradle.plugin.sources.android.SingleTargetKotlinAndroidSourceSetNaming: loaded 2 times (x 75B)
Class com.sun.xml.bind.v2.runtime.reflect.Accessor$1                                  : loaded 2 times (x 85B)
Class org.jetbrains.kotlin.statistics.metrics.BooleanMetrics$Companion                : loaded 2 times (x 71B)
Class com.sun.xml.bind.v2.runtime.property.SingleReferenceNodeProperty                : loaded 2 times (x 102B)
Class com.sun.xml.bind.v2.runtime.unmarshaller.StructureLoader$1                      : loaded 2 times (x 71B)
Class com.android.sdklib.IAndroidTarget                                               : loaded 2 times (x 70B)
Class com.android.build.gradle.internal.ide.v2.ViewBindingOptionsImpl$Companion       : loaded 2 times (x 71B)
Class com.android.build.gradle.internal.ide.dependencies.StringCacheImpl              : loaded 2 times (x 75B)
Class com.android.build.gradle.internal.ide.v2.SyncIssueImpl                          : loaded 2 times (x 79B)
Class com.android.build.gradle.internal.lint.AndroidLintAnalysisTask$Companion        : loaded 2 times (x 71B)
Class org.jetbrains.kotlin.statistics.metrics.StringAnonymizationPolicy$AllowedListAnonymizer: loaded 2 times (x 79B)
Class com.android.build.api.component.impl.OldVariantApiLegacySupportImpl$getJavaClasspathArtifacts$extraArtifact$1: loaded 2 times (x 79B)
Class org.jetbrains.kotlin.gradle.plugin.mpp.compilationImpl.KotlinCompilationAssociatorKt: loaded 2 times (x 71B)
Class com.android.build.gradle.internal.lint.AndroidArtifactInput                     : loaded 2 times (x 94B)
Class build_5azyfdyxkabtfcovcytt5yxgu$_run_closure3                                   : loaded 2 times (x 139B)
Class build_ay3gj9n4izvpq7evo2m6iquhi$_run_closure1$_closure6$_closure10              : loaded 2 times (x 139B)
Class org.gradle.internal.classloader.ClassLoaderHierarchy                            : loaded 2 times (x 70B)
Class kotlin.collections.CollectionsKt__ReversedViewsKt                               : loaded 2 times (x 71B)
Class kotlin.sequences.SequencesKt__SequenceBuilderKt                                 : loaded 2 times (x 71B)
Class kotlin.io.FilesKt__FileTreeWalkKt                                               : loaded 2 times (x 71B)
Class kotlin.jvm.internal.CollectionToArray                                           : loaded 2 times (x 71B)
Class kotlin.sequences.FilteringSequence$iterator$1                                   : loaded 2 times (x 79B)
Class com.intellij.gradle.toolingExtension.impl.model.sourceSetModel.GradleSourceSetSerialisationService$Companion: loaded 2 times (x 71B)
Class com.amazon.ion.impl._Private_IonValue                                           : loaded 2 times (x 70B)
Class com.amazon.ion.impl.bin.IonManagedBinaryWriter$UserState$2                      : loaded 2 times (x 85B)
Class jdk.internal.jimage.BasicImageReader                                            : loaded 2 times (x 95B)
Class com.google.common.io.FileWriteMode                                              : loaded 2 times (x 79B)
Class com.google.common.collect.SortedSetMultimap                                     : loaded 2 times (x 70B)
Class kotlinx.coroutines.BuildersKt                                                   : loaded 2 times (x 71B)
Class kotlinx.coroutines.internal.ThreadContextKt                                     : loaded 2 times (x 71B)
Class com.android.sdklib.repository.meta.DetailsTypes$PlatformDetailsType$LayoutlibType: loaded 2 times (x 73B)
Class com.android.sdklib.util.CacheByCanonicalPath                                    : loaded 2 times (x 72B)
Class com.android.repository.impl.generated.v1.ObjectFactory                          : loaded 2 times (x 107B)
Class com.sun.xml.bind.v2.model.impl.ArrayInfoImpl                                    : loaded 2 times (x 98B)
Class com.sun.xml.bind.v2.model.impl.ModelBuilder$1                                   : loaded 2 times (x 76B)
Class com.android.buildanalyzer.common.AndroidGradlePluginAttributionData$TaskInfo    : loaded 2 times (x 72B)
Class com.sun.xml.bind.v2.runtime.property.Utils                                      : loaded 2 times (x 71B)
Class com.android.build.gradle.internal.ide.v2.AndroidArtifactImpl$Companion          : loaded 2 times (x 71B)
Class com.android.build.api.variant.MultiOutputHandler                                : loaded 2 times (x 70B)
Class com.android.build.gradle.internal.ide.v2.GlobalSyncService$Inject_              : loaded 2 times (x 100B)
Class com.microsoft.gradle.api.GradleMethod                                           : loaded 2 times (x 70B)
Class org.gradle.tooling.internal.adapter.ProtocolToModelAdapter$2                    : loaded 2 times (x 78B)
Class org.gradle.tooling.model.gradle.BasicGradleProject                              : loaded 2 times (x 70B)
Class org.jetbrains.kotlin.gradle.tasks.KotlinCompile$createCompilerArguments$1       : loaded 2 times (x 79B)
Class [Lorg.jetbrains.kotlin.gradle.plugin.KotlinCompilerArgumentsProducer$ArgumentType;: loaded 2 times (x 69B)
Class com.android.build.gradle.internal.ide.dependencies.LocalJarCacheImpl$cache$1    : loaded 2 times (x 74B)
Class com.android.build.gradle.internal.ide.dependencies.LibraryCacheImpl             : loaded 2 times (x 75B)
Class org.jetbrains.kotlin.gradle.dsl.KotlinJvmCompile$DefaultImpls                   : loaded 2 times (x 71B)
Class com.android.build.gradle.internal.scope.BootClasspathBuilder$computeAdditionalAndRequestedOptionalLibraries$6: loaded 2 times (x 77B)
Class com.android.sdklib.repository.targets.PlatformTarget$1                          : loaded 2 times (x 75B)
Class com.sun.xml.bind.v2.ClassFactory$1                                              : loaded 2 times (x 83B)
Class com.sun.xml.bind.v2.runtime.property.ArrayElementNodeProperty                   : loaded 2 times (x 105B)
Class com.sun.xml.bind.v2.model.annotation.XmlElementRefQuick                         : loaded 2 times (x 94B)
Class com.sun.xml.bind.v2.runtime.JaxBeanInfo                                         : loaded 2 times (x 89B)
Class com.android.repository.impl.meta.GenericFactory                                 : loaded 2 times (x 72B)
Class com.android.build.gradle.internal.SdkComponentsBuildService$VersionedSdkLoader$sdkSetupCorrectly$1: loaded 2 times (x 75B)
Class com.google.common.collect.ForwardingCollection                                  : loaded 2 times (x 130B)
Class ijJvmDebugger2_4pjm9q9cfsyp8rqoz0djir1sb$_run_closure1                          : loaded 2 times (x 139B)
Class jdk.internal.jimage.decompressor.ResourceDecompressor$StringsProvider           : loaded 2 times (x 70B)
Class com.amazon.ion.impl._Private_RecyclingQueue$Recycler                            : loaded 2 times (x 70B)
Class com.amazon.ion.impl.lite.ContainerlessContext                                   : loaded 2 times (x 80B)
Class org.jetbrains.plugins.gradle.tooling.serialization.GradleExtensionsSerializationService$ReadContext: loaded 2 times (x 72B)
Class build_ay3gj9n4izvpq7evo2m6iquhi$_run_closure1$_closure8                         : loaded 2 times (x 139B)
Class build_eduhyel8b2lf2adh9y8447ow3$_run_closure3                                   : loaded 2 times (x 139B)
Class build_45138zshy190hpetcgb732n9$_run_closure3                                    : loaded 2 times (x 139B)
Class build_a6kys0t2ovmf08ycuug6b5khq$_run_closure2                                   : loaded 2 times (x 139B)
Class com.android.build.gradle.internal.ProductFlavorData                             : loaded 2 times (x 72B)
Class com.android.build.gradle.internal.services.LintParallelBuildService             : loaded 2 times (x 75B)
Class com.android.ide.common.build.GenericBuiltArtifactsSplitOutputMatcher$computeBestArtifact$match$1: loaded 2 times (x 90B)
Class org.jetbrains.kotlin.gradle.targets.native.KotilnNativeConfigureBinariesSideEffectKt: loaded 2 times (x 71B)
Class com.android.build.gradle.internal.dependency.ArtifactCollectionWithExtraArtifact$ExtraArtifactType: loaded 2 times (x 79B)
Class org.jetbrains.kotlin.gradle.plugin.mpp.KotlinJvmCompilation                     : loaded 2 times (x 200B)
Class org.jetbrains.kotlin.gradle.targets.ConfigureNonPackedKlibConsumingSideEffectKt : loaded 2 times (x 71B)
Class org.jetbrains.kotlin.konan.target.KonanTarget$WATCHOS_ARM64                     : loaded 2 times (x 78B)
Class org.jetbrains.kotlin.gradle.plugin.diagnostics.checkers.MissingNativeStdlibChecker: loaded 2 times (x 74B)
Class org.jetbrains.kotlin.gradle.plugin.diagnostics.checkers.OverriddenKotlinNativeHomeChecker: loaded 2 times (x 74B)
Class org.jetbrains.kotlin.gradle.artifacts.KotlinJvmJarArtifactKt$KotlinJvmJarArtifact$1: loaded 2 times (x 74B)
Class org.jetbrains.kotlin.gradle.targets.native.SetupEmbedAndSignAppleFrameworkTaskSideEffectKt: loaded 2 times (x 71B)
Class org.jetbrains.kotlin.gradle.plugin.KotlinProjectSetupActionKt$KotlinProjectSetupCoroutine$1: loaded 2 times (x 75B)
Class org.jetbrains.kotlin.gradle.targets.js.npm.NpmDependencyExtensionKt$defaultNpmDependencyDelegate$1: loaded 2 times (x 167B)
Class org.jetbrains.kotlin.gradle.plugin.KotlinPluginLifecycleImpl$launch$coroutine$1 : loaded 2 times (x 76B)
Class org.jetbrains.kotlin.gradle.internal.KotlinDomApiDependencyManagementKt         : loaded 2 times (x 71B)
Class org.jetbrains.kotlin.gradle.plugin.mpp.AbstractKotlinNativeCompilation          : loaded 2 times (x 192B)
Class org.jetbrains.kotlin.gradle.plugin.abi.AbiValidationTaskSet$addSingleJvmTarget$1: loaded 2 times (x 75B)
Class org.jetbrains.kotlin.gradle.tasks.CInteropProcess                               : loaded 2 times (x 344B)
Class org.jetbrains.kotlin.gradle.plugin.mpp.KotlinVariantWithCoordinates             : loaded 2 times (x 108B)
Class com.android.build.gradle.internal.TaskManager$createAnchorTasks$2               : loaded 2 times (x 75B)
Class build_8plm564spnlwnxa85gbkxylp5                                                 : loaded 2 times (x 172B)
Class build_a2j7rkulzo52kpnaoaf05dms3                                                 : loaded 2 times (x 172B)
Class build_5azyfdyxkabtfcovcytt5yxgu$_run_closure2                                   : loaded 2 times (x 139B)
Class org.gradle.internal.classloader.FilteringClassLoader                            : loaded 2 times (x 105B)
Class kotlin.NotImplementedError                                                      : loaded 2 times (x 82B)
Class kotlin.sequences.FlatteningSequence                                             : loaded 2 times (x 75B)
Class kotlin.text.MatcherMatchResult                                                  : loaded 2 times (x 80B)
Class kotlin.text.MatchGroupCollection                                                : loaded 2 times (x 70B)
Class kotlin.text.StringsKt__StringsKt                                                : loaded 2 times (x 71B)
Class com.android.ide.gradle.model.dependencies.DeclaredDependencies                  : loaded 2 times (x 70B)
Class org.jetbrains.plugins.gradle.tooling.serialization.internal.IdeaProjectSerializationService$ReadContext: loaded 2 times (x 72B)
Class com.amazon.ion.impl.bin.IonManagedBinaryWriter$UserState$1                      : loaded 2 times (x 85B)
Class kotlinx.coroutines.internal.ResizableAtomicArray                                : loaded 2 times (x 72B)
Class com.android.build.gradle.internal.SdkComponentsBuildService$VersionedSdkLoader$annotationsJarProvider$1: loaded 2 times (x 75B)
Class com.android.sdklib.repository.generated.addon.v3.LibrariesType                  : loaded 2 times (x 75B)
Class com.sun.xml.bind.api.RawAccessor                                                : loaded 2 times (x 73B)
Class com.sun.xml.bind.v2.model.impl.ClassInfoImpl                                    : loaded 2 times (x 137B)
Class com.sun.xml.bind.v2.model.impl.RuntimeBuiltinLeafInfoImpl$StringImpl            : loaded 2 times (x 134B)
Class com.sun.xml.bind.v2.model.impl.PropertySeed                                     : loaded 2 times (x 70B)
Class org.jetbrains.kotlin.gradle.plugin.KotlinCompilerArgumentsProducer$ContributeCompilerArgumentsContext: loaded 2 times (x 70B)
Class org.jetbrains.kotlin.gradle.plugin.PropertiesProvider$booleanPropertyWithDeprecatedValues$1: loaded 2 times (x 78B)
Class org.jetbrains.kotlin.gradle.fus.internal.SynchronizedConfigurationMetrics$Companion: loaded 2 times (x 71B)
Class org.jetbrains.kotlin.gradle.plugin.diagnostics.checkers.AndroidPublicationNotConfiguredChecker: loaded 2 times (x 74B)
Class org.jetbrains.kotlin.gradle.utils.Completable$await$1                           : loaded 2 times (x 88B)
Class com.android.build.gradle.internal.DependencyResolutionChecksKt$registerDependencyCheck$4: loaded 2 times (x 75B)
Class org.jetbrains.kotlin.gradle.internal.abi.AbiValidationLegacyDumpExtensionImpl_Decorated: loaded 2 times (x 127B)
Class org.jetbrains.kotlin.gradle.targets.js.ir.KotlinJsIrCompilation                 : loaded 2 times (x 203B)
Class build_a6kys0t2ovmf08ycuug6b5khq$_run_closure3                                   : loaded 2 times (x 139B)
Class build_alo5czfvr9bgbyvoloczajhrk$_run_closure2$_closure9                         : loaded 2 times (x 139B)
Class build_gb6umu5mkhumuu2x638bhcru$_run_closure1$_closure5$_closure7                : loaded 2 times (x 139B)
Class org.gradle.tooling.UnsupportedVersionException                                  : loaded 2 times (x 83B)
Class org.gradle.tooling.BuildAction                                                  : loaded 2 times (x 70B)
Class com.google.wireless.android.sdk.stats.GradleTransformExecutionOrBuilder         : loaded 2 times (x 70B)
Class com.android.build.gradle.tasks.JavaCompileKt$recordAnnotationProcessors$1       : loaded 2 times (x 75B)
Class org.jetbrains.kotlin.gradle.plugin.KotlinProjectSetupAction$Companion           : loaded 2 times (x 71B)
Class com.sun.xml.bind.v2.runtime.unmarshaller.LeafPropertyLoader                     : loaded 2 times (x 78B)
Class com.sun.xml.bind.v2.model.impl.RuntimeTypeRefImpl                               : loaded 2 times (x 96B)
Class com.sun.xml.bind.v2.model.core.ReferencePropertyInfo                            : loaded 2 times (x 70B)
Class com.sun.xml.bind.v2.model.annotation.XmlTypeQuick                               : loaded 2 times (x 95B)
Class com.android.build.gradle.internal.SdkComponentsBuildService$VersionedSdkLoader$aidlExecutableProvider$1: loaded 2 times (x 75B)
Class kotlinx.coroutines.ExecutorCoroutineDispatcher$Key                              : loaded 2 times (x 72B)
Class kotlinx.coroutines.JobSupportKt                                                 : loaded 2 times (x 71B)
Class gnu.trove.PrimeFinder                                                           : loaded 2 times (x 71B)
Class com.amazon.ion.UnexpectedEofException                                           : loaded 2 times (x 84B)
Class com.amazon.ion.IonSexp                                                          : loaded 2 times (x 70B)
Class com.amazon.ion.ReadOnlyValueException                                           : loaded 2 times (x 84B)
Class com.amazon.ion.impl._Private_LocalSymbolTable                                   : loaded 2 times (x 70B)
Class com.amazon.ion.BufferConfiguration$DataHandler                                  : loaded 2 times (x 70B)
Class com.amazon.ion.impl._Private_IonBinaryWriterBuilder                             : loaded 2 times (x 115B)
Class org.jetbrains.plugins.gradle.tooling.serialization.RepositoriesModelSerializationService$WriteContext: loaded 2 times (x 72B)
Class ijInit2_1k9gzm8zq79pdk07h009ovyri$_run_closure1                                 : loaded 2 times (x 140B)
Class com.android.ide.gradle.model.LegacyAndroidGradlePluginProperties                : loaded 2 times (x 70B)
Class kotlin.ranges.IntProgression                                                    : loaded 2 times (x 81B)
Class kotlin.jvm.KotlinReflectionNotSupportedError                                    : loaded 2 times (x 82B)
Class org.gradle.tooling.model.gradle.GradleScript                                    : loaded 2 times (x 70B)

---------------  S Y S T E M  ---------------

OS:
 Windows 11 , 64 bit Build 26100 (10.0.26100.7705)
OS uptime: 6 days 23:22 hours
Hyper-V role detected

CPU: total 16 (initial active 16) (16 cores per cpu, 2 threads per core) family 25 model 68 stepping 1 microcode 0xa404102, cx8, cmov, fxsr, ht, mmx, 3dnowpref, sse, sse2, sse3, ssse3, sse4a, sse4.1, sse4.2, popcnt, lzcnt, tsc, tscinvbit, avx, avx2, aes, erms, clmul, bmi1, bmi2, adx, sha, fma, vzeroupper, clflush, clflushopt, hv, rdtscp, rdpid, fsrm, f16c, cet_ss
Processor Information for processor 0
  Max Mhz: 3201, Current Mhz: 1989, Mhz Limit: 3201
Processor Information for processor 1
  Max Mhz: 3201, Current Mhz: 1989, Mhz Limit: 3201
Processor Information for processor 2
  Max Mhz: 3201, Current Mhz: 1989, Mhz Limit: 3201
Processor Information for processor 3
  Max Mhz: 3201, Current Mhz: 1989, Mhz Limit: 3201
Processor Information for processor 4
  Max Mhz: 3201, Current Mhz: 1989, Mhz Limit: 3201
Processor Information for processor 5
  Max Mhz: 3201, Current Mhz: 1989, Mhz Limit: 3201
Processor Information for processor 6
  Max Mhz: 3201, Current Mhz: 2508, Mhz Limit: 3201
Processor Information for processor 7
  Max Mhz: 3201, Current Mhz: 2508, Mhz Limit: 3201
Processor Information for processor 8
  Max Mhz: 3201, Current Mhz: 1989, Mhz Limit: 3201
Processor Information for processor 9
  Max Mhz: 3201, Current Mhz: 1989, Mhz Limit: 3201
Processor Information for processor 10
  Max Mhz: 3201, Current Mhz: 1989, Mhz Limit: 3201
Processor Information for processor 11
  Max Mhz: 3201, Current Mhz: 1989, Mhz Limit: 3201
Processor Information for processor 12
  Max Mhz: 3201, Current Mhz: 1989, Mhz Limit: 3201
Processor Information for processor 13
  Max Mhz: 3201, Current Mhz: 1989, Mhz Limit: 3201
Processor Information for processor 14
  Max Mhz: 3201, Current Mhz: 1989, Mhz Limit: 3201
Processor Information for processor 15
  Max Mhz: 3201, Current Mhz: 1989, Mhz Limit: 3201

Memory: 4k page, system-wide physical 15628M (845M free)
TotalPageFile size 62732M (AvailPageFile size 4M)
current process WorkingSet (physical memory assigned to process): 1854M, peak: 2273M
current process commit charge ("private bytes"): 2828M, peak: 2852M

vm_info: OpenJDK 64-Bit Server VM (21.0.9+-14787801-b1163.94) for windows-amd64 JRE (21.0.9+-14787801-b1163.94), built on 2026-01-27T21:15:44Z by "builder" with MS VC++ 16.10 / 16.11 (VS2019)

END.
